Date,Close,UpDown,Comp,Change,Open,High,Low,Volume,Amount,MarCap
2016-01-04,677.79,2,-4.56,-0.0067,686.41,691.56,677.79,502708668,3118308272650,200359428080338.0
2016-01-05,684.07,1,6.28,0.0093,670.45,684.07,670.44,741686515,3293186009887,202228765484262.0
2016-01-06,687.27,1,3.2,0.0046999999999999,687.0,689.11,675.48,747614089,4133372498792,203143710250397.0
2016-01-07,679.66,2,-7.61,-0.0111,687.5,690.65,675.01,692146349,3794254457836,200982807557119.0
2016-01-08,682.56,1,2.9,0.0043,668.03,682.56,662.28,710747718,3716144526510,201840685217029.0
2016-01-11,674.96,2,-7.6,-0.0111,681.62,685.64,674.1,586439281,3434485383685,199699504836446.0
2016-01-12,671.3,2,-3.66,-0.0054,679.1,682.26,671.23,575161845,3286232171905,198604780740592.0
2016-01-13,686.03,1,14.73,0.0219,677.35,686.03,677.35,729671258,3496826636498,202924051706035.0
2016-01-14,683.19,2,-2.84,-0.0040999999999999,675.86,683.49,674.29,561165505,3791939940015,202171389875592.0
2016-01-15,678.43,2,-4.76,-0.0069999999999999,693.07,693.55,676.53,595825729,4169538263342,200243502812471.0
2016-01-18,683.63,1,5.2,0.0077,671.96,683.87,671.96,542383179,3528248904017,201722532656210.0
2016-01-19,681.25,2,-2.38,-0.0034999999999999,683.22,685.2,674.93,605473841,3830314809037,201059629801573.0
2016-01-20,669.68,2,-11.57,-0.017,684.69,685.62,659.72,752779372,4502418517385,197671035549621.0
2016-01-21,665.84,2,-3.84,-0.0056999999999999,671.37,673.84,661.23,578090972,3316288217963,196566773911990.0
2016-01-22,670.95,1,5.11,0.0077,672.13,673.72,662.81,552166983,3435884141607,198137340798078.0
2016-01-25,681.43,1,10.48,0.0156,677.14,681.85,675.24,463151541,3081393747403,201143233172856.0
2016-01-26,678.85,2,-2.58,-0.0038,679.1,682.4,677.29,526894044,3165020005607,200399694787909.0
2016-01-27,675.25,2,-3.6,-0.0053,683.75,684.84,673.21,636704486,3620240750460,199404118848155.0
2016-01-28,681.29,1,6.04,0.0089,675.56,681.52,672.66,601859355,2971116852374,201414715755585.0
2016-01-29,682.8,1,1.51,0.0022,683.76,683.76,677.07,579437976,2976471415350,201893441224233.0
2016-02-01,685.55,1,2.75,0.004,687.65,688.15,681.9,450234444,2877134283471,202751412126012.0
2016-02-02,684.86,2,-0.69,-0.001,685.68,686.97,683.14,553697935,3227800441490,202629411158487.0
2016-02-03,680.94,2,-3.92,-0.0056999999999999,681.95,684.16,676.74,488886253,3027803359531,201665618237177.0
2016-02-04,683.62,1,2.68,0.0039,683.57,684.71,678.47,536980182,3077586845960,202468701740429.0
2016-02-05,681.31,2,-2.31,-0.0034,683.43,684.43,680.2,511581394,2848688388451,201836763959233.0
2016-02-11,647.69,2,-33.62,-0.0493,665.7,666.99,647.68,526061828,3621623322383,191835390735716.0
2016-02-12,608.45,2,-39.24,-0.0605999999999999,639.33,640.93,594.75,731130199,5547618727702,180761975233869.0
2016-02-15,621.37,1,12.92,0.0212,617.06,621.73,609.31,544902018,3133867109119,184932704357235.0
2016-02-16,634.95,1,13.58,0.0219,626.85,635.99,626.85,493954964,2762492782787,188993733437481.0
2016-02-17,623.49,2,-11.46,-0.018,637.25,638.97,623.13,520293139,3068672806215,185614059670545.0
2016-02-18,638.43,1,14.94,0.024,633.44,638.43,633.29,492297709,3130869803773,190043171423637.0
2016-02-19,644.56,1,6.13,0.0096,638.8,645.02,637.12,445694811,2844942839456,191944683897454.0
2016-02-22,650.14,1,5.58,0.0087,646.35,651.13,644.15,527930315,2820727274859,193624540517240.0
2016-02-23,642.31,2,-7.83,-0.012,655.08,655.22,641.56,686743419,3493429324452,191405226578018.0
2016-02-24,643.98,1,1.67,0.0026,640.75,647.39,639.54,583838148,2912916288431,191920075820312.0
2016-02-25,646.27,1,2.29,0.0036,648.58,650.58,644.06,570045936,3027162017586,192601249658713.0
2016-02-26,649.3,1,3.03,0.0046999999999999,649.33,651.09,647.03,459522905,2617452834577,193501619052559.0
2016-02-29,651.62,1,2.32,0.0036,652.26,652.87,648.07,575177067,2840395445396,194503175833245.0
2016-03-02,662.25,1,10.63,0.0163,658.95,662.31,658.64,518358873,3046318770210,197221155589331.0
2016-03-03,669.01,1,6.76,0.0102,664.94,669.1,660.79,543364980,3511320598147,199206573021686.0
2016-03-04,673.84,1,4.83,0.0072,670.44,674.69,668.99,531822645,3108748866921,200803302526904.0
2016-03-07,672.21,2,-1.63,-0.0024,677.31,678.95,671.34,546253743,3297914998673,200443146808661.0
2016-03-08,674.32,1,2.11,0.0031,675.07,677.06,666.3,554620606,3164635560064,201121325178893.0
2016-03-09,679.64,1,5.32,0.0079,673.93,680.53,673.62,452101117,2778909575187,202734136929858.0
2016-03-10,687.6,1,7.96,0.0116999999999999,682.3,687.6,682.3,534796425,3037026000397,205103319258401.0
2016-03-11,689.17,1,1.57,0.0023,686.33,689.52,686.09,506073424,2795418487674,205746540277091.0
2016-03-14,691.05,1,1.88,0.0027,693.06,696.11,691.05,475200283,2721636756330,206319881023763.0
2016-03-15,693.34,1,2.29,0.0033,692.78,697.91,692.61,571458388,2882463401964,207056810809008.0
2016-03-16,693.44,1,0.1,0.0001,694.45,699.71,691.99,594124092,3011466103417,207067819612441.0
2016-03-17,691.49,2,-1.95,-0.0028,698.77,699.76,691.32,632358460,2978871212435,206510380155232.0
2016-03-18,695.02,1,3.53,0.0051,694.86,695.59,692.42,699036775,3218180674340,207526129794431.0
2016-03-21,692.42,2,-2.6,-0.0037,698.59,698.88,691.55,638842759,3185516865380,206842940295511.0
2016-03-22,691.51,2,-0.91,-0.0013,694.27,694.96,689.8,679122150,3315504682424,206614887518036.0
2016-03-23,689.39,2,-2.12,-0.0031,692.56,693.47,689.39,705679417,3573922613563,205963627015904.0
2016-03-24,686.26,2,-3.13,-0.0045,689.87,691.03,686.11,678668956,3230763674760,205566802751303.0
2016-03-25,683.2,2,-3.06,-0.0045,688.3,688.81,682.78,657651489,3077034780567,204695934100533.0
2016-03-28,676.51,2,-6.69,-0.0098,685.06,685.46,676.28,648968959,3085375828067,202696257782690.0
2016-03-29,686.5,1,9.99,0.0148,678.75,686.5,678.72,666721312,3128887902376,205683876385928.0
2016-03-30,691.13,1,4.63,0.0067,690.85,692.17,690.04,697647559,3069167959581,207041425763479.0
2016-03-31,688.38,2,-2.75,-0.004,693.02,693.13,687.09,642655005,2950887490086,206228111765617.0
2016-04-01,690.69,1,2.31,0.0034,690.18,694.98,689.05,556932155,3007010775814,207568333770180.0
2016-04-04,696.98,1,6.29,0.0091,693.8,697.0,692.73,551841652,2991870090517,209481127061927.0
2016-04-05,695.7,2,-1.28,-0.0018,698.3,698.3,693.05,584185930,3068679252321,209179913724288.0
2016-04-06,694.03,2,-1.67,-0.0024,697.11,697.11,692.82,642746724,3524920477364,208857261882362.0
2016-04-07,697.13,1,3.1,0.0045,696.91,697.73,695.48,690091064,3848784247993,209861266438439.0
2016-04-08,697.1,2,-0.03,0.0,696.47,697.28,695.05,631389233,3449096254675,209911968557005.0
2016-04-11,693.01,2,-4.09,-0.0059,700.04,700.36,693.01,558306763,3229932941791,209131882396879.0
2016-04-12,693.45,1,0.44,0.0006,693.8,695.22,691.52,635356867,3347781446651,209369862719143.0
2016-04-14,693.42,2,-0.03,0.0,698.03,698.26,691.65,704045679,3568672178988,209333944804641.0
2016-04-15,695.62,1,2.2,0.0032,696.37,697.0,693.8,693550896,3354214009626,210494667268953.0
2016-04-18,695.34,2,-0.28,-0.0004,695.78,695.98,693.0,706820492,3462651757388,210518737277980.0
2016-04-19,701.68,1,6.34,0.0091,697.31,701.8,696.22,684129382,3271996656273,212498253563692.0
2016-04-20,699.86,2,-1.82,-0.0026,703.55,704.44,699.85,737253565,3536182747237,211945677849465.0
2016-04-21,701.62,1,1.76,0.0025,702.21,702.32,698.39,834145131,3998594798226,212449387706108.0
2016-04-22,703.05,1,1.43,0.002,702.9,703.89,700.98,702674662,3571875421657,213030097922329.0
2016-04-25,703.7,1,0.65,0.0009,705.37,705.44,702.42,700182372,3364067339560,213238400055185.0
2016-04-26,702.06,2,-1.64,-0.0023,705.51,705.51,700.76,778244413,3978110036440,212982945281368.0
2016-04-27,699.52,2,-2.54,-0.0036,704.42,704.59,699.41,757028297,3646256936301,212204227844142.0
2016-04-28,699.7,1,0.18,0.0003,702.04,703.95,699.68,665296218,3440698934796,212460530968105.0
2016-04-29,699.77,1,0.07,0.0001,699.89,700.14,695.82,645841870,3169360197107,212583256702601.0
2016-05-02,690.27,2,-9.5,-0.0136,700.43,700.74,690.27,681217654,3480704645093,209811690242376.0
2016-05-03,698.66,1,8.39,0.0121999999999999,693.67,699.24,693.67,819117824,3605485587077,212307209934055.0
2016-05-04,694.17,2,-4.49,-0.0064,698.02,698.3,693.25,826617426,3599505343728,210962624886568.0
2016-05-09,691.82,2,-2.35,-0.0034,696.66,697.14,690.85,630395900,2969279753968,210297007621861.0
2016-05-10,700.23,1,8.41,0.0121999999999999,693.47,700.53,693.44,569990676,2901843517393,212899239171738.0
2016-05-11,703.94,1,3.71,0.0053,704.32,704.53,701.29,637890868,3059529662102,214084714684045.0
2016-05-12,705.04,1,1.1,0.0016,702.46,706.49,699.87,614184965,2855535916284,214418910802310.0
2016-05-13,704.37,2,-0.67,-0.001,705.85,705.92,703.65,617569343,3102347100967,214352901587286.0
2016-05-16,701.46,2,-2.91,-0.0040999999999999,705.03,705.04,701.25,660228050,3324942309780,213357535725149.0
2016-05-17,695.95,2,-5.51,-0.0079,703.08,703.24,693.07,712245714,3739187681806,211692464246042.0
2016-05-18,683.87,2,-12.08,-0.0174,694.9,694.9,683.81,697233344,3557688215292,208036763800289.0
2016-05-19,679.39,2,-4.48,-0.0066,685.36,686.61,678.48,748917645,3908993555006,206690149673220.0
2016-05-20,684.92,1,5.53,0.0081,679.65,686.44,679.65,798547501,3687981545478,208388122721649.0
2016-05-23,691.0,1,6.08,0.0089,688.87,691.68,688.53,727504225,3690156627676,210235619762315.0
2016-05-24,687.71,2,-3.29,-0.0048,691.92,692.05,686.87,901404414,4376138304161,209242881255479.0
2016-05-25,689.33,1,1.62,0.0024,693.65,693.65,688.0,1000695722,4876317662603,209750793973996.0
2016-05-26,687.94,2,-1.39,-0.002,691.9,692.64,686.62,831820181,3749234161516,209360981855519.0
2016-05-27,691.54,1,3.6,0.0052,689.96,692.02,688.81,710884089,3193525744862,210497903800405.0
2016-05-30,692.06,1,0.52,0.0008,694.0,694.34,689.93,689069928,3217176271040,210649087368666.0
2016-05-31,698.45,1,6.39,0.0092,692.82,698.45,691.93,672759080,3063226829538,212688321282384.0
2016-06-01,700.03,1,1.58,0.0023,699.49,700.63,698.76,711427496,3209928619719,213319572784303.0
2016-06-02,701.15,1,1.12,0.0016,702.26,702.41,699.06,853814980,3833062680492,213683528091893.0
2016-06-03,701.43,1,0.28,0.0004,703.44,703.5,698.79,889694899,3879069441519,213853426090655.0
2016-06-07,704.77,1,3.34,0.0048,703.82,705.82,703.55,774258086,3407876434543,214882863140578.0
2016-06-08,703.99,2,-0.78,-0.0011,705.69,705.69,702.39,826054655,3977957696534,214744011159931.0
2016-06-09,705.08,1,1.09,0.0015,706.32,707.81,696.53,1162842417,4717678138835,215165470556687.0
2016-06-10,706.81,1,1.73,0.0025,705.31,707.11,703.55,989963457,3795962786493,215446056741867.0
2016-06-13,695.61,2,-11.2,-0.0158,702.58,702.58,695.61,820569310,3493014728597,212075338227530.0
2016-06-14,692.94,2,-2.67,-0.0038,693.6,697.24,687.56,810201893,3483840762433,211209527673336.0
2016-06-15,694.66,1,1.72,0.0025,693.24,696.79,687.68,869155268,3422215770552,211686785273826.0
2016-06-16,680.25,2,-14.41,-0.0207,697.27,697.63,677.82,1175529703,4582875870860,207297006107113.0
2016-06-17,678.86,2,-1.39,-0.002,685.15,687.22,674.82,1246032316,3893489171184,206904292948075.0
2016-06-20,688.95,1,10.09,0.0149,682.91,689.11,682.91,1009272612,3059384285085,210020252815915.0
2016-06-21,688.55,2,-0.4,-0.0006,691.54,691.85,685.35,952806821,3514685363148,209947448094646.0
2016-06-22,688.18,2,-0.37,-0.0005,689.27,690.63,688.18,998581770,3575725392261,209915087532238.0
2016-06-23,679.52,2,-8.66,-0.0126,686.36,686.45,674.04,1028573759,3736482019395,208675058144580.0
2016-06-24,647.16,2,-32.36,-0.0475999999999999,687.4,688.12,631.18,1590723889,6690026718879,198763676459729.0
2016-06-27,648.12,1,0.96,0.0015,629.21,650.61,626.99,1008445543,3790918711480,199074418084648.0
2016-06-28,659.3,1,11.18,0.0172,643.06,660.03,641.17,1090598826,3925415700967,202589497245942.0
2016-06-29,669.88,1,10.58,0.016,666.73,672.11,664.69,926789969,4042287244871,205975164604352.0
2016-06-30,675.09,1,5.21,0.0078,675.4,676.53,673.11,940043335,4265199911507,208073212111913.0
2016-07-01,684.26,1,9.17,0.0136,679.21,684.82,679.21,880662707,3851911886019,210921161643968.0
2016-07-04,688.15,1,3.89,0.0056999999999999,688.0,688.2,685.27,975931792,4382678954006,212162002800792.0
2016-07-05,692.73,1,4.58,0.0067,690.11,692.8,687.0,913007309,4070040871733,213598613764162.0
2016-07-06,685.51,2,-7.22,-0.0104,691.42,692.88,680.32,1218182429,4504316219132,211455199291614.0
2016-07-07,695.95,1,10.44,0.0152,689.91,696.18,689.91,989522839,4362052062468,214961741114983.0
2016-07-08,692.6,2,-3.35,-0.0048,698.61,698.69,688.81,860522566,4191883334527,213955145694426.0
2016-07-11,697.25,1,4.65,0.0067,695.46,697.26,692.75,669144585,3570355524209,214294551003312.0
2016-07-12,699.4,1,2.15,0.0031,700.09,700.82,696.38,772827488,3956201680951,214949104031768.0
2016-07-13,702.65,1,3.25,0.0046,703.53,704.69,702.04,1062808465,4349013898967,215930900123832.0
2016-07-14,703.34,1,0.69,0.001,704.13,704.13,699.03,1096375513,4613341367973,216704938297451.0
2016-07-15,700.28,2,-3.06,-0.0044,706.21,706.21,699.24,1125943363,4900172293947,212486953710080.0
2016-07-18,700.9,1,0.62,0.0009,701.95,702.17,698.69,897997392,4095412987700,213040680215013.0
2016-07-19,702.44,1,1.54,0.0022,703.41,703.98,700.83,1056536171,4146806287963,213459300238792.0
2016-07-20,705.03,1,2.59,0.0037,704.02,705.35,703.2,922397945,4160948403707,214232882153382.0
2016-07-21,708.12,1,3.09,0.0044,708.7,709.89,707.82,959598550,4478980035773,215182248102035.0
2016-07-22,707.54,2,-0.58,-0.0008,708.89,708.89,706.16,1134377567,3999528401130,215045963773727.0
2016-07-25,704.96,2,-2.58,-0.0036,710.21,710.42,704.83,896609400,3483612945493,214509900008203.0
2016-07-26,705.4,1,0.44,0.0006,705.8,705.99,702.98,1006777486,3631141480053,214703253190575.0
2016-07-27,701.09,2,-4.31,-0.0060999999999999,707.27,708.1,700.94,774187297,3575913756644,213481458336804.0
2016-07-28,703.78,1,2.69,0.0038,702.94,705.23,701.16,789211104,3616722512369,214432269515194.0
2016-07-29,706.24,1,2.46,0.0034999999999999,705.39,706.83,705.13,757888502,3733955171448,215411091409469.0
2016-08-01,703.72,2,-2.52,-0.0036,708.84,708.94,703.72,693868879,3743915711895,214781703835380.0
2016-08-02,700.9,2,-2.82,-0.004,704.25,704.56,700.32,725684669,4146005698163,213966509303490.0
2016-08-03,698.32,2,-2.58,-0.0037,700.4,700.43,694.88,738010223,3681023690783,213201776890622.0
2016-08-04,701.67,1,3.35,0.0048,701.2,703.72,700.95,687558392,4145188690333,214222490517849.0
2016-08-05,696.09,2,-5.58,-0.008,703.87,704.03,694.49,638355652,4079237633016,212542253657525.0
2016-08-08,696.43,1,0.34,0.0005,698.67,698.8,694.36,588308394,3429138183938,212974662209304.0
2016-08-09,700.73,1,4.3,0.0062,697.86,701.93,697.42,638758275,3830644748695,214305311608658.0
2016-08-10,707.46,1,6.73,0.0096,703.74,707.94,702.39,662931157,4040920561919,216711388847433.0
2016-08-11,703.33,2,-4.13,-0.0058,709.3,709.67,702.56,708247530,3839415569774,215498022401830.0
2016-08-12,705.18,1,1.85,0.0026,705.22,705.5,702.87,698279020,3490485600673,216025071626039.0
2016-08-16,698.87,2,-6.31,-0.0089,706.4,706.4,698.87,567645024,3216862823280,214166632020643.0
2016-08-17,693.67,2,-5.2,-0.0074,697.98,698.02,688.14,641491946,3588714571108,212601560708073.0
2016-08-18,696.93,1,3.26,0.0046999999999999,696.94,697.65,695.13,624443783,3835433325256,213809305426359.0
2016-08-19,696.2,2,-0.73,-0.001,698.87,699.05,695.87,544258624,3134271129076,213750005771937.0
2016-08-22,688.15,2,-8.05,-0.0116,697.5,697.54,688.15,628969632,3385510886936,211434548524089.0
2016-08-23,687.38,2,-0.77,-0.0011,688.68,692.19,687.37,663723302,3289628213789,211204325642985.0
2016-08-24,687.78,1,0.4,0.0006,689.86,690.44,687.61,650945990,3310824730722,211520989914438.0
2016-08-25,683.96,2,-3.82,-0.0056,688.8,688.99,683.83,645689803,3055822057356,210349210845902.0
2016-08-26,680.43,2,-3.53,-0.0052,684.92,684.92,679.26,727821510,2780918742019,209246452296341.0
2016-08-29,663.58,2,-16.85,-0.0248,679.16,679.17,663.53,723160191,3389463182383,204354519368057.0
2016-08-30,667.61,1,4.03,0.0060999999999999,667.2,671.49,665.6,591651067,2689655217413,205589924784276.0
2016-08-31,663.69,2,-3.92,-0.0059,668.63,669.05,656.21,610792277,2807769617423,204357048682419.0
2016-09-01,671.29,1,7.6,0.0115,664.33,671.37,663.86,649755865,2661060197570,206744122377601.0
2016-09-02,676.91,1,5.62,0.0084,673.16,677.16,670.96,582986086,2652020842163,208534098589236.0
2016-09-05,679.49,1,2.58,0.0038,680.02,681.14,678.48,557777934,2604898682829,209349093303480.0
2016-09-06,679.26,2,-0.23,-0.0003,681.14,681.52,677.86,746491797,3204258372286,209456841409357.0
2016-09-07,672.49,2,-6.77,-0.01,681.01,681.89,672.49,691587957,3337794516062,207445246044058.0
2016-09-08,667.4,2,-5.09,-0.0076,673.6,675.15,660.84,914880178,5217463962601,205865770080389.0
2016-09-09,664.99,2,-2.41,-0.0036,667.46,667.46,659.67,747606376,4262697721723,205064528518256.0
2016-09-12,652.91,2,-12.08,-0.0182,654.49,660.4,652.91,772569455,3997615840004,201296099780179.0
2016-09-13,660.15,1,7.24,0.0111,659.48,661.06,657.03,623129267,3140434697191,203766472569240.0
2016-09-19,666.64,1,6.49,0.0098,661.81,666.76,661.81,713220034,3123477025435,205800706742684.0
2016-09-20,674.51,1,7.87,0.0118,667.16,674.71,666.77,731448834,3332415316180,208324124716584.0
2016-09-21,678.28,1,3.77,0.0056,676.56,678.36,675.7,893913606,3672581083958,209522139491409.0
2016-09-22,685.24,1,6.96,0.0103,682.94,685.87,682.18,946750944,4322949000523,211683921006229.0
2016-09-23,688.59,1,3.35,0.0049,687.16,688.99,685.29,793549851,3805279678366,212810850849965.0
2016-09-26,686.76,2,-1.83,-0.0027,688.89,690.57,686.75,774551326,4137229406569,212230012242529.0
2016-09-27,687.99,1,1.23,0.0018,685.15,688.11,683.29,720806486,3636802951954,212645075702477.0
2016-09-28,686.76,2,-1.23,-0.0018,689.6,690.16,686.76,642945510,3322269463611,212271690699776.0
2016-09-29,689.83,1,3.07,0.0045,689.34,690.44,688.43,743926252,3461035651192,213012629421766.0
2016-09-30,681.21,2,-8.62,-0.0125,688.49,688.49,680.1,680609713,3616459088154,210365032801493.0
2016-10-04,685.88,1,4.67,0.0069,682.32,686.8,681.28,533484406,2880342836452,211777283389474.0
2016-10-05,685.44,2,-0.44,-0.0006,686.03,687.33,684.37,587031983,2975826750101,211980461026105.0
2016-10-06,684.33,2,-1.11,-0.0016,686.69,687.93,684.14,640765041,3160881956272,211858467508582.0
2016-10-07,675.9,2,-8.43,-0.0123,685.96,686.24,675.6,702659508,3483690015158,209242887255686.0
2016-10-10,674.74,2,-1.16,-0.0017,676.02,678.7,674.08,643588124,2948557934338,209059485414315.0
2016-10-11,670.64,2,-4.1,-0.0060999999999999,676.09,677.29,669.22,644487775,3339940831352,207907336421897.0
2016-10-12,669.95,2,-0.69,-0.001,668.09,672.12,667.91,594000269,3089117958577,208136314550714.0
2016-10-13,663.09,2,-6.86,-0.0102,671.69,671.8,663.0,599632554,2929550530908,205950170520354.0
2016-10-14,664.92,1,1.83,0.0028,664.43,666.04,663.51,608381911,3024702603144,206649201111054.0
2016-10-17,659.83,2,-5.09,-0.0077,666.26,666.28,659.14,512031017,2867552078938,205270279111292.0
2016-10-18,660.29,1,0.46,0.0007,660.58,662.34,658.54,524440695,2734218926881,205504561193506.0
2016-10-19,661.26,1,0.97,0.0015,662.46,664.23,660.63,527731735,2595466214504,205882180274936.0
2016-10-20,655.68,2,-5.58,-0.0084,663.06,663.49,655.02,555912325,2948687120372,204215872295479.0
2016-10-21,651.77,2,-3.91,-0.006,656.02,656.99,651.37,506792788,2934596023736,203064564553931.0
2016-10-24,647.88,2,-3.89,-0.006,654.01,654.8,647.34,561056625,2966835016852,201900056797387.0
2016-10-25,640.17,2,-7.71,-0.0118999999999999,648.4,649.02,636.4,629440089,3537845998270,200205162181785.0
2016-10-26,635.51,2,-4.66,-0.0073,638.07,639.0,626.66,729252024,3852799797653,198833100262810.0
2016-10-27,648.57,1,13.06,0.0206,636.47,648.66,636.47,468342725,2707855346853,202854877515007.0
2016-10-28,640.17,2,-8.4,-0.013,648.9,648.93,640.16,505758880,3039325840465,200600538542879.0
2016-10-31,624.68,2,-15.49,-0.0242,638.62,638.62,623.37,558279425,2932503224403,195998815000617.0
2016-11-01,626.38,1,1.7,0.0027,621.69,631.2,621.69,595629825,2799839695393,196466379281385.0
2016-11-02,606.06,2,-20.32,-0.0324,624.46,624.58,606.04,632691047,3257412533432,190051212929500.0
2016-11-03,609.99,1,3.93,0.0065,602.33,613.57,602.31,494003153,2672801204624,191446614070109.0
2016-11-04,610.82,1,0.83,0.0014,610.07,611.76,605.78,505825101,2487793973323,192024639886053.0
2016-11-07,622.17,1,11.35,0.0186,614.93,622.17,614.93,530276652,2503591777845,195676005579059.0
2016-11-08,624.19,1,2.02,0.0032,626.39,626.5,621.35,534251686,2570313846859,196439105337995.0
2016-11-09,599.74,2,-24.45,-0.0392,626.53,627.02,581.64,1068029058,5786937045167,189251122831244.0
2016-11-10,623.23,1,23.49,0.0392,615.16,623.23,614.86,624344675,3531485627828,196773944560064.0
2016-11-11,621.89,2,-1.34,-0.0022,622.45,625.46,618.38,515274260,2669396179799,196317095895640.0
2016-11-14,621.23,2,-0.66,-0.0011,622.6,623.01,620.38,478285010,2500173191974,196188833040714.0
2016-11-15,617.43,2,-3.8,-0.0060999999999999,621.82,623.2,616.53,532454012,3231803428440,195139951102736.0
2016-11-16,627.83,1,10.4,0.0168,620.81,627.83,620.81,601586139,2855148269579,198541154791622.0
2016-11-17,627.76,2,-0.07,-0.0001,629.05,629.08,624.52,666420363,2792226187372,198631259018828.0
2016-11-18,620.26,2,-7.5,-0.0118999999999999,628.72,628.72,619.58,619858576,2668134374780,196158535330109.0
2016-11-21,609.33,2,-10.93,-0.0176,618.63,618.63,609.1,628630039,2664866421933,192789219401183.0
2016-11-22,610.74,1,1.41,0.0023,612.42,614.79,608.67,649049095,2648580116740,193199727204497.0
2016-11-23,600.29,2,-10.45,-0.0171,612.36,612.41,599.89,622217440,2883929449500,189866212133480.0
2016-11-24,592.65,2,-7.64,-0.0127,600.49,603.13,590.49,603323620,2959032907406,187610163516292.0
2016-11-25,597.82,1,5.17,0.0087,592.6,597.87,591.17,535635547,2476117876019,189248650076823.0
2016-11-28,593.05,2,-4.77,-0.008,599.41,600.13,593.05,551353410,2554825205154,188025731260641.0
2016-11-29,596.07,1,3.02,0.0051,592.55,597.29,590.84,802667405,3341550167197,188924464083344.0
2016-11-30,596.11,1,0.04,0.0001,597.38,597.49,594.13,560833965,2570724506712,189171503230123.0
2016-12-01,593.85,2,-2.26,-0.0038,596.52,596.89,591.64,635167922,2652832559391,188522423167568.0
2016-12-02,586.73,2,-7.12,-0.012,593.21,593.45,586.73,554181889,2343578643189,186320200723453.0
2016-12-05,575.12,2,-11.61,-0.0197999999999999,584.56,584.62,575.12,620838797,2583777340132,182655363582673.0
2016-12-06,581.35,1,6.23,0.0108,578.18,583.23,578.18,546039448,2470616076645,185502197551028.0
2016-12-07,578.52,2,-2.83,-0.0049,584.12,584.88,573.54,601713509,2797225595827,184664807823332.0
2016-12-08,584.62,1,6.1,0.0105,581.88,586.46,581.11,672421772,2880606078699,186662846020104.0
2016-12-09,594.35,1,9.73,0.0166,585.8,594.53,585.24,603167755,2814541309938,189888177849228.0
2016-12-12,603.08,1,8.73,0.0147,599.1,603.12,598.4,625823556,2981368418961,192693532515233.0
2016-12-13,611.09,1,8.01,0.0133,604.31,611.17,601.69,638108066,3368961831956,195231514066861.0
2016-12-14,612.47,1,1.38,0.0023,614.59,615.71,611.48,698077292,3241252907167,195848705139963.0
2016-12-15,620.61,1,8.14,0.0133,610.51,620.61,610.12,597474626,2997301514263,198560958977277.0
2016-12-16,622.08,1,1.47,0.0024,622.52,623.04,617.93,771337476,3671529758510,199055446369454.0
2016-12-19,622.77,1,0.69,0.0011,624.23,624.23,620.42,648972242,3151326255383,199326531405141.0
2016-12-20,617.99,2,-4.78,-0.0077,624.29,624.81,617.98,664484508,3149798800797,197746958616195.0
2016-12-21,618.63,1,0.64,0.001,620.34,621.05,616.22,841529674,3690626373144,197900041573327.0
2016-12-22,615.93,2,-2.7,-0.0044,619.61,620.16,615.91,873521973,3068624974958,197174259747227.0
2016-12-23,619.75,1,3.82,0.0062,617.14,620.47,616.3,701661603,2994357332225,198443670477154.0
2016-12-26,615.16,2,-4.59,-0.0074,621.15,621.15,615.16,688882840,3222201845308,197015231294169.0
2016-12-27,618.38,1,3.22,0.0052,616.66,619.42,616.66,692437610,3064775597906,198072595838545.0
2016-12-28,627.27,1,8.89,0.0144,622.26,627.33,621.07,628285610,2854613870206,200154451847536.0
2016-12-29,631.44,1,4.17,0.0066,626.21,631.51,624.23,582801453,2641713810232,201523388183533.0
2017-01-02,632.04,1,0.6,0.001,632.89,633.0,629.54,512158100,2331296845752,201847333798246.0
2017-01-03,636.57,1,4.53,0.0072,633.3,636.65,633.1,622536624,2971798384174,203329332133453.0
2017-01-04,639.79,1,3.22,0.0051,638.73,639.91,636.74,617472319,2956524937764,204392457157060.0
2017-01-05,642.48,1,2.69,0.0042,642.01,642.64,640.87,811278412,2913075888067,205120026216778.0
2017-01-06,643.68,1,1.2,0.0019,643.96,644.17,641.96,758431250,3023962515981,205659829978284.0
2017-01-09,642.15,2,-1.53,-0.0024,645.92,645.92,642.15,667256610,2788006873758,205305543123731.0
2017-01-10,636.73,2,-5.42,-0.0084,642.85,643.25,636.26,802070706,3189861649878,203578066875064.0
2017-01-11,637.9,1,1.17,0.0018,637.56,639.29,637.19,918742610,3223616379457,204211353947620.0
2017-01-12,632.87,2,-5.03,-0.0079,639.04,639.13,632.21,824130703,3093143638764,202633993643907.0
2017-01-13,634.68,1,1.81,0.0029,633.88,637.47,631.67,754595058,3110859858198,203273195742414.0
2017-01-16,627.88,2,-6.8,-0.0107,636.77,636.8,627.28,649971131,2508606880402,201198398206009.0
2017-01-17,624.0,2,-3.88,-0.0062,628.3,630.16,623.49,752485789,2620841314802,200019706856333.0
2017-01-18,626.89,1,2.89,0.0046,624.87,626.89,621.7,673239638,2564370631392,200962264807992.0
2017-01-19,626.19,2,-0.7,-0.0011,629.63,630.26,626.19,711784329,2643458833920,200776309216865.0
2017-01-20,622.12,2,-4.07,-0.0065,626.5,626.86,622.12,721926675,2565582955734,199648651160575.0
2017-01-23,615.99,2,-6.13,-0.0098999999999999,623.28,623.65,615.99,697954631,2615356181203,197697573531856.0
2017-01-24,612.93,2,-3.06,-0.005,616.36,616.95,612.89,682289370,2878759331362,196885381059580.0
2017-01-25,609.64,2,-3.29,-0.0054,615.37,616.72,609.25,773885509,3014616490153,196048667076121.0
2017-01-26,616.81,1,7.17,0.0118,611.43,616.81,610.05,639748585,2673478818600,198254006429093.0
2017-01-31,616.13,2,-0.68,-0.0011,616.77,618.32,615.06,727041461,2483535882530,198116418136620.0
2017-02-01,623.68,1,7.55,0.0123,617.3,623.68,617.26,938205818,2519282762325,200587177329462.0
2017-02-02,613.04,2,-10.64,-0.0171,623.46,623.46,613.02,1268187014,3233580612275,197458772920341.0
2017-02-03,609.21,2,-3.83,-0.0062,614.37,614.83,606.72,1217749954,3200876745086,196199685720246.0
2017-02-06,610.96,1,1.75,0.0029,610.79,611.44,607.77,654542310,2577946498124,196778448907806.0
2017-02-07,608.72,2,-2.24,-0.0037,611.65,612.62,606.59,683058511,2810687386316,196094985944167.0
2017-02-08,608.79,1,0.07,0.0001,609.72,609.84,604.75,722444253,2900426971282,196237884439706.0
2017-02-09,611.04,1,2.25,0.0037,610.11,611.22,607.37,1048213746,3090753321858,196982830620761.0
2017-02-10,610.58,2,-0.46,-0.0008,612.38,613.53,609.84,1111953239,3340096318763,196845176026993.0
2017-02-13,611.94,1,1.36,0.0022,611.59,611.94,609.36,867001274,2489652707069,197278124164497.0
2017-02-14,611.54,2,-0.4,-0.0007,613.23,613.35,609.52,836263297,2582136799599,197258361113129.0
2017-02-15,615.95,1,4.41,0.0072,612.7,616.17,612.16,895635492,2720813639878,198697980493996.0
2017-02-16,616.58,1,0.63,0.001,617.86,617.96,613.94,962592142,2903710197872,198825609337114.0
2017-02-17,618.7,1,2.12,0.0034,615.72,619.4,615.52,1123785575,2902054272525,199527547087582.0
2017-02-20,619.97,1,1.27,0.0021,620.18,620.46,618.98,918036941,2863974426006,200006823821068.0
2017-02-21,622.47,1,2.5,0.004,621.49,622.84,620.98,1171695227,3019024502660,200821981664738.0
2017-02-22,621.39,2,-1.08,-0.0017,623.88,624.13,621.39,964762443,3076954448697,200463998067978.0
2017-02-23,617.67,2,-3.72,-0.006,622.41,622.96,617.67,811182823,2560303720525,199443904516716.0
2017-02-24,614.75,2,-2.92,-0.0046999999999999,619.35,620.04,614.71,967379893,2726380621911,198540998248186.0
2017-02-27,612.12,2,-2.63,-0.0043,615.77,615.83,612.12,617489785,2204360496442,197651917492691.0
2017-02-28,612.2,1,0.08,0.0001,613.67,614.36,611.13,675830148,2505277341094,197517535613850.0
2017-03-02,608.93,2,-3.27,-0.0053,614.58,614.59,608.61,705548615,2519659651769,196545694443923.0
2017-03-03,600.73,2,-8.2,-0.0135,607.59,607.59,597.43,902038906,2738704527006,194059809835493.0
2017-03-06,604.05,1,3.32,0.0055,598.98,604.29,597.66,707686313,2253145436659,195097494706816.0
2017-03-07,606.05,1,2.0,0.0033,603.57,606.1,602.95,1018809224,2513099791393,195873559247221.0
2017-03-08,605.75,2,-0.3,-0.0005,607.15,607.42,604.8,882868475,2195883137043,195784915009586.0
2017-03-09,606.13,1,0.38,0.0006,607.58,610.58,605.3,885244911,2589338805747,195870136942139.0
2017-03-10,612.26,1,6.13,0.0101,607.01,612.26,596.85,1244834683,3371544552747,197849627914270.0
2017-03-13,615.59,1,3.33,0.0054,613.79,615.87,613.44,805129352,2751203424625,198959628382167.0
2017-03-14,614.12,2,-1.47,-0.0024,617.07,617.21,613.93,1063387118,3493114961729,198521579610068.0
2017-03-15,608.68,2,-5.44,-0.0089,615.38,615.54,608.03,1072600255,3806609226431,196776765566174.0
2017-03-16,613.88,1,5.2,0.0085,611.48,613.88,610.6,904944959,3425967603364,198408508297919.0
2017-03-17,613.26,2,-0.62,-0.001,615.09,615.09,611.65,823305565,3374967440924,198161649688996.0
2017-03-20,609.11,2,-4.15,-0.0068,613.73,613.73,607.48,735059291,2984770016637,196980558127160.0
2017-03-21,609.73,1,0.62,0.001,610.7,612.13,608.66,831313030,3219647921306,197142911071253.0
2017-03-22,607.57,2,-2.16,-0.0034999999999999,608.36,611.49,606.8,718836843,3011990576905,196379534951151.0
2017-03-23,605.53,2,-2.04,-0.0034,609.36,609.68,604.48,824072059,3655399968097,196087736998040.0
2017-03-24,608.18,1,2.65,0.0044,607.34,608.28,605.59,746354939,3066044772351,196934467162522.0
2017-03-27,607.07,2,-1.11,-0.0018,609.63,611.03,606.96,813813680,3237627143288,197012013692364.0
2017-03-28,612.28,1,5.21,0.0086,608.75,612.28,607.98,806003266,3006588864357,198709297161822.0
2017-03-29,613.63,1,1.35,0.0022,614.65,614.66,612.55,788079799,3094800283843,199190879536933.0
2017-03-30,614.68,1,1.05,0.0017,615.34,615.43,613.09,799647235,3118668395262,199516464034817.0
2017-03-31,619.28,1,4.6,0.0075,616.2,619.48,615.43,775556365,3281023008006,201074694139930.0
2017-04-03,628.52,1,9.24,0.0149,621.47,628.52,620.34,767673162,3447775905977,204093419558981.0
2017-04-04,625.49,2,-3.03,-0.0048,629.23,629.78,625.2,994549520,4448041667900,203133894342746.0
2017-04-05,630.17,1,4.68,0.0075,627.89,630.17,626.94,923742232,3954898130674,204824616193118.0
2017-04-06,630.46,1,0.29,0.0005,630.59,630.59,625.2,873353207,3921685691964,205060932387164.0
2017-04-07,633.32,1,2.86,0.0045,632.16,633.49,629.61,833208482,3594226499664,206124753277747.0
2017-04-10,619.41,2,-13.91,-0.022,633.24,633.24,617.16,865601160,4070175476696,201630100914240.0
2017-04-11,621.64,1,2.23,0.0036,620.25,625.18,614.21,813377015,3808425566147,202533659706376.0
2017-04-12,621.45,2,-0.19,-0.0003,622.54,622.73,619.27,695615989,3097814142504,202504416309706.0
2017-04-13,623.87,1,2.42,0.0039,622.49,624.15,622.38,742489166,3806654062878,203361748267806.0
2017-04-14,618.24,2,-5.63,-0.009,623.14,624.73,617.72,699918359,3426290108791,202113969771275.0
2017-04-17,629.47,1,11.23,0.0182,621.45,629.47,621.45,599166789,3102110358935,205728524369343.0
2017-04-18,634.73,1,5.26,0.0084,632.4,634.82,630.27,914101880,3709158862056,207518530225596.0
2017-04-19,635.99,1,1.26,0.002,634.93,636.42,633.64,814032116,3595341932109,207986273113695.0
2017-04-20,635.8,2,-0.19,-0.0003,636.87,637.49,635.44,875196563,3696417578841,207803577158233.0
2017-04-21,634.96,2,-0.84,-0.0013,638.02,638.02,633.7,700923888,3201454070105,207596937169244.0
2017-04-24,626.62,2,-8.34,-0.0131,635.58,635.58,626.62,709226849,3079771158001,204917565672011.0
2017-04-25,632.57,1,5.95,0.0095,629.21,632.57,629.21,820883526,2973889550657,206862186224735.0
2017-04-26,635.11,1,2.54,0.004,635.05,635.38,634.3,753711416,2860476728082,207741928423193.0
2017-04-27,631.11,2,-4.0,-0.0063,636.24,636.29,630.92,682484241,2705805736791,206526200066307.0
2017-04-28,628.24,2,-2.87,-0.0045,632.83,632.83,627.28,755492658,2867020507470,205780811450310.0
2017-05-02,626.43,2,-1.81,-0.0029,629.21,629.53,626.4,596100943,2497416466426,205253681376558.0
2017-05-04,635.11,1,8.68,0.0139,628.1,635.11,628.1,509158897,2146888036381,208086314123513.0
2017-05-08,643.39,1,8.28,0.013,638.36,643.39,638.09,550905469,2779491384074,211074528397997.0
2017-05-10,642.68,2,-0.71,-0.0011,645.7,645.7,641.54,768708996,3012178142917,210966102665534.0
2017-05-11,647.58,1,4.9,0.0076,644.44,647.58,643.35,731361641,3223881536510,212572034341091.0
2017-05-12,643.73,2,-3.85,-0.0059,648.56,648.56,642.96,762387319,3077789185880,211410070368884.0
2017-05-15,645.38,1,1.65,0.0026,644.59,646.31,642.79,699770939,2860575104688,212064864529686.0
2017-05-16,639.11,2,-6.27,-0.0097,646.5,646.5,638.43,723809300,3187652775580,210095883426725.0
2017-05-17,640.01,1,0.9,0.0014,640.87,641.48,638.93,624355647,2846354378391,210501706050338.0
2017-05-18,638.12,2,-1.89,-0.003,633.4,638.16,633.14,785434984,3132873864320,209947697571854.0
2017-05-19,642.45,1,4.33,0.0068,640.33,643.06,639.17,726626335,2836538327815,211522473794319.0
2017-05-22,642.62,1,0.17,0.0003,645.04,645.16,641.6,753237612,2852206105363,211589792565282.0
2017-05-23,644.73,1,2.11,0.0033,644.59,645.44,644.0,800749507,3009534917393,212295038757395.0
2017-05-24,646.04,1,1.31,0.002,646.44,648.05,645.03,844302875,3115864458148,212899818336782.0
2017-05-25,643.02,2,-3.02,-0.0046999999999999,648.25,648.29,642.87,766856273,2899471912640,211951827623220.0
2017-05-26,646.01,1,2.99,0.0046,644.97,646.45,644.3,656940051,2763155653643,212974132806026.0
2017-05-29,642.98,2,-3.03,-0.0046999999999999,648.15,648.22,642.75,626636871,2869585219425,211967028367417.0
2017-05-30,649.06,1,6.08,0.0095,645.09,649.09,644.34,599181689,2952005998857,213888677358563.0
2017-05-31,652.04,1,2.98,0.0046,650.51,652.52,649.51,664049314,3148464576524,214881946575738.0
2017-06-01,653.83,1,1.79,0.0027,653.57,654.23,651.1,670479567,3047529797957,215796501468067.0
2017-06-02,658.78,1,4.95,0.0076,656.43,658.82,655.82,638026685,3296782572343,217751200578418.0
2017-06-05,662.32,1,3.54,0.0054,660.77,662.37,659.76,583256718,3237225049922,218977288550251.0
2017-06-07,666.46,1,4.14,0.0063,664.07,666.58,661.1,790911498,3368752608205,220329065696971.0
2017-06-08,669.97,1,3.51,0.0053,668.25,670.05,667.0,672769317,3859217291752,221685962200618.0
2017-06-09,674.15,1,4.18,0.0062,672.14,674.15,671.2,623340491,3342609269333,223007370316968.0
2017-06-12,664.86,2,-9.29,-0.0138,672.09,672.12,664.12,579525890,3332378113954,220107720180904.0
2017-06-13,669.23,1,4.37,0.0066,666.07,669.26,666.07,626944306,3539072909370,221560291415143.0
2017-06-14,671.59,1,2.36,0.0034999999999999,673.02,674.36,670.26,645508630,3478508439111,221519108128857.0
2017-06-15,669.82,2,-1.77,-0.0026,672.97,673.1,664.99,672665720,3385732694924,220956377909454.0
2017-06-16,670.7,1,0.88,0.0013,670.77,670.82,667.73,608341995,3495549692823,220942768148269.0
2017-06-19,675.44,1,4.74,0.0070999999999999,672.72,675.71,672.25,580054308,3391082800232,222553059472584.0
2017-06-20,669.41,2,-6.03,-0.0089,678.72,678.82,669.41,733967268,3893767705861,220614130260151.0
2017-06-21,665.77,2,-3.64,-0.0054,668.41,668.44,662.68,615994151,3287397706054,218958691306567.0
2017-06-22,663.28,2,-2.49,-0.0037,667.99,668.36,663.26,700692721,3262104291573,218104919446604.0
2017-06-23,668.93,1,5.65,0.0085,665.19,669.05,665.02,560305087,2664569817235,219991496303361.0
2017-06-26,668.36,2,-0.57,-0.0009,670.59,670.78,667.71,586199127,3036359250794,219840068318626.0
2017-06-27,672.63,1,4.27,0.0064,671.7,673.13,670.87,639734415,3151935885882,221301253905380.0
2017-06-28,665.89,2,-6.74,-0.01,671.26,672.36,665.89,601756274,3055159102918,219132700135238.0
2017-06-29,668.0,1,2.11,0.0032,670.1,670.56,666.0,515381409,2696532826333,219916869103112.0
2017-06-30,669.04,1,1.04,0.0016,665.67,669.12,665.57,511575195,2665993437843,221694507841943.0
2017-07-03,660.97,2,-8.07,-0.0121,671.17,671.17,660.04,560800279,2767993614652,219181873826075.0
2017-07-04,656.19,2,-4.78,-0.0072,662.17,663.85,654.06,735098357,3093417038951,217726064748803.0
2017-07-05,661.54,1,5.35,0.0081999999999999,657.7,661.58,657.69,565075413,2687623160188,219630932214295.0
2017-07-06,663.79,1,2.25,0.0034,663.79,665.05,662.67,555479206,2503114650514,220355028074121.0
2017-07-07,663.77,2,-0.02,0.0,662.66,664.29,660.99,551549077,2598020071964,220619450118562.0
2017-07-10,657.86,2,-5.91,-0.0089,666.19,666.19,657.67,512853597,2606278814612,211927303744459.0
2017-07-11,656.01,2,-1.85,-0.0028,659.27,659.91,654.5,541962270,2535261867637,212027333830461.0
2017-07-12,651.1,2,-4.91,-0.0075,657.06,657.9,651.09,586106674,2871066369719,210624005715100.0
2017-07-13,652.69,1,1.59,0.0024,654.01,655.16,651.6,490891027,2966127121408,211775337370777.0
2017-07-14,654.11,1,1.42,0.0022,654.24,655.45,651.27,533482912,2740097563543,212452252808593.0
2017-07-17,659.89,1,5.78,0.0088,656.97,659.89,656.97,415380444,2367857064383,214265707660701.0
2017-07-18,664.02,1,4.13,0.0063,661.16,664.04,661.16,570276961,3058918401121,215760465844212.0
2017-07-19,671.53,1,7.51,0.0113,666.3,671.53,666.3,500863938,3186771366546,218195755138110.0
2017-07-20,676.51,1,4.98,0.0074,674.06,677.59,672.37,569937274,3242514846563,219986908984808.0
2017-07-21,676.6,1,0.09,0.0001,677.84,678.15,674.6,523728435,3094963071194,220084745138731.0
2017-07-24,677.32,1,0.72,0.0011,678.59,679.46,676.63,529200820,2985447761634,220328404853042.0
2017-07-25,670.47,2,-6.85,-0.0101,678.7,679.48,670.1,677767458,3371472065007,218011590373853.0
2017-07-26,667.22,2,-3.25,-0.0048,672.43,672.63,664.13,593926141,3362596631825,217025614636843.0
2017-07-27,666.48,2,-0.74,-0.0011,669.22,670.6,664.53,527888551,2899033889698,216801942003994.0
2017-07-28,652.95,2,-13.53,-0.0203,665.08,665.08,651.84,559701216,3788213802125,219194881927366.0
2017-07-31,650.47,2,-2.48,-0.0038,648.84,651.83,643.77,504706764,2856708788776,218974570171333.0
2017-08-01,653.12,1,2.65,0.0040999999999999,650.89,655.07,649.7,487758524,2666717988029,220071150492556.0
2017-08-02,657.52,1,4.4,0.0067,654.85,658.28,654.83,494741815,2736868965102,221573515042744.0
2017-08-03,643.09,2,-14.43,-0.0219,658.7,658.94,641.63,528197585,3198195052995,216837375405396.0
2017-08-04,641.58,2,-1.51,-0.0023,644.8,648.34,638.87,459052659,2671322444554,216576031964662.0
2017-08-07,648.39,1,6.81,0.0106,643.36,650.01,642.82,455724522,2448694955578,219001711979498.0
2017-08-08,651.67,1,3.28,0.0051,650.78,651.91,645.73,607645352,2587864304701,220117982976417.0
2017-08-09,642.87,2,-8.8,-0.0135,649.39,650.09,642.87,848951769,3023299292873,217163944022758.0
2017-08-10,640.04,2,-2.83,-0.0044,642.8,646.56,635.06,770422433,3173672494796,216462752075565.0
2017-08-11,628.34,2,-11.7,-0.0183,629.81,635.29,626.08,606432711,2848243354493,212665817978303.0
2017-08-14,629.37,1,1.03,0.0016,632.52,633.99,629.26,548281770,2477004496067,212984963451889.0
2017-08-16,634.91,1,5.54,0.0088,634.44,635.97,634.1,607432116,2715522514024,214899402427524.0
2017-08-17,642.11,1,7.2,0.0113,638.12,642.28,635.74,531889053,2530446585466,217341464726221.0
2017-08-18,643.58,1,1.47,0.0023,636.94,643.86,636.44,528462110,2435681677752,217876558765460.0
2017-08-21,640.85,2,-2.73,-0.0042,645.35,645.35,640.84,585915072,2244618018905,217057682669789.0
2017-08-22,644.26,1,3.41,0.0053,643.26,644.38,642.64,649768906,2667373238088,218451594079160.0
2017-08-23,643.71,2,-0.55,-0.0009,647.79,647.79,643.65,559532798,2683710732424,218372735380154.0
2017-08-24,647.71,1,4.0,0.0062,645.1,647.99,644.98,500086939,2720457351633,219919297985481.0
2017-08-25,650.27,1,2.56,0.004,649.22,650.76,648.44,585020430,2500315772653,220816406843506.0
2017-08-28,652.92,1,2.65,0.0040999999999999,652.37,652.94,649.54,513763649,2510868918152,221896470138072.0
2017-08-29,653.96,1,1.04,0.0016,650.28,654.02,647.13,572876737,2813732290391,222225715270688.0
2017-08-30,655.0,1,1.04,0.0016,656.9,657.43,654.49,639532165,2628704200221,222599634677242.0
2017-08-31,657.83,1,2.83,0.0043,657.13,658.03,655.64,616041920,2857122071404,223579647244462.0
2017-09-01,661.99,1,4.16,0.0063,660.71,662.39,658.65,566069248,2936174936698,225244707238928.0
2017-09-04,650.89,2,-11.1,-0.0168,643.99,655.39,643.98,590469762,3105380017017,221508873608501.0
2017-09-05,648.75,2,-2.14,-0.0033,655.4,656.22,645.97,621050129,3257314024137,220738542405894.0
2017-09-06,652.59,1,3.84,0.0059,649.23,653.44,649.23,568479631,2871458943311,222057005513734.0
2017-09-07,658.48,1,5.89,0.009,655.44,659.12,655.36,499881234,2969208490755,224002006805417.0
2017-09-08,654.29,2,-4.19,-0.0064,659.83,660.63,653.34,646280391,3438396956840,222673575957439.0
2017-09-11,656.53,1,2.24,0.0034,657.68,659.47,654.92,578334720,3645982053564,223434584656886.0
2017-09-12,660.05,1,3.52,0.0054,660.03,660.56,658.05,652322008,3499976446993,224728544995135.0
2017-09-13,659.09,2,-0.96,-0.0015,662.94,662.94,658.54,672494557,3693955936573,224503959060505.0
2017-09-14,665.41,1,6.32,0.0096,660.15,665.47,659.25,627084743,3851482686354,227850774603990.0
2017-09-15,671.3,1,5.89,0.0089,662.9,671.31,662.9,645613066,4242758122831,229956652424034.0
2017-09-18,675.87,1,4.57,0.0068,674.66,677.14,672.58,585750890,3934263947252,231731078399901.0
2017-09-19,674.48,2,-1.39,-0.0021,677.57,677.97,670.07,659345604,3968809765280,231489514363969.0
2017-09-20,668.05,2,-6.43,-0.0095,676.6,677.29,668.05,688124805,4738656649122,229597685364563.0
2017-09-21,661.11,2,-6.94,-0.0104,671.32,672.6,658.64,699824726,4046858542750,227282527509525.0
2017-09-22,648.95,2,-12.16,-0.0184,660.6,662.39,647.28,899645094,3885638896448,223257457101921.0
2017-09-25,642.04,2,-6.91,-0.0106,649.11,653.05,638.92,900593395,3698659534905,220880984289375.0
2017-09-26,642.4,1,0.36,0.0006,638.58,645.73,637.36,820356828,3254802402918,221060774114432.0
2017-09-27,649.24,1,6.84,0.0106,645.02,650.71,644.56,646030811,3051283172655,223657454050401.0
2017-09-28,648.09,2,-1.15,-0.0018,651.92,653.38,648.09,583375620,2825079042560,223207699241431.0
2017-09-29,652.82,1,4.73,0.0073,650.32,653.58,648.68,692251765,3146219264382,224933066537417.0
2017-10-10,654.59,1,1.77,0.0027,658.76,659.51,653.91,554198760,2831706405932,225565748149566.0
2017-10-11,662.31,1,7.72,0.0118,656.85,662.31,656.76,558391220,2980339548477,228363631548816.0
2017-10-12,666.54,1,4.23,0.0064,665.12,666.74,663.37,561101000,3448809149132,229800923979367.0
2017-10-13,663.08,2,-3.46,-0.0052,669.0,672.78,659.1,616618742,4934996717770,228613291963910.0
2017-10-16,659.41,2,-3.67,-0.0055,667.26,668.5,652.17,554311330,3893770897800,227463844912522.0
2017-10-17,670.51,1,11.1,0.0168,660.61,671.95,660.33,699954926,4217863283934,231363439984379.0
2017-10-18,668.42,2,-2.09,-0.0031,677.42,679.5,667.31,713746850,4563545345195,230623422522486.0
2017-10-19,667.1,2,-1.32,-0.002,671.22,671.39,664.19,710604549,4316355549098,230161128286631.0
2017-10-20,672.95,1,5.85,0.0088,669.06,672.95,667.17,659088022,3600219848302,232216162993196.0
2017-10-23,675.86,1,2.91,0.0043,674.98,677.69,674.64,500020605,3377208353559,233221562132938.0
2017-10-24,687.21,1,11.35,0.0168,678.55,687.45,678.34,583158147,4196342135370,237246562439337.0
2017-10-25,689.14,1,1.93,0.0028,688.83,690.3,684.84,622304527,3972428381939,237913059236388.0
2017-10-26,680.61,2,-8.53,-0.0124,689.94,690.53,680.61,600267726,4187146934880,235199826395352.0
2017-10-27,689.97,1,9.36,0.0138,685.2,689.97,682.9,537104505,3655074327789,238507896661704.0
2017-10-30,689.68,2,-0.29,-0.0004,692.76,693.12,688.41,470689721,3631802127068,238420222625278.0
2017-10-31,694.2,1,4.52,0.0066,691.07,694.23,689.29,627102881,3785937826473,240071560441429.0
2017-11-01,695.77,1,1.57,0.0023,696.65,696.93,694.27,630555569,3584512543011,240742738395070.0
2017-11-02,694.96,2,-0.81,-0.0012,698.14,698.91,691.52,608893691,4293674363671,240397963610510.0
2017-11-03,701.13,1,6.17,0.0089,697.43,701.13,695.88,660963329,4389083926970,242572097226414.0
2017-11-06,703.79,1,2.66,0.0038,703.2,704.16,699.75,595341341,4591079766946,246188810458588.0
2017-11-07,701.14,2,-2.65,-0.0038,704.83,704.83,697.44,649888644,5474411514214,246069947790368.0
2017-11-08,709.11,1,7.97,0.0113999999999999,702.69,709.11,701.52,812367934,5787153607882,248635669783372.0
2017-11-09,709.94,1,0.83,0.0012,710.71,711.78,705.28,614813515,4446661471505,248939603157790.0
2017-11-10,720.79,1,10.85,0.0153,709.85,720.79,709.55,599904920,4451821908834,252627159390825.0
2017-11-13,741.38,1,20.59,0.0286,724.76,741.38,724.76,687074931,5809626175827,259902626844274.0
2017-11-14,756.46,1,15.08,0.0203,746.88,756.46,742.79,837110802,7162260142166,264999468971662.0
2017-11-15,768.03,1,11.57,0.0153,759.55,773.05,755.06,944937688,9884172457833,269196348614625.0
2017-11-16,780.22,1,12.19,0.0159,775.46,780.22,759.7,897364534,7973647426670,273701283252203.0
2017-11-17,775.85,2,-4.37,-0.0056,776.32,779.57,770.55,767762541,7058197027532,272428599552313.0
2017-11-20,785.32,1,9.47,0.0121999999999999,776.74,785.32,776.31,834840262,6599204241935,275523396169092.0
2017-11-21,789.38,1,4.06,0.0052,790.35,793.6,782.95,809260539,10032272756277,277388898694583.0
2017-11-22,780.9,2,-8.48,-0.0107,793.79,796.28,779.2,894398363,9341727888220,274095657858970.0
2017-11-23,796.8,1,15.9,0.0204,778.84,796.81,773.32,756157485,7753522722701,279791724769264.0
2017-11-24,792.74,2,-4.06,-0.0051,797.97,803.74,792.74,751773519,6977140780664,280166483426994.0
2017-11-27,792.8,1,0.06,0.0001,793.81,800.04,783.85,735823421,6339416176239,280258354764137.0
2017-11-28,773.12,2,-19.68,-0.0248,797.29,797.53,773.1,891358688,6612539468309,273104884032235.0
2017-11-29,781.72,1,8.6,0.0111,776.75,783.19,770.97,754772595,6724578892047,276060132351610.0
2017-11-30,771.42,2,-10.3,-0.0132,779.84,782.42,769.79,1053562166,7136135335291,272613666390546.0
2017-12-01,787.7,1,16.28,0.0210999999999999,779.54,788.15,776.71,883780963,6899944750727,278516029588240.0
2017-12-04,782.45,2,-5.25,-0.0067,788.02,788.46,778.2,821386264,6956387637134,276879325083294.0
2017-12-05,774.12,2,-8.33,-0.0106,782.14,783.61,773.8,860349983,6871188605888,273965062658888.0
2017-12-06,768.39,2,-5.73,-0.0074,778.28,783.54,765.25,970291666,7462789597185,272431336581218.0
2017-12-07,753.46,2,-14.93,-0.0194,771.47,773.28,744.34,1470897492,8267734816064,267370370168195.0
2017-12-08,744.06,2,-9.4,-0.0125,757.21,760.73,743.9,1159157607,6637812940734,264178758485605.0
2017-12-11,764.09,1,20.03,0.0269,747.99,764.09,745.88,790671670,5296340564785,271209364421920.0
2017-12-12,760.4,2,-3.69,-0.0048,768.3,769.14,755.03,1018840383,5144044464914,270145352932972.0
2017-12-13,772.22,1,11.82,0.0155,764.33,773.02,763.17,1143787841,5452556119030,274605379012105.0
2017-12-14,770.35,2,-1.87,-0.0024,777.25,777.44,764.74,984963329,7144448371461,274124428177224.0
2017-12-15,771.82,1,1.47,0.0019,770.27,775.04,766.45,1047413027,6081110020390,274595052630978.0
2017-12-18,770.5,2,-1.32,-0.0017,776.09,777.4,770.5,1132320395,5671802104129,274015405605133.0
2017-12-19,766.18,2,-4.32,-0.0056,769.87,771.01,754.27,1692208505,8632504652828,272601780960888.0
2017-12-20,755.27,2,-10.91,-0.0141999999999999,765.62,766.4,755.25,1404709357,6666810631399,268495906624603.0
2017-12-21,740.32,2,-14.95,-0.0197999999999999,754.54,759.13,740.31,1208944780,6012574025682,263267961532500.0
2017-12-22,761.2,1,20.88,0.0282,742.15,761.2,740.05,1083314337,6109609814698,270728549849056.0
2017-12-26,762.21,1,1.01,0.0013,763.96,775.54,762.21,808319946,6655118682938,271238736155888.0
2017-12-27,791.95,1,29.74,0.039,771.33,791.95,770.95,829592883,6696253531687,279862183618676.0
2017-12-28,798.42,1,6.47,0.0081999999999999,791.76,798.68,790.34,1066158680,6670795864435,282740051437771.0
2018-01-02,812.45,1,14.03,0.0176,803.63,813.4,800.54,989203617,6648960277501,287930060818024.0
2018-01-03,822.31,1,9.86,0.0121,816.3,824.18,812.22,1203095708,8157559996171,291431952262503.0
2018-01-04,808.01,2,-14.3,-0.0174,825.11,825.57,802.83,1346453484,8340291400536,286488157569745.0
2018-01-05,828.03,1,20.02,0.0248,812.05,828.04,812.05,1229153086,7724099120980,293546779077948.0
2018-01-08,839.51,1,11.48,0.0139,836.07,840.06,829.28,1228984892,8578445601327,297646336643844.0
2018-01-09,829.99,2,-9.52,-0.0113,841.39,843.56,827.29,1195954570,9531279021307,294270472464787.0
2018-01-10,834.91,1,4.92,0.0059,837.63,841.25,820.89,1104147489,7595330711354,296130452977090.0
2018-01-11,852.51,1,17.6,0.0210999999999999,835.23,852.51,830.37,1288804770,7951882909187,302174892626558.0
2018-01-12,873.05,1,20.54,0.0241,863.07,886.65,857.33,1180746454,12084008656944,309336778075821.0
2018-01-15,891.61,1,18.56,0.0213,879.56,892.29,865.68,1025675491,10722308761917,315980293802048.0
2018-01-16,901.23,1,9.62,0.0108,889.23,901.23,884.76,1009399148,9951628317599,319475330707431.0
2018-01-17,886.58,2,-14.65,-0.0163,902.37,905.95,884.91,1211998638,10481404984026,314397681542303.0
2018-01-18,898.19,1,11.61,0.0131,892.5,899.85,887.67,1260160680,9608884684721,318526338512242.0
2018-01-19,879.99,2,-18.2,-0.0203,902.85,902.97,875.43,1164749855,9321761083520,312351412160425.0
2018-01-22,873.09,2,-6.9,-0.0078,875.95,880.85,864.38,1126585230,7311262224149,310067666975488.0
2018-01-23,894.43,1,21.34,0.0243999999999999,881.68,894.43,877.68,1047348260,8334657953016,317641608994614.0
2018-01-24,894.77,1,0.34,0.0004,901.62,903.17,891.03,1011725491,8582346650848,317938384537170.0
2018-01-25,898.6,1,3.83,0.0043,894.21,898.6,887.97,1025037663,7557703074180,320018179676642.0
2018-01-26,913.12,1,14.52,0.0162,898.53,913.12,895.32,1080156709,7200553607086,325468552062157.0
2018-01-29,927.05,1,13.93,0.0153,914.26,929.35,914.22,1279562137,8811855165879,330355506879090.0
2018-01-30,920.96,2,-6.09,-0.0066,928.72,932.01,918.79,1243821243,8657840266689,328115164515885.0
2018-01-31,913.57,2,-7.39,-0.008,910.89,917.78,903.52,1195259322,7543173670207,325329741484927.0
2018-02-01,908.2,2,-5.37,-0.0059,916.78,919.9,901.35,1407688515,8348927925044,323635364649118.0
2018-02-02,899.47,2,-8.73,-0.0096,911.46,911.77,887.97,1373001226,7817689872704,320376702089827.0
2018-02-05,858.22,2,-41.25,-0.0458999999999999,876.63,883.3,858.22,1043126897,7137050509315,305921036025151.0
2018-02-06,858.17,2,-0.05,-0.0001,821.24,858.74,814.46,1062693041,8623196623322,305838400155656.0
2018-02-07,829.96,2,-28.21,-0.0329,874.75,875.03,829.96,1033318239,8443700119659,295825451933958.0
2018-02-08,861.94,1,31.98,0.0385,834.89,867.04,824.64,796313078,8701287290487,307785807524489.0
2018-02-09,842.6,2,-19.34,-0.0224,832.13,850.7,832.13,764447795,5560304628431,268327495668019.0
2018-02-12,843.24,1,0.64,0.0008,854.09,854.94,843.24,692304168,4979550636946,268872401372775.0
2018-02-13,829.39,2,-13.85,-0.0163999999999999,852.94,854.08,829.39,832909497,5374999197192,264914094862373.0
2018-02-14,848.03,1,18.64,0.0225,835.6,848.03,830.78,722666509,5129493555159,270883065871269.0
2018-02-19,875.81,1,27.78,0.0327999999999999,855.78,875.81,855.58,684361251,4958433491869,279695577242350.0
2018-02-20,864.41,2,-11.4,-0.013,873.99,877.9,861.5,797235793,5541460435071,276389662008382.0
2018-02-21,875.58,1,11.17,0.0129,867.92,877.69,864.21,814576509,5281216304108,280628256787716.0
2018-02-22,870.22,2,-5.36,-0.0060999999999999,871.72,873.48,863.89,857859715,4798708144565,278950339998024.0
2018-02-23,874.78,1,4.56,0.0052,873.52,875.73,871.41,770224870,5047910681870,280176352991224.0
2018-02-26,874.43,2,-0.35,-0.0004,881.36,884.26,869.66,802090662,4791869636807,279988061411727.0
2018-02-27,874.01,2,-0.42,-0.0005,880.88,882.04,874.0,794503531,5160799478666,279839410779018.0
2018-02-28,857.06,2,-16.95,-0.0194,866.5,868.53,853.9,820922600,5230313751866,274633003992995.0
2018-03-02,860.23,1,3.17,0.0037,846.4,861.08,845.72,768912147,4697289727371,275648654225025.0
2018-03-05,845.0,2,-15.23,-0.0177,862.41,863.01,845.0,747538616,4484419170064,270995673006378.0
2018-03-06,859.21,1,14.21,0.0168,854.91,859.21,850.42,828940054,4292544882493,275532611543182.0
2018-03-07,841.03,2,-18.18,-0.0212,856.43,861.41,841.03,947325780,5366842493916,269800117589157.0
2018-03-08,853.94,1,12.91,0.0154,847.31,855.8,846.34,890979435,4578636162589,273935745398768.0
2018-03-09,865.8,1,11.86,0.0139,857.8,868.51,857.47,884779776,4906715383245,277845241067660.0
2018-03-12,884.27,1,18.47,0.0213,874.15,884.27,873.26,802338710,5141951602979,283918414768048.0
2018-03-13,886.25,1,1.98,0.0022,884.54,886.25,879.85,1086488175,5822580752055,284759546612577.0
2018-03-14,886.92,1,0.67,0.0008,882.39,887.04,880.92,954396464,5275687131778,285293354514789.0
2018-03-15,890.43,1,3.51,0.004,886.98,893.56,883.7,951002564,5953256953324,286488940590322.0
2018-03-16,894.43,1,4.0,0.0045,893.24,894.45,889.4,808497976,5689389515042,287884185569983.0
2018-03-19,880.97,2,-13.46,-0.015,894.4,894.4,880.97,759599820,5036600794218,283580113622587.0
2018-03-20,890.4,1,9.43,0.0107,876.61,890.4,875.39,752087609,6051380704221,286544613072901.0
2018-03-21,885.55,2,-4.85,-0.0054,892.02,895.72,885.53,865142049,7064234006580,285194743142601.0
2018-03-22,871.62,2,-13.93,-0.0157,889.21,891.3,869.0,1011525637,6861367841972,280534772456127.0
2018-03-23,829.68,2,-41.94,-0.0481,851.7,859.93,829.67,898190552,6736403313681,267192105222725.0
2018-03-26,853.69,1,24.01,0.0289,833.11,853.69,822.96,740178957,6063809370426,274867327373905.0
2018-03-27,858.84,1,5.15,0.006,862.4,863.05,856.56,732182317,5728983155291,276543247437929.0
2018-03-28,850.97,2,-7.87,-0.0092,850.05,856.36,843.6,889844720,5754153539729,274348881829689.0
2018-03-29,865.99,1,15.02,0.0177,855.82,865.99,854.61,813042472,5159670069888,279119789139793.0
2018-03-30,871.09,1,5.1,0.0059,869.86,873.04,867.11,764033258,5067318303919,280940228853987.0
2018-04-02,867.8,2,-3.29,-0.0038,876.85,876.85,865.83,844055011,5732951905323,279574225310477.0
2018-04-03,872.32,1,4.52,0.0052,857.83,872.32,857.4,722775571,4817829653432,281036907170609.0
2018-04-04,862.51,2,-9.81,-0.0112,877.15,877.15,858.29,821250368,6031063227873,277925199856557.0
2018-04-05,868.93,1,6.42,0.0074,871.09,873.64,865.92,846380781,5910570086535,280015558813603.0
2018-04-06,867.96,2,-0.97,-0.0011,867.43,869.81,863.92,861757673,5593563839073,280427283730521.0
2018-04-09,874.44,1,6.48,0.0075,866.75,874.44,865.5,857655757,5867820891889,283061254226146.0
2018-04-10,877.3,1,2.86,0.0033,876.22,877.3,866.74,1012193408,6403986536024,283906427896614.0
2018-04-11,885.38,1,8.08,0.0092,882.58,886.14,880.87,886275543,6760773974630,286837917487311.0
2018-04-12,881.45,2,-3.93,-0.0044,888.2,889.02,879.17,997972558,7910347039918,285544812773463.0
2018-04-13,891.87,1,10.42,0.0118,884.12,892.75,877.74,1011506121,7253264140161,288981545403916.0
2018-04-16,896.89,1,5.02,0.0056,895.32,899.2,894.09,1016991642,6696617124838,290727082036682.0
2018-04-17,901.22,1,4.33,0.0048,900.5,901.22,896.83,1309037350,6987949359421,292304144943282.0
2018-04-18,893.32,2,-7.9,-0.0088,905.62,906.06,890.73,1538034783,8396861796438,289944233623114.0
2018-04-19,882.73,2,-10.59,-0.0118999999999999,892.2,892.2,878.19,1681266576,8075608014861,286582168990890.0
2018-04-20,889.17,1,6.44,0.0073,885.59,892.01,880.68,1406710821,6703937008780,288777355810971.0
2018-04-23,879.02,2,-10.15,-0.0113999999999999,888.39,890.32,877.36,1408073352,7040366394259,285741634688075.0
2018-04-24,873.61,2,-5.41,-0.0062,881.58,883.78,873.22,1201412646,6495315735821,284048599335494.0
2018-04-25,869.93,2,-3.68,-0.0042,869.31,879.0,862.05,1177685462,6170316170982,282626494957409.0
2018-04-26,879.39,1,9.46,0.0109,876.27,879.87,874.21,957360830,5076156688157,286004664430524.0
2018-04-27,886.49,1,7.1,0.0081,886.37,886.62,880.03,1114145885,5527942388124,288078679301553.0
2018-04-30,875.95,2,-10.54,-0.0118999999999999,886.29,886.6,870.54,1351115079,6703233185904,284649041469168.0
2018-05-02,871.03,2,-4.92,-0.0056,869.52,877.54,863.59,1357597693,7131322722977,283022235766710.0
2018-05-03,866.07,2,-4.96,-0.0056999999999999,873.34,876.08,866.05,1354543780,6227287178856,281525523042565.0
2018-05-04,856.34,2,-9.73,-0.0112,868.35,870.1,856.34,1131960343,5577552236162,278369805126258.0
2018-05-08,827.22,2,-29.12,-0.034,860.56,863.56,827.2,948436291,5410979748804,268803994249596.0
2018-05-09,850.85,1,23.63,0.0286,833.48,851.28,815.27,905893148,5881825478487,276483740549574.0
2018-05-10,854.93,1,4.08,0.0048,852.28,855.82,846.14,857415751,5037794761488,277750152638005.0
2018-05-11,865.93,1,11.0,0.0129,855.25,866.86,855.25,941518948,5002726595177,281463808953602.0
2018-05-14,858.7,2,-7.23,-0.0083,869.44,869.92,855.54,922214566,5151237258281,279151093790783.0
2018-05-15,862.94,1,4.24,0.0049,865.53,867.13,858.55,1007625963,5698167263897,280467619794559.0
2018-05-16,850.29,2,-12.65,-0.0147,857.24,857.24,846.9,1210613709,6371060545715,276351041377764.0
2018-05-17,855.62,1,5.33,0.0063,854.46,857.56,852.91,1037440056,5460568169061,278110800937514.0
2018-05-18,869.45,1,13.83,0.0162,858.08,869.8,857.66,1064520083,5264865392308,282997416181431.0
2018-05-21,872.96,1,3.51,0.004,871.49,876.12,870.52,998533394,4669554246460,284342123707648.0
2018-05-23,869.16,2,-3.8,-0.0044,875.12,875.36,867.28,874571023,5458889613229,283172007076036.0
2018-05-24,873.32,1,4.16,0.0048,871.68,875.31,866.47,1113201006,6054776528790,284576985665045.0
2018-05-25,868.35,2,-4.97,-0.0056999999999999,866.2,870.71,859.09,1115036641,6265194589409,282949590965838.0
2018-05-28,879.69,1,11.34,0.0131,865.58,879.8,865.57,1270094696,5841418950078,286655645778021.0
2018-05-29,870.08,2,-9.61,-0.0109,881.53,884.64,868.81,1147693674,7829764996022,283782349198894.0
2018-05-30,874.22,1,4.14,0.0048,876.42,876.71,861.84,1117572492,7301567895878,284870231759673.0
2018-05-31,879.66,1,5.44,0.0062,880.97,880.97,873.16,1082953936,7131667410078,286712764238874.0
2018-06-01,883.22,1,3.56,0.004,879.61,883.77,878.15,1026176987,6221663735595,288419099448169.0
2018-06-04,877.44,2,-5.78,-0.0065,887.59,887.76,876.5,898334484,5694472568382,286494193706070.0
2018-06-05,877.16,2,-0.28,-0.0003,881.71,881.98,874.16,1025958685,5648240308918,286448321978388.0
2018-06-07,887.91,1,10.75,0.0123,881.47,887.95,880.01,903298621,5608441336619,290159156035554.0
2018-06-08,878.48,2,-9.43,-0.0106,887.37,887.52,877.91,850282203,5175419888296,287391635039650.0
2018-06-11,876.55,2,-1.93,-0.0022,879.06,881.12,874.84,776395780,4680984407554,286669374466044.0
2018-06-12,875.04,2,-1.51,-0.0017,879.18,882.92,870.11,1081644338,5697598832901,286081427600279.0
2018-06-14,864.56,2,-10.48,-0.012,873.02,873.02,861.14,1023502322,6144217447554,282394093054974.0
2018-06-15,866.22,1,1.66,0.0019,866.77,869.77,863.42,796592947,5527650674326,282937643103516.0
2018-06-18,840.23,2,-25.99,-0.03,866.44,866.86,833.22,783060885,5266652490410,274388669512776.0
2018-06-19,815.39,2,-24.84,-0.0296,841.09,846.62,815.37,793358498,5290209709521,266261463605970.0
2018-06-20,840.17,1,24.78,0.0304,819.87,840.17,817.64,759523998,4798391143386,274302200084759.0
2018-06-21,826.22,2,-13.95,-0.0166,841.44,841.91,826.22,758202730,4285478467946,269976357822082.0
2018-06-22,830.27,1,4.05,0.0049,826.01,830.68,815.43,831997220,4408281607690,271265569039654.0
2018-06-25,836.0,1,5.73,0.0069,831.48,836.99,826.66,668255397,3556874009596,273141989497261.0
2018-06-26,831.4,2,-4.6,-0.0055,825.05,832.32,817.16,657252908,3785715105522,272128240574863.0
2018-06-27,826.69,2,-4.71,-0.0056999999999999,832.72,839.61,826.69,695683232,4204786627030,270621877101101.0
2018-06-28,810.2,2,-16.49,-0.0199,823.16,827.01,810.18,826274823,3602179812321,265382378383016.0
2018-06-29,818.22,1,8.02,0.0098999999999999,817.2,819.05,802.0,642990668,3493811514675,267688877675460.0
2018-07-02,789.82,2,-28.4,-0.0347,818.75,819.94,789.8,676879051,3505889219938,258711689605477.0
2018-07-03,795.71,1,5.89,0.0075,797.63,801.91,779.41,718921722,3805231326422,260816855232981.0
2018-07-04,799.1,1,3.39,0.0043,795.06,802.92,792.44,704498397,3126708519867,261938843340586.0
2018-07-05,794.05,2,-5.05,-0.0063,799.77,800.93,782.23,651532031,3148655457989,260274887662365.0
2018-07-06,808.89,1,14.84,0.0187,795.23,809.96,785.22,710884727,3504711510468,265216175503581.0
2018-07-09,808.28,2,-0.61,-0.0008,806.85,813.1,803.25,521808363,2926289351149,265481193415351.0
2018-07-10,813.19,1,4.91,0.0060999999999999,814.56,815.9,811.46,533664970,2984844132246,267447468354542.0
2018-07-11,804.78,2,-8.41,-0.0103,810.18,811.56,803.88,532740201,3123959429280,264688881104401.0
2018-07-12,819.29,1,14.51,0.018,809.86,819.98,806.16,526496368,3339823551188,269543641484846.0
2018-07-13,827.89,1,8.6,0.0105,820.59,827.89,820.43,580528710,3192014391444,272433866623881.0
2018-07-16,825.71,2,-2.18,-0.0026,830.91,831.41,822.91,587342596,3009922686541,271901153945959.0
2018-07-17,819.72,2,-5.99,-0.0073,826.67,827.31,818.55,666457378,3427266124500,269912496047711.0
2018-07-18,810.44,2,-9.28,-0.0113,823.8,826.36,804.47,819764566,4302130889963,267922832327923.0
2018-07-19,796.49,2,-13.95,-0.0172,811.42,811.97,794.14,769174756,4142381974902,263391607781150.0
2018-07-20,791.61,2,-4.88,-0.0060999999999999,796.27,801.02,785.39,674706704,3526744320703,261793667866090.0
2018-07-23,756.96,2,-34.65,-0.0438,792.9,792.99,756.95,595300396,3641756230021,250374411818111.0
2018-07-24,761.57,1,4.61,0.0060999999999999,760.57,767.71,756.63,544441149,3370948905201,251891915326982.0
2018-07-25,748.89,2,-12.68,-0.0166,764.66,766.0,744.11,684209687,4525671493030,247442726672893.0
2018-07-26,765.15,1,16.26,0.0217,755.07,765.16,750.86,536438473,3512817055935,252909366023762.0
2018-07-27,773.98,1,8.83,0.0115,766.03,773.98,763.44,544487188,3218895032781,256136379253836.0
2018-07-30,769.8,2,-4.18,-0.0054,773.0,774.82,763.6,539661088,2969389646421,254752172557079.0
2018-07-31,775.52,1,5.72,0.0074,768.75,775.52,766.52,614997429,3462874002016,256779938718787.0
2018-08-01,790.25,1,14.73,0.019,779.0,790.38,778.55,574480489,3492273973580,261731395387269.0
2018-08-02,781.38,2,-8.87,-0.0112,788.77,788.88,776.38,546863363,3288313613652,258876237528439.0
2018-08-03,788.81,1,7.43,0.0095,786.1,788.82,784.33,539008143,2897141537453,261312194971196.0
2018-08-06,781.41,2,-7.4,-0.0093999999999999,789.26,790.82,780.97,514899864,2960288335318,259047561477913.0
2018-08-07,784.7,1,3.29,0.0042,783.45,784.88,775.5,526423100,3123384010790,260328467740551.0
2018-08-08,783.81,2,-0.89,-0.0011,787.21,789.76,781.27,660080140,3642343367614,259957407337473.0
2018-08-09,789.48,1,5.67,0.0072,783.43,789.68,780.95,601966834,3641778524984,261885978791975.0
2018-08-10,784.81,2,-4.67,-0.0059,789.71,792.44,781.34,620212742,3991177571168,260686513616504.0
2018-08-13,755.65,2,-29.16,-0.0372,780.69,780.69,755.58,619263602,3926053761221,251068682448489.0
2018-08-14,761.94,1,6.29,0.0083,758.33,766.26,756.01,538306146,3289211960903,253313267425745.0
2018-08-16,761.18,2,-0.76,-0.001,752.04,761.57,743.68,572841814,3739891369483,252978158375192.0
2018-08-17,772.3,1,11.12,0.0146,766.29,773.37,765.03,587546970,3479090774405,256839304580748.0
2018-08-20,769.78,2,-2.52,-0.0033,775.81,778.26,769.21,483971777,3230786511826,256254327895518.0
2018-08-21,787.15,1,17.37,0.0226,773.12,788.92,772.59,516586639,3466657096138,262063860659253.0
2018-08-22,785.95,2,-1.2,-0.0015,790.88,792.7,785.83,595001010,3432853196127,261700538792222.0
2018-08-23,791.28,1,5.33,0.0068,788.9,792.03,782.94,595238583,3351205316644,263677590456887.0
2018-08-24,798.23,1,6.95,0.0088,790.76,799.33,787.13,567855342,3572650951150,266054546513505.0
2018-08-27,801.04,1,2.81,0.0034999999999999,799.29,801.58,796.11,633860075,3884365494304,267219678291664.0
2018-08-28,798.17,2,-2.87,-0.0036,806.59,806.89,797.84,673695557,4031527904973,266352263808331.0
2018-08-29,803.18,1,5.01,0.0063,800.51,803.34,798.43,654444102,3554887723262,267990026393223.0
2018-08-30,804.47,1,1.29,0.0016,805.22,807.91,801.19,752106209,3709300648106,268611313095481.0
2018-08-31,816.97,1,12.5,0.0155,803.18,817.83,801.69,727392699,4109756161310,272940321623143.0
2018-09-03,816.84,2,-0.13,-0.0002,817.93,820.35,812.85,583650309,3918302447952,272917611840258.0
2018-09-04,827.27,1,10.43,0.0128,819.34,828.01,818.26,644221484,4275530458001,276384306175530.0
2018-09-05,820.0,2,-7.27,-0.0088,827.72,829.66,819.45,663690325,4349710681724,273883812960422.0
2018-09-06,815.18,2,-4.82,-0.0059,821.5,822.1,813.91,709791183,4545280825507,272407429201550.0
2018-09-07,818.86,1,3.68,0.0045,816.09,820.22,810.28,699516837,4536320400673,273534916750611.0
2018-09-10,816.16,2,-2.7,-0.0033,819.7,820.13,814.87,618278673,3922651952386,272533563410097.0
2018-09-11,820.23,1,4.07,0.005,816.21,821.29,815.82,688245471,4022844254451,274074079176991.0
2018-09-12,826.33,1,6.1,0.0074,824.52,827.75,820.34,639687491,5508599438041,276204491458732.0
2018-09-13,830.95,1,4.62,0.0056,828.54,830.95,825.1,552197766,4499267498988,277947585319826.0
2018-09-14,834.91,1,3.96,0.0048,833.84,836.36,831.17,603310027,5167283528703,279317641383401.0
2018-09-17,828.88,2,-6.03,-0.0072,837.93,837.97,826.16,587176284,4627530248489,277351012949646.0
2018-09-18,831.85,1,2.97,0.0036,826.44,833.66,824.87,704540424,5192696245170,276051927353647.0
2018-09-19,826.91,2,-4.94,-0.0059,833.0,834.15,824.46,788461469,6360568595936,274432043344296.0
2018-09-20,821.13,2,-5.78,-0.0069999999999999,829.2,832.51,819.3,686613089,6691515372823,272491011112509.0
2018-09-21,827.84,1,6.71,0.0081999999999999,825.16,827.92,821.36,532199942,4244709825328,274958905292278.0
2018-09-27,833.01,1,5.17,0.0062,828.09,834.29,827.88,551570335,3992029047663,276709737564135.0
2018-09-28,822.27,2,-10.74,-0.0129,832.37,833.14,819.9,704225581,4184390100154,273283124656181.0
2018-10-01,816.53,2,-5.74,-0.0069999999999999,824.86,825.53,813.48,571063155,3619620635172,271668920563327.0
2018-10-02,794.99,2,-21.54,-0.0264,817.39,818.46,794.99,587846630,3973314294873,264484947848439.0
2018-10-04,789.0,2,-5.99,-0.0075,800.03,801.46,785.14,528695877,3716734884375,262857464475025.0
2018-10-05,773.7,2,-15.3,-0.0194,784.94,791.32,769.29,573663099,3680850862085,257708002634756.0
2018-10-08,767.15,2,-6.55,-0.0085,772.36,784.47,767.08,516022536,3001838448983,255583943734479.0
2018-10-10,747.5,2,-19.65,-0.0256,768.31,770.85,746.63,669594222,3772109714063,249033708969613.0
2018-10-11,707.38,2,-40.12,-0.0537,720.22,733.04,707.31,699184831,4318476517061,235602529494587.0
2018-10-12,731.5,1,24.12,0.0341,704.72,731.5,704.72,557284456,3792517199172,243729490107583.0
2018-10-15,718.87,2,-12.63,-0.0173,732.98,733.9,717.72,496932092,3423222422824,239803745335333.0
2018-10-16,731.5,1,12.63,0.0176,724.3,734.12,724.3,472808145,2903469637056,244107600362184.0
2018-10-17,739.15,1,7.65,0.0105,744.21,746.14,732.61,536539291,3441848979443,246645296674458.0
2018-10-18,731.34,2,-7.81,-0.0106,741.21,742.24,730.08,482969617,2829537430755,244234781151314.0
2018-10-19,740.48,1,9.14,0.0125,725.29,740.54,718.48,440055700,3089661949957,247315788068331.0
2018-10-22,744.15,1,3.67,0.005,736.74,744.15,733.11,421570139,2491781835599,248675230760827.0
2018-10-23,719.0,2,-25.15,-0.0338,740.35,742.45,716.85,487839856,3154876659133,240261632450191.0
2018-10-24,699.3,2,-19.7,-0.0274,727.07,729.89,697.13,513842585,3632296376924,233616837595389.0
2018-10-25,686.84,2,-12.46,-0.0178,678.49,693.07,672.17,553155175,3618319329853,229296402534139.0
2018-10-26,663.07,2,-23.77,-0.0346,694.37,694.37,658.11,582817774,3581572531432,221754331529662.0
2018-10-29,629.7,2,-33.37,-0.0503,663.95,674.77,629.7,657089560,3899579842563,210461598792191.0
2018-10-30,644.14,1,14.44,0.0229,623.33,644.65,617.0,798837464,3996019127875,215282558501292.0
2018-10-31,648.67,1,4.53,0.0069999999999999,648.72,650.38,638.38,619017750,2789811796286,216610549871934.0
2018-11-01,657.46,1,8.79,0.0136,655.11,668.73,654.66,582655723,3481590252188,219969011322799.0
2018-11-02,690.65,1,33.19,0.0504999999999999,666.59,690.65,666.59,564217746,3581843359917,228151626412950.0
2018-11-05,691.94,1,1.29,0.0019,686.76,693.29,680.11,442503416,2904270959046,228699530285194.0
2018-11-06,691.55,2,-0.39,-0.0006,695.32,695.65,683.31,512018985,3016737507734,228714727297681.0
2018-11-07,682.37,2,-9.18,-0.0133,693.56,700.25,677.5,599590009,3820519509094,225696121485102.0
2018-11-08,693.67,1,11.3,0.0166,695.05,697.25,691.39,747371996,3358583711444,229337746248212.0
2018-11-09,687.29,2,-6.38,-0.0092,694.18,695.11,680.68,791776609,3219009264656,227355451815978.0
2018-11-12,670.82,2,-16.47,-0.024,677.96,682.52,670.13,574240069,2967793183621,221787657453778.0
2018-11-13,670.85,1,0.03,0.0,658.52,671.93,651.19,542147688,3036524874595,221928492865130.0
2018-11-14,671.56,1,0.71,0.0011,670.25,680.29,665.78,459371960,3024043900031,222360383996961.0
2018-11-15,681.38,1,9.82,0.0146,672.32,681.38,666.63,667932090,2903394326353,225865873975925.0
2018-11-16,690.18,1,8.8,0.0129,685.05,692.6,682.87,659141811,3031283088053,229002079768892.0
2018-11-19,702.13,1,11.95,0.0173,693.25,702.26,692.2,489402549,3312345095116,233419912312611.0
2018-11-20,690.81,2,-11.32,-0.0161,691.53,697.98,689.54,486692798,3288354893877,229680998622463.0
2018-11-21,695.72,1,4.91,0.0070999999999999,681.66,695.72,676.67,573867867,3394007896991,231848525861418.0
2018-11-22,692.39,2,-3.33,-0.0048,697.84,700.41,690.06,513214600,3020832991167,230887230587742.0
2018-11-23,683.06,2,-9.33,-0.0135,694.24,695.75,682.21,578900277,2986754708574,227802294833461.0
2018-11-26,695.36,1,12.3,0.018,685.1,697.57,685.06,470518186,2664505049470,231910663957195.0
2018-11-27,700.67,1,5.31,0.0076,698.96,702.13,693.18,521351708,2734460187217,234015590812190.0
2018-11-28,700.12,2,-0.55,-0.0008,702.99,703.24,698.74,658486858,3002075718277,233903944153814.0
2018-11-29,695.48,2,-4.64,-0.0066,709.69,710.45,694.71,667660376,3280449132345,232763354904228.0
2018-11-30,695.76,1,0.28,0.0004,696.99,700.51,692.8,537912083,2869072828899,233039252202824.0
2018-12-03,709.46,1,13.7,0.0197,704.38,709.65,702.65,549159722,3055096990811,237940070226674.0
2018-12-04,708.63,2,-0.83,-0.0012,709.46,711.77,704.3,656060919,2990364695417,237673253967067.0
2018-12-05,701.12,2,-7.51,-0.0106,695.14,702.69,694.88,639456960,2996231641527,235222582574375.0
2018-12-06,678.38,2,-22.74,-0.0324,699.15,699.54,677.09,637155175,3066759459291,227584350481934.0
2018-12-07,685.33,1,6.95,0.0102,685.48,687.81,679.28,600793565,2968604114517,229981711040784.0
2018-12-10,670.39,2,-14.94,-0.0218,675.53,680.19,667.25,495079044,2643646153096,224946562819319.0
2018-12-11,661.01,2,-9.38,-0.0139999999999999,673.23,673.61,661.01,566811528,3336836216121,221862468009549.0
2018-12-12,676.48,1,15.47,0.0233999999999999,664.76,676.98,664.76,524545971,2740279607439,227205577853831.0
2018-12-13,681.78,1,5.3,0.0078,678.51,681.78,673.78,553272397,3349855847228,229071450444581.0
2018-12-14,666.34,2,-15.44,-0.0226,680.91,680.91,663.43,522166804,3538722920672,223900925599200.0
2018-12-17,661.9,2,-4.44,-0.0067,665.48,665.77,652.84,550124013,3392667239260,222497887459774.0
2018-12-18,659.67,2,-2.23,-0.0034,654.14,665.17,653.81,675886473,3521203344218,221758984295227.0
2018-12-19,672.08,1,12.41,0.0187999999999999,663.73,673.59,661.2,777025225,3570092226068,226429851800210.0
2018-12-20,668.13,2,-3.95,-0.0059,667.74,677.79,664.34,597235110,3193672962699,225149068065952.0
2018-12-21,673.64,1,5.51,0.0081999999999999,667.22,675.23,667.21,629582676,3277942486143,227178218535190.0
2018-12-24,669.79,2,-3.85,-0.0056999999999999,671.78,673.48,668.46,690900740,3392852221903,226553577652210.0
2018-12-26,665.74,2,-4.05,-0.006,658.7,666.69,655.8,696045076,3848396998721,225343624143510.0
2018-12-27,667.88,1,2.14,0.0032,678.86,678.86,667.13,575975991,3318858353423,225448053533305.0
2018-12-28,675.65,1,7.77,0.0116,670.83,675.89,669.71,598210555,3033870814294,228238295556450.0
2019-01-02,669.37,2,-6.28,-0.0093,682.16,683.09,667.71,539451686,3384325928172,226172804873996.0
2019-01-03,657.02,2,-12.35,-0.0185,671.98,673.61,656.85,656327569,3626867586671,221939519745490.0
2019-01-04,664.49,1,7.47,0.0113999999999999,655.62,664.49,648.95,554455638,3331488964507,224484123520116.0
2019-01-07,672.84,1,8.35,0.0126,672.76,675.31,669.07,584294682,3211134627621,227214008912378.0
2019-01-08,668.49,2,-4.35,-0.0065,674.53,675.05,667.01,623518443,3713727831818,225736488713264.0
2019-01-09,679.74,1,11.25,0.0168,672.38,681.12,671.95,622017629,3193834800235,229481678678262.0
2019-01-10,683.34,1,3.6,0.0053,680.61,685.65,678.23,735087237,3742925557164,230368301689768.0
2019-01-11,686.33,1,2.99,0.0044,686.09,688.01,683.59,701507943,3570684869324,231370185200878.0
2019-01-14,683.09,2,-3.24,-0.0046999999999999,687.42,687.42,682.54,613343310,3108914766615,230223287985563.0
2019-01-15,690.39,1,7.3,0.0107,684.97,691.56,684.32,639018327,3517053518394,232655529282550.0
2019-01-16,693.38,1,2.99,0.0043,692.72,693.5,687.43,788307833,3971466187284,233791659218652.0
2019-01-17,686.35,2,-7.03,-0.0101,694.94,696.21,686.27,862712540,4591532425577,231441898717926.0
2019-01-18,696.34,1,9.99,0.0146,690.83,696.34,689.8,819962730,4437355713901,234953392130970.0
2019-01-21,695.62,2,-0.72,-0.001,698.74,698.74,692.95,794340039,4025977636613,234700429265073.0
2019-01-22,694.55,2,-1.07,-0.0015,698.0,698.3,692.45,794374278,3930136680080,234383726172398.0
2019-01-23,695.63,1,1.08,0.0016,691.5,697.06,690.91,683155731,3926609186389,234782562964434.0
2019-01-24,704.41,1,8.78,0.0126,696.97,704.78,696.8,605765601,3742060902639,237779647415955.0
2019-01-25,711.38,1,6.97,0.0098999999999999,705.66,712.67,704.67,631592683,3816846591053,240274364183482.0
2019-01-28,714.26,1,2.88,0.004,713.41,717.31,711.96,664266603,3699906342744,241311836491744.0
2019-01-29,710.99,2,-3.27,-0.0046,712.65,713.65,705.89,703385953,3922761019731,240178987977898.0
2019-01-30,715.3,1,4.31,0.0060999999999999,712.87,716.77,711.71,719235308,3898469223103,241788283362943.0
2019-01-31,716.86,1,1.56,0.0022,719.93,721.58,714.31,684510366,3771395597638,242350256510105.0
2019-02-01,716.92,1,0.06,0.0001,719.08,719.74,714.66,643316085,3952423768726,242782200511810.0
2019-02-07,728.79,1,11.87,0.0166,719.86,728.89,717.53,713057339,3702347432161,246736050134590.0
2019-02-08,728.74,2,-0.05,-0.0001,726.4,729.74,724.99,736597474,3648374473503,246776515243943.0
2019-02-11,733.47,1,4.73,0.0065,731.82,733.94,730.32,704616472,3822231369341,248908061978054.0
2019-02-12,730.58,2,-2.89,-0.0039,734.87,735.14,729.52,692220009,3825195419827,247959824641585.0
2019-02-13,739.91,1,9.33,0.0128,734.56,740.44,733.37,798622665,3948426111484,250983252700381.0
2019-02-14,742.27,1,2.36,0.0032,740.69,742.46,737.07,738308285,3987054876490,251780394230617.0
2019-02-15,738.66,2,-3.61,-0.0049,741.53,743.2,734.37,737998888,4103589081840,250599992041802.0
2019-02-18,745.33,1,6.67,0.009,743.53,746.81,742.5,734383010,3422762288037,252958777803011.0
2019-02-19,748.05,1,2.72,0.0036,746.5,748.69,741.2,793917047,4023712015054,253987813292963.0
2019-02-20,750.69,1,2.64,0.0034999999999999,749.52,751.66,747.56,885293212,4103406263374,255424452195619.0
2019-02-21,747.33,2,-3.36,-0.0045,752.3,752.75,744.87,956553966,4334338331038,254302733216394.0
2019-02-22,743.38,2,-3.95,-0.0053,747.25,748.11,740.94,965508426,3920070962790,253089830791098.0
2019-02-25,750.4,1,7.02,0.0093999999999999,746.79,750.93,746.3,735845476,3701081658260,255564176845209.0
2019-02-26,747.09,2,-3.31,-0.0044,752.25,753.66,746.12,956644348,3832204470466,254604553318959.0
2019-02-27,752.16,1,5.07,0.0068,748.11,752.16,747.16,921722317,3986164490346,256372124992380.0
2019-02-28,731.25,2,-20.91,-0.0278,753.29,755.92,731.25,1016481452,5427451603553,249196922425730.0
2019-03-04,748.07,1,16.82,0.023,739.19,748.87,739.19,707577329,4184004983196,254982915497620.0
2019-03-05,747.95,2,-0.12,-0.0002,746.9,751.45,743.8,753414435,4386457020919,256229006168043.0
2019-03-06,746.7,2,-1.25,-0.0017,750.13,750.81,741.68,846993878,4320269888968,255757714884388.0
2019-03-07,736.83,2,-9.87,-0.0132,746.21,750.13,733.49,897292641,4482811030884,252451521962709.0
2019-03-08,735.97,2,-0.86,-0.0012,733.38,739.59,730.42,871229124,3573382377818,252101576340321.0
2019-03-11,739.09,1,3.12,0.0042,737.27,739.1,726.11,686954305,3892937135444,253141160291227.0
2019-03-12,754.76,1,15.67,0.0212,745.76,754.76,745.76,792766590,5189636070641,257319123920014.0
2019-03-13,754.89,1,0.13,0.0002,755.3,758.9,750.49,797145431,4981843746791,257314386798309.0
2019-03-14,755.42,1,0.53,0.0007,758.53,762.41,755.42,643981465,4405717875089,257522551866539.0
2019-03-15,748.36,2,-7.06,-0.0093,756.82,757.29,743.34,881367995,5907010498846,255342326725899.0
2019-03-18,753.13,1,4.77,0.0064,752.15,755.89,748.7,705218778,4343581491035,256965884676772.0
2019-03-19,748.91,2,-4.22,-0.0056,757.07,757.88,748.76,984686466,4713909636460,255533876679720.0
2019-03-20,749.76,1,0.85,0.0011,750.5,750.5,741.25,880135052,4838198497290,255742070457329.0
2019-03-21,743.52,2,-6.24,-0.0083,750.79,753.98,742.03,795564446,4822786804180,253620523613674.0
2019-03-22,743.97,1,0.45,0.0006,747.87,748.05,741.03,752365722,4744195193807,254008903243493.0
2019-03-25,727.21,2,-16.76,-0.0225,733.51,737.22,726.93,696282882,4494273492070,248283881293986.0
2019-03-26,736.81,1,9.6,0.0132,732.76,737.5,729.22,656384764,3912306076119,251389139094777.0
2019-03-27,728.45,2,-8.36,-0.0113,739.22,739.22,728.43,748819204,4137567377744,249152887716950.0
2019-03-28,719.72,2,-8.73,-0.012,727.7,728.56,719.72,695541132,3893133953049,246179611007462.0
2019-03-29,729.31,1,9.59,0.0133,723.64,729.31,714.53,779262138,4081058843724,249257413979735.0
2019-04-01,736.81,1,7.5,0.0103,731.5,737.69,729.74,704756685,3592041943598,251172763022900.0
2019-04-02,739.57,1,2.76,0.0037,740.94,740.94,737.18,955939923,4106381975763,251856567066333.0
2019-04-03,749.3,1,9.73,0.0132,741.76,749.3,740.73,807521350,4220277762824,255220562464877.0
2019-04-04,751.58,1,2.28,0.003,750.9,753.39,746.29,879690011,4359673200201,256161280047488.0
2019-04-05,751.71,1,0.13,0.0002,752.28,753.97,748.79,788494161,4273409603442,256131503119815.0
2019-04-08,751.92,1,0.21,0.0003,755.32,756.16,750.02,762374091,4321665707119,256229804900545.0
2019-04-09,756.81,1,4.89,0.0065,753.72,756.92,749.87,836573253,4701168278265,257772263571615.0
2019-04-10,760.15,1,3.34,0.0044,755.73,760.15,754.05,744528283,4692968086240,258999547195325.0
2019-04-11,766.49,1,6.34,0.0083,762.15,766.56,762.13,760873641,4329711935026,261317478015639.0
2019-04-12,767.85,1,1.36,0.0018,765.6,769.09,762.99,926529303,4342635071383,261987812245584.0
2019-04-15,766.75,2,-1.1,-0.0014,770.63,770.66,765.62,951955801,4783660077768,261996782554331.0
2019-04-16,765.02,2,-1.73,-0.0023,767.59,767.73,758.69,979257064,4776286054814,261543432632971.0
2019-04-17,766.89,1,1.87,0.0024,766.7,768.43,765.36,1063544966,4967478306557,262126284511625.0
2019-04-18,753.52,2,-13.37,-0.0174,767.74,767.85,751.59,904450018,4815044019784,257721056087787.0
2019-04-19,762.57,1,9.05,0.012,757.42,762.95,757.35,773546174,3805305968263,260935317389039.0
2019-04-22,762.01,2,-0.56,-0.0007,764.37,767.02,760.02,691820958,3677724507590,260715131871053.0
2019-04-23,761.42,2,-0.59,-0.0008,763.58,764.48,756.77,895100932,4169425321426,260579136322297.0
2019-04-24,757.82,2,-3.6,-0.0046999999999999,765.0,765.02,755.93,886600155,4453437820077,259580232785139.0
2019-04-25,750.43,2,-7.39,-0.0098,757.64,757.64,750.43,946890229,4328694774584,257052034620312.0
2019-04-26,741.0,2,-9.43,-0.0126,748.3,750.23,739.84,865151764,3788915871174,254021602511795.0
2019-04-29,750.6,1,9.6,0.013,744.01,750.6,742.43,754662014,3228088303422,257339065385459.0
2019-04-30,754.74,1,4.14,0.0055,751.4,755.11,746.42,671042346,3769023253750,258788699292522.0
2019-05-02,760.38,1,5.64,0.0075,753.51,760.94,753.43,779401696,4247854989866,260784600617045.0
2019-05-03,761.82,1,1.44,0.0019,761.13,762.72,758.42,701320875,3753454939110,261291519790318.0
2019-05-07,753.45,2,-8.37,-0.011,751.26,757.97,749.27,728048409,3645775551244,258806780259188.0
2019-05-08,745.37,2,-8.08,-0.0107,745.86,751.55,745.36,922683490,4239485294749,256173387823944.0
2019-05-09,724.22,2,-21.15,-0.0283999999999999,746.96,747.96,722.6,992089008,4603640937913,248970984826653.0
2019-05-10,722.62,2,-1.6,-0.0022,726.06,729.84,712.15,916495571,4200841844187,248036568662459.0
2019-05-13,708.8,2,-13.82,-0.0191,722.19,724.78,708.77,916425309,4537676946296,243264156643002.0
2019-05-14,710.16,1,1.36,0.0019,698.86,714.8,698.3,1072271282,5055505136498,243734205724435.0
2019-05-15,729.6,1,19.44,0.0274,714.94,729.63,713.49,859428120,4941190904835,250301184628782.0
2019-05-16,717.59,2,-12.01,-0.0165,731.09,731.78,716.68,911753485,4878492699371,246284374547733.0
2019-05-17,714.13,2,-3.46,-0.0048,723.94,727.56,713.94,783634881,4587780339595,245328349591977.0
2019-05-20,702.08,2,-12.05,-0.0169,717.12,719.57,701.76,733169278,3770627782839,241215212711996.0
2019-05-21,703.98,1,1.9,0.0027,701.83,708.16,700.0,792043798,4390983735945,241890925833418.0
2019-05-22,706.93,1,2.95,0.0042,709.38,710.46,702.25,723703822,4221779360344,242883735391821.0
2019-05-23,696.89,2,-10.04,-0.0141999999999999,707.74,707.95,696.88,902830344,4643652388720,239395672890253.0
2019-05-24,690.03,2,-6.86,-0.0098,694.02,696.75,686.72,862120736,4387035886268,237063634707988.0
2019-05-27,689.67,2,-0.36,-0.0005,692.06,696.3,684.07,782619316,4313687221940,237021265674575.0
2019-05-28,702.76,1,13.09,0.019,691.55,702.76,690.78,723961541,4538620887701,241316089198946.0
2019-05-29,691.47,2,-11.29,-0.0161,699.12,699.53,689.9,849781747,4522970828689,234288964305568.0
2019-05-30,689.33,2,-2.14,-0.0031,692.6,696.45,685.31,669463495,3953387593616,233627782831492.0
2019-05-31,696.47,1,7.14,0.0104,688.7,699.4,687.71,642145318,3498742989670,236882568200022.0
2019-06-03,697.5,1,1.03,0.0015,693.26,698.35,691.8,643044614,3581778781114,237193624481924.0
2019-06-04,702.53,1,5.03,0.0072,699.12,702.53,697.2,657095617,3857151697919,238838422868794.0
2019-06-05,707.75,1,5.22,0.0074,709.07,710.11,706.76,616916072,4063890887693,240722090069871.0
2019-06-07,716.53,1,8.78,0.0124,711.77,716.56,708.73,723224035,4016297951303,243722653073456.0
2019-06-10,721.14,1,4.61,0.0064,721.12,721.5,717.08,763021333,4071222896085,245587311755135.0
2019-06-11,728.79,1,7.65,0.0106,723.61,728.79,722.51,897025715,4195981335360,248217444770902.0
2019-06-12,724.32,2,-4.47,-0.0060999999999999,729.06,729.06,721.91,724080554,3997840844032,247173659825164.0
2019-06-13,726.68,1,2.36,0.0033,724.57,730.86,721.87,839460636,4977454118166,247960685184053.0
2019-06-14,722.25,2,-4.43,-0.0060999999999999,729.39,729.39,721.44,843435161,4627883529044,246460311736197.0
2019-06-17,719.13,2,-3.12,-0.0043,723.52,723.9,718.62,757969775,3994985337530,245470963234586.0
2019-06-18,714.86,2,-4.27,-0.0059,721.25,723.79,713.17,1047010209,4899676116328,244174120067672.0
2019-06-19,717.71,1,2.85,0.004,721.66,722.66,714.98,979442675,4250538250725,245237583298782.0
2019-06-20,727.32,1,9.61,0.0134,719.54,727.34,719.31,1004460003,4056678934668,248571463662141.0
2019-06-21,722.64,2,-4.68,-0.0064,729.2,729.2,721.96,1100646594,4380845803931,246991457439294.0
2019-06-24,717.69,2,-4.95,-0.0068,725.04,725.05,717.22,923986488,3717770468558,245347008877130.0
2019-06-25,710.02,2,-7.67,-0.0107,719.03,720.06,707.64,1058007888,4875710544689,242887154127185.0
2019-06-26,709.37,2,-0.65,-0.0009,710.15,713.57,706.44,981440876,4747047714141,242791007408047.0
2019-06-27,698.21,2,-11.16,-0.0157,711.18,713.14,694.53,909979154,5131838476368,239089172765087.0
2019-06-28,690.53,2,-7.68,-0.011,698.63,700.42,687.29,784769785,4241075097229,236405674233134.0
2019-07-01,696.0,1,5.47,0.0079,696.38,697.97,692.76,734433278,5156354340512,238458830094666.0
2019-07-02,696.25,1,0.25,0.0004,695.8,699.44,693.19,696445726,4052249681800,238565438926786.0
2019-07-03,693.04,2,-3.21,-0.0046,697.68,698.89,689.86,676298786,3979382946906,237389805604275.0
2019-07-04,691.27,2,-1.77,-0.0026,693.96,694.63,682.73,763516530,4132922883851,236950136647970.0
2019-07-05,694.17,1,2.9,0.0042,692.86,694.39,686.93,729813499,4048011198486,237965631550822.0
2019-07-08,668.72,2,-25.45,-0.0366999999999999,691.97,691.97,668.72,766598859,4249617551670,229212801240612.0
2019-07-09,657.8,2,-10.92,-0.0163,670.76,675.09,657.77,879148637,4125586247927,225546659345829.0
2019-07-10,666.9,1,9.1,0.0138,662.3,670.68,660.62,774833232,3861175800149,228676544330116.0
2019-07-11,677.09,1,10.19,0.0153,669.98,677.11,668.42,791145307,4152966756187,232180143981602.0
2019-07-12,681.17,1,4.08,0.006,677.87,682.65,673.76,735655717,4135928126626,234104173281677.0
2019-07-15,674.79,2,-6.38,-0.0093999999999999,682.36,682.36,671.71,715663293,4212000125404,231859260272464.0
2019-07-16,674.42,2,-0.37,-0.0005,675.67,679.69,672.77,824276679,4586564165414,231884531075356.0
2019-07-17,666.28,2,-8.14,-0.0121,673.08,673.34,661.93,901090508,4235393318706,229203214099759.0
2019-07-18,665.15,2,-1.13,-0.0017,665.09,669.47,661.82,837117059,4258998337436,228809066865268.0
2019-07-19,674.06,1,8.91,0.0134,668.2,674.06,668.2,756214631,3949976654904,231949931597697.0
2019-07-22,674.78,1,0.72,0.0011,674.0,675.48,671.44,644965353,3357187145112,232164617476852.0
2019-07-23,668.65,2,-6.13,-0.0091,675.84,678.27,666.79,894110668,4590939822447,230134682111962.0
2019-07-24,659.83,2,-8.82,-0.0132,670.31,672.36,659.26,971455779,4976197605457,227291906032066.0
2019-07-25,652.4,2,-7.43,-0.0113,660.3,661.62,647.38,871058203,4177256663695,225066018857751.0
2019-07-26,644.59,2,-7.81,-0.012,650.3,652.38,640.43,886276587,3969501849022,222533551234131.0
2019-07-29,618.78,2,-25.81,-0.04,643.34,643.34,618.78,795264713,3783791120835,213640714342623.0
2019-07-30,625.64,1,6.86,0.0111,620.33,630.61,620.33,716177618,3566194812620,216345978315231.0
2019-07-31,630.18,1,4.54,0.0073,625.05,631.43,610.7,770559301,4228756057098,217992287425957.0
2019-08-01,622.26,2,-7.92,-0.0126,627.94,634.44,622.25,694237671,4161131559796,215506175554230.0
2019-08-02,615.7,2,-6.56,-0.0105,612.01,622.36,607.01,601247078,3703940738704,213545670041730.0
2019-08-05,569.79,2,-45.91,-0.0746,614.69,615.23,569.78,821183035,4773105529178,197856076764247.0
2019-08-06,551.5,2,-18.29,-0.0321,555.07,577.51,540.83,973681906,5611504802381,191455864980664.0
2019-08-07,564.64,1,13.14,0.0237999999999999,562.47,567.52,554.18,835978098,4843612803632,195944703306167.0
2019-08-08,585.44,1,20.8,0.0368,571.59,585.44,571.0,929189336,4831848776070,203396203114656.0
2019-08-09,590.04,1,4.6,0.0079,590.51,593.28,585.94,690855034,4157334385171,204947491024048.0
2019-08-12,594.17,1,4.13,0.0069999999999999,590.43,594.7,585.07,707419095,3440960280596,206537033466707.0
2019-08-13,590.75,2,-3.42,-0.0058,589.71,593.98,588.47,755896855,3792005148606,204835997368035.0
2019-08-14,597.15,1,6.4,0.0108,600.35,601.46,596.23,793565045,4105968772649,207100532953758.0
2019-08-16,591.57,2,-5.58,-0.0093,590.04,592.82,587.49,684048938,3767531763396,205179214565609.0
2019-08-19,594.65,1,3.08,0.0052,596.42,597.59,591.21,706961204,3393083985576,206354181149146.0
2019-08-20,607.01,1,12.36,0.0208,597.15,607.87,595.62,914620469,3639424352108,210746710801948.0
2019-08-21,615.96,1,8.95,0.0147,605.83,615.96,604.83,821038397,3531843672807,213809009611395.0
2019-08-22,612.25,2,-3.71,-0.006,618.34,618.73,611.67,850917587,3931125815518,212800968802061.0
2019-08-23,608.98,2,-3.27,-0.0053,606.28,612.63,605.93,706441336,3806195546938,211789012084086.0
2019-08-26,582.91,2,-26.07,-0.0428,594.25,598.08,582.77,711378671,3917963814228,202842694120796.0
2019-08-27,588.32,1,5.41,0.0093,592.38,596.43,587.42,651146613,3241330547057,204893443109570.0
2019-08-28,602.9,1,14.58,0.0248,590.67,602.9,590.36,698491116,3908017106616,209884833126731.0
2019-08-29,599.57,2,-3.33,-0.0055,604.19,605.39,595.26,681486558,3605905577977,208866574935509.0
2019-08-30,610.55,1,10.98,0.0183,607.14,611.11,606.65,787576090,3705439647747,212772631897591.0
2019-09-02,619.81,1,9.26,0.0152,609.46,619.9,608.97,683774686,3577065689618,216055268206340.0
2019-09-03,620.02,1,0.21,0.0003,619.86,623.34,619.28,777379804,3728694223690,216093197893145.0
2019-09-04,629.31,1,9.29,0.015,619.61,629.31,619.46,792568398,3955113050918,219361174674080.0
2019-09-05,632.99,1,3.68,0.0058,633.19,634.96,631.38,948696015,5023655216351,221496777139205.0
2019-09-06,631.15,2,-1.84,-0.0029,637.33,637.33,630.6,882307022,4481747586236,220838794009387.0
2019-09-09,625.77,2,-5.38,-0.0085,633.61,634.3,625.28,709696093,3850357999061,219019398786224.0
2019-09-10,623.25,2,-2.52,-0.004,627.77,628.81,621.95,830373283,3762025354693,218172410796504.0
2019-09-11,630.37,1,7.12,0.0113999999999999,625.81,632.42,624.78,718202237,3720938578364,220787040467794.0
2019-09-16,638.59,1,8.22,0.013,634.67,638.59,630.16,622054824,3220465928060,223602964046458.0
2019-09-17,644.28,1,5.69,0.0089,637.1,646.05,636.0,823507478,4139544485812,225609051150302.0
2019-09-18,645.12,1,0.84,0.0013,646.25,648.95,644.32,909109347,4459121075228,226017141265775.0
2019-09-19,645.71,1,0.59,0.0009,646.83,651.45,643.0,867284167,4008539192546,226266025048850.0
2019-09-20,649.07,1,3.36,0.0052,647.5,650.03,645.91,844700719,4340363378878,227801893193165.0
2019-09-23,645.01,2,-4.06,-0.0063,648.81,649.22,644.39,747643998,3397867496267,226423545060383.0
2019-09-24,641.85,2,-3.16,-0.0049,643.45,646.6,641.17,778008050,3765461126040,225371212491872.0
2019-09-25,626.76,2,-15.09,-0.0235,641.08,641.23,626.02,987731264,4561734326663,220152599211948.0
2019-09-26,628.42,1,1.66,0.0026,632.31,635.64,622.55,838492593,4566644471714,220728153788628.0
2019-09-27,626.93,2,-1.49,-0.0024,628.41,628.41,623.32,724108625,3402629379822,220226431579822.0
2019-09-30,621.76,2,-5.17,-0.0081999999999999,625.69,627.3,615.64,745973380,3606633471657,218426090721906.0
2019-10-01,632.1,1,10.34,0.0166,623.7,632.12,621.76,875336334,4374428925022,222117887908451.0
2019-10-02,624.51,2,-7.59,-0.012,627.75,630.62,624.47,1252778506,4524334853147,219465800160828.0
2019-10-04,621.84,2,-2.67,-0.0043,623.08,627.15,619.53,792984550,4033259788597,218535335892240.0
2019-10-07,627.21,1,5.37,0.0086,625.25,627.82,622.45,753054161,4811783564400,220387804400524.0
2019-10-08,635.41,1,8.2,0.0131,628.03,635.94,624.92,864368705,6110522317562,223300696347799.0
2019-10-10,634.73,2,-0.68,-0.0011,633.96,635.85,630.59,715225988,4376728738244,223036537137259.0
2019-10-11,632.95,2,-1.78,-0.0028,638.22,638.49,632.92,767474370,4681884179305,222444691940169.0
2019-10-14,641.46,1,8.51,0.0134,638.65,643.41,637.69,681422756,4037155024696,225736599169810.0
2019-10-15,646.8,1,5.34,0.0083,641.51,647.4,641.49,737772872,4121168218779,227629916977590.0
2019-10-16,651.96,1,5.16,0.008,650.61,652.73,649.88,860252569,4633299833111,229431185552449.0
2019-10-17,649.29,2,-2.67,-0.0040999999999999,653.08,654.67,646.61,1042682866,5194384471385,228674544040349.0
2019-10-18,646.69,2,-2.6,-0.004,651.55,651.97,645.59,866092933,4760597539519,227454259231187.0
2019-10-21,649.18,1,2.49,0.0039,646.79,649.18,645.35,767921115,4694497434238,228312444370258.0
2019-10-22,655.91,1,6.73,0.0104,653.17,660.35,651.1,883770949,6333997484232,230791758834899.0
2019-10-23,658.98,1,3.07,0.0046999999999999,656.88,660.38,654.78,1033677815,6307183955711,231862915530164.0
2019-10-24,658.75,2,-0.23,-0.0003,658.53,662.27,647.53,1073219785,7963560083764,231876860432554.0
2019-10-25,652.37,2,-6.38,-0.0097,657.6,658.77,651.29,1009206412,7007192225884,229730534434466.0
2019-10-28,652.42,1,0.05,0.0001,655.05,657.29,651.95,933703160,6476201719453,229792981455510.0
2019-10-29,658.3,1,5.88,0.009,656.85,658.76,653.83,954715557,6534640743936,231933741165663.0
2019-10-30,655.04,2,-3.26,-0.005,660.6,660.6,654.15,892700183,5813807629476,230810077691786.0
2019-10-31,658.52,1,3.48,0.0053,658.45,661.65,656.96,892492409,5241227668046,232231894758796.0
2019-11-01,662.34,1,3.82,0.0058,658.16,662.34,656.13,820171960,4734490574657,233606028149201.0
2019-11-04,668.45,1,6.11,0.0092,667.2,669.66,665.63,921194123,4731445508040,235777038270106.0
2019-11-05,672.18,1,3.73,0.0056,669.47,672.18,666.0,987479965,6221553991449,237194145218387.0
2019-11-06,669.68,2,-2.5,-0.0037,672.12,673.86,669.25,1091285897,6061616775367,236277253693209.0
2019-11-07,666.15,2,-3.53,-0.0053,668.73,669.57,663.7,1026100144,5679533394144,235693338116395.0
2019-11-08,664.6,2,-1.55,-0.0023,669.34,670.59,662.46,952988845,4475519931633,235295732464099.0
2019-11-11,661.37,2,-3.23,-0.0049,666.13,666.13,658.7,922613294,4160073858555,234286919438724.0
2019-11-12,665.14,1,3.77,0.0056999999999999,662.11,665.86,661.42,1081150643,4618378952911,235619187912989.0
2019-11-13,661.85,2,-3.29,-0.0049,665.37,665.48,659.95,1363966104,4829468954620,234500283907913.0
2019-11-14,663.31,1,1.46,0.0022,663.25,666.05,659.21,1359616417,5251760314812,235158204574983.0
2019-11-15,668.51,1,5.2,0.0078,662.87,668.54,660.64,1107075108,5124025379951,237163556746131.0
2019-11-18,669.34,1,0.83,0.0012,670.07,671.09,666.82,1086953751,5401260327604,237591190482029.0
2019-11-19,662.53,2,-6.81,-0.0102,669.11,669.24,662.24,1156557400,5280502776301,235179760942236.0
2019-11-20,649.87,2,-12.66,-0.0191,661.45,663.76,648.82,1289204747,5928634361236,230847032261264.0
2019-11-21,635.99,2,-13.88,-0.0214,650.56,651.23,634.29,1051934240,5025589607923,226030655427824.0
2019-11-22,633.92,2,-2.07,-0.0033,637.99,640.77,629.74,1053044808,5162173373470,225644236961763.0
2019-11-25,647.4,1,13.48,0.0213,639.5,647.41,639.5,826788539,4086008502225,230500423530390.0
2019-11-26,651.59,1,4.19,0.0065,650.79,653.54,649.78,868850404,5091667170718,232218230848022.0
2019-11-27,647.39,2,-4.2,-0.0064,653.74,653.87,646.89,859365268,5153173452390,231384396667132.0
2019-11-28,640.18,2,-7.21,-0.0111,646.27,649.37,640.18,882465675,4265274491306,228908690676662.0
2019-11-29,632.99,2,-7.19,-0.0112,641.72,643.27,631.4,940624909,4319179702527,226930389499064.0
2019-12-02,634.5,1,1.51,0.0024,635.58,638.35,632.22,845648626,3811687139821,227301561927990.0
2019-12-03,629.58,2,-4.92,-0.0078,630.07,632.01,627.0,868945247,4117052572313,225664363880845.0
2019-12-04,625.27,2,-4.31,-0.0068,626.06,630.45,622.67,928166942,3828566664827,224147875661267.0
2019-12-05,617.6,2,-7.67,-0.0123,629.49,629.6,613.77,901705508,4682213345378,221358411691637.0
2019-12-06,628.1,1,10.5,0.017,619.48,628.11,619.48,726660329,4098402463336,225209549673349.0
2019-12-09,627.86,2,-0.24,-0.0004,630.6,630.63,625.59,778729886,4226425976737,225159097723253.0
2019-12-10,627.11,2,-0.75,-0.0012,627.62,627.76,623.54,763025394,3950678325328,225002396244804.0
2019-12-11,629.13,1,2.02,0.0032,627.26,630.6,626.57,817888278,3952346344697,225900417038854.0
2019-12-12,636.94,1,7.81,0.0124,632.29,638.92,631.25,941202174,4498908804218,228754293952703.0
2019-12-13,643.45,1,6.51,0.0102,643.34,645.73,641.87,913750547,4290512961784,231121252745390.0
2019-12-16,644.44,1,0.99,0.0015,644.91,646.56,643.24,794175485,3748611659928,231552540646795.0
2019-12-17,650.58,1,6.14,0.0095,646.8,650.58,646.04,851063934,4486599257941,233969648834926.0
2019-12-18,648.95,2,-1.63,-0.0025,650.87,651.71,647.73,882121524,4328545825601,233518136077077.0
2019-12-19,647.85,2,-1.1,-0.0017,650.3,653.65,645.11,808153790,3734443972598,233553667866613.0
2019-12-20,649.73,1,1.88,0.0029,650.19,651.2,647.9,944573044,4198107649046,234817288488122.0
2019-12-23,647.62,2,-2.11,-0.0032,651.77,652.81,646.68,725861836,3968732238058,234058374740461.0
2019-12-24,638.91,2,-8.71,-0.0134,648.71,648.71,638.74,763092114,3572405768036,231075710418008.0
2019-12-26,652.07,1,13.16,0.0206,640.77,652.09,640.2,921877734,4352931501885,235647597350004.0
2019-12-27,661.24,1,9.17,0.0141,652.6,661.59,652.17,807711662,4312635345158,238198875786701.0
2019-12-30,669.83,1,8.59,0.013,662.06,669.83,661.62,789329743,3799412603271,241350997492726.0
2020-01-02,674.02,1,4.19,0.0063,672.53,674.3,666.62,783730760,4476504857524,242768147795532.0
2020-01-03,669.93,2,-4.09,-0.0060999999999999,677.57,679.37,668.1,903858876,5540086126762,241357675885325.0
2020-01-06,655.31,2,-14.62,-0.0218,660.08,663.1,653.61,884278619,4961872077526,236177411592074.0
2020-01-07,663.44,1,8.13,0.0124,660.87,664.21,659.18,970306788,5302183281958,239161960485498.0
2020-01-08,640.94,2,-22.5,-0.0339,657.24,658.14,637.43,1379708008,7034355004943,231058476164510.0
2020-01-09,666.09,1,25.15,0.0392,657.01,666.09,656.25,980618698,5261765806520,240120847246063.0
2020-01-10,673.03,1,6.94,0.0104,668.79,673.03,665.92,837389583,4913661593203,242702877200386.0
2020-01-13,679.22,1,6.19,0.0092,673.76,679.22,673.23,894402015,4843152895175,245066837935631.0
2020-01-14,678.71,2,-0.51,-0.0008,682.14,685.88,676.78,897262055,5205779468611,244889130461349.0
2020-01-15,679.16,1,0.45,0.0007,678.83,681.39,676.91,908209030,4233510087479,245115557824536.0
2020-01-16,686.52,1,7.36,0.0108,679.67,686.52,679.49,880290516,5239369411283,247712207619104.0
2020-01-17,688.41,1,1.89,0.0028,689.73,690.61,686.68,1028709944,5544314335430,248533214454011.0
2020-01-20,683.47,2,-4.94,-0.0072,690.85,691.17,682.48,1019250129,5916227176847,246894427722961.0
2020-01-21,676.52,2,-6.95,-0.0102,683.82,685.89,675.48,1032065677,5569469276494,244458961690645.0
2020-01-22,688.25,1,11.73,0.0173,677.05,688.28,677.05,1012722625,4631042812298,248680112428119.0
2020-01-23,685.57,2,-2.68,-0.0039,685.94,687.71,683.52,957782058,5009218101843,247897515122218.0
2020-01-28,664.7,2,-20.87,-0.0304,660.79,668.22,658.78,1161215976,6991101823659,240463052434010.0
2020-01-29,670.18,1,5.48,0.0081999999999999,671.08,671.98,664.09,1056865386,5573599516899,242425934306568.0
2020-01-30,656.39,2,-13.79,-0.0206,670.65,673.17,652.42,1213886224,6228414001644,237472764148828.0
2020-01-31,642.48,2,-13.91,-0.0212,660.98,664.77,641.57,1343602255,6458896895510,232461525068773.0
2020-02-03,646.85,1,4.37,0.0068,631.82,648.34,627.65,1193311562,6081593041160,234039520722233.0
2020-02-04,661.24,1,14.39,0.0222,650.72,661.24,649.22,938254924,5073960091488,239254407386027.0
2020-02-05,661.32,1,0.08,0.0001,666.74,668.91,658.03,991276604,5266753341740,239361588048135.0
2020-02-06,672.69,1,11.37,0.0172,665.94,672.69,665.88,946334024,4609410422953,243440170558289.0
2020-02-07,672.63,2,-0.06,-0.0001,673.11,674.03,667.93,1024735295,5232691970056,243475160024523.0
2020-02-10,676.07,1,3.44,0.0051,669.53,676.08,668.1,979098232,4829779418425,244756201921369.0
2020-02-11,682.34,1,6.27,0.0093,678.97,682.34,678.43,1167070785,5516294922133,247131855300206.0
2020-02-12,686.59,1,4.25,0.0062,683.26,686.79,680.26,1333842814,6045972742596,248735276118634.0
2020-02-13,687.61,1,1.02,0.0015,689.54,691.43,681.77,1345100386,6993822271358,249058921341075.0
2020-02-14,688.91,1,1.3,0.0019,687.23,692.0,685.67,1499191417,7351634149471,249470581193694.0
2020-02-17,692.59,1,3.68,0.0053,690.35,692.64,686.73,1524917678,6524735802533,250776122607491.0
2020-02-18,682.92,2,-9.67,-0.0139999999999999,691.42,692.52,681.44,1781024489,7509559701628,247300825929936.0
2020-02-19,684.78,1,1.86,0.0027,686.89,688.11,673.64,1604888015,7629860887603,247969809714929.0
2020-02-20,681.66,2,-3.12,-0.0046,687.65,688.51,677.99,1464809296,8799125908971,246963573454710.0
2020-02-21,667.99,2,-13.67,-0.0200999999999999,673.57,680.28,667.47,1427547789,8134693336716,242180852576083.0
2020-02-24,639.29,2,-28.7,-0.043,653.4,656.31,639.22,1476932932,8178363148054,231858846358029.0
2020-02-25,656.95,1,17.66,0.0276,639.28,656.96,633.65,1212527284,6189111196201,238230648416244.0
2020-02-26,654.63,2,-2.32,-0.0034999999999999,644.02,658.29,642.98,1137059053,6137280607060,237411187960495.0
2020-02-27,638.17,2,-16.46,-0.0250999999999999,654.61,660.89,634.79,1231802620,7715985421182,231512753527037.0
2020-02-28,610.73,2,-27.44,-0.043,626.36,631.25,608.38,1389631587,8020425755643,221971810594185.0
2020-03-02,627.66,1,16.93,0.0277,617.88,627.71,607.32,1186854779,6153922071526,228073910340194.0
2020-03-03,626.82,2,-0.84,-0.0013,641.65,641.77,626.71,1232865263,6053621553612,227876485133828.0
2020-03-04,641.73,1,14.91,0.0237999999999999,623.75,641.73,623.55,1097676285,5659995987956,233919307962997.0
2020-03-05,650.19,1,8.46,0.0132,647.75,650.81,643.97,1077679803,6397649942101,237065256511816.0
2020-03-06,642.72,2,-7.47,-0.0115,642.33,647.83,637.2,1113502073,7238871927898,234780562644888.0
2020-03-09,614.6,2,-28.12,-0.0438,631.13,632.52,614.58,1317498376,8683416599387,224592596545367.0
2020-03-10,619.97,1,5.37,0.0087,606.89,619.98,604.51,1431027674,9633330697362,226525539356804.0
2020-03-11,595.61,2,-24.36,-0.0393,621.12,622.07,591.38,1570650509,8354953879364,217679145366129.0
2020-03-12,563.49,2,-32.12,-0.0538999999999999,589.2,594.32,555.47,1639528781,8049548012064,206048862292365.0
2020-03-13,524.0,2,-39.49,-0.0701,536.62,540.3,487.07,1522369149,8152013079708,191628164131520.0
2020-03-16,504.51,2,-19.49,-0.0372,538.68,541.87,504.51,1201664860,7219385680887,184690203595051.0
2020-03-17,514.73,1,10.22,0.0203,488.02,518.72,483.51,1367413984,7993286249998,188460556731288.0
2020-03-18,485.14,2,-29.59,-0.0575,520.79,526.1,485.14,1322271650,7410179195828,177738871903080.0
2020-03-19,428.35,2,-56.79,-0.1171,501.59,502.12,419.55,1646248394,8575181050654,157026545958875.0
2020-03-20,467.75,1,39.4,0.092,443.88,467.75,435.11,1243149958,6503974031895,171351187321883.0
2020-03-23,443.76,2,-23.99,-0.0513,443.51,455.97,435.81,1086690070,6163699189650,162563926645787.0
2020-03-24,480.4,1,36.64,0.0825999999999999,457.21,480.4,454.24,1143642267,6742315364863,175921670307867.0
2020-03-25,505.68,1,25.28,0.0526,496.32,506.43,488.98,1441082091,9686607773242,185244161322073.0
2020-03-26,516.61,1,10.93,0.0216,506.51,533.33,501.82,1649355882,11902864582657,189294134771057.0
2020-03-27,522.83,1,6.22,0.012,535.94,540.04,502.48,1979703657,14845252012307,191551905037994.0
2020-03-30,542.11,1,19.28,0.0369,513.13,542.12,511.47,1431987410,9610628410137,198576610761497.0
2020-03-31,569.07,1,26.96,0.0496999999999999,551.48,569.07,551.25,1865421932,13672046430924,208277587033144.0
2020-04-01,551.84,2,-17.23,-0.0302999999999999,568.88,579.76,551.3,1897096897,13461988721235,202131521987384.0
2020-04-02,567.7,1,15.86,0.0287,555.4,567.7,542.75,1680263293,10992105086350,207901417119792.0
2020-04-03,573.01,1,5.31,0.0093999999999999,571.29,576.27,564.02,1374770725,9453490282824,209882652288378.0
2020-04-06,597.21,1,24.2,0.0421999999999999,579.25,597.21,577.83,1526019932,9876607425043,218761437654472.0
2020-04-07,606.9,1,9.69,0.0162,606.21,606.9,593.22,2108624329,13276333571182,222382947974652.0
2020-04-08,607.37,1,0.47,0.0008,604.46,615.32,599.3,2362934605,12763686140658,222708420453819.0
2020-04-09,615.95,1,8.58,0.0141,616.67,618.37,610.66,1810580436,9552047659184,225817399796490.0
2020-04-10,611.26,2,-4.69,-0.0076,617.75,618.08,593.01,2001744917,10153608127697,224262545585950.0
2020-04-13,596.71,2,-14.55,-0.0237999999999999,609.94,611.06,596.71,2010346095,10096969133134,218902486182504.0
2020-04-14,610.29,1,13.58,0.0227999999999999,605.14,611.36,602.05,1600520940,8357337654927,223912578480156.0
2020-04-16,623.43,1,13.14,0.0215,606.69,623.59,603.15,1368160094,8217243456587,228844401093106.0
2020-04-17,634.79,1,11.36,0.0182,631.34,634.79,628.05,1640016902,9115282488580,233023373736427.0
2020-04-20,637.82,1,3.03,0.0048,635.71,643.05,634.2,1571067027,9532297331852,234188826361793.0
2020-04-21,628.77,2,-9.05,-0.0141999999999999,634.76,641.07,602.05,2164007881,12731402753334,230989350667137.0
2020-04-22,635.16,1,6.39,0.0102,618.95,635.31,616.88,1459274525,9185269344820,233065200930142.0
2020-04-23,643.79,1,8.63,0.0136,640.13,645.54,637.33,1659299238,10091678257927,236376134230907.0
2020-04-24,632.96,2,-10.83,-0.0168,640.19,645.22,629.12,1781069738,8847938332134,233087533911480.0
2020-04-27,646.86,1,13.9,0.022,638.9,647.11,638.58,1718845651,7697761067172,238021426354776.0
2020-04-28,644.93,2,-1.93,-0.003,649.46,651.39,638.69,1770727311,8179500497782,237324919684448.0
2020-04-29,645.18,1,0.25,0.0004,646.33,648.42,644.06,1686253660,7967208238399,237464993001678.0
2020-05-04,641.91,2,-3.27,-0.0051,637.0,648.57,635.16,1279273919,6695809690676,236245972556141.0
2020-05-06,658.4,1,16.49,0.0256999999999999,650.15,658.4,647.52,1506803206,8491492820293,242298856631906.0
2020-05-07,668.17,1,9.77,0.0148,659.45,669.03,658.93,1744936974,8831807027077,245929086568090.0
2020-05-08,682.3,1,14.13,0.0210999999999999,674.01,682.94,673.52,1683945287,9622021002854,251162127963181.0
2020-05-11,685.04,1,2.74,0.004,686.81,690.34,676.6,1538941850,10447899824259,252116820247388.0
2020-05-12,684.21,2,-0.83,-0.0012,687.48,688.37,673.66,1486569858,10034743488977,251887582457666.0
2020-05-13,691.53,1,7.32,0.0107,676.53,691.57,676.24,1510721806,9717013004508,253969090468104.0
2020-05-14,690.57,2,-0.96,-0.0014,687.92,693.68,684.33,1572689405,13051237743745,253699212433587.0
2020-05-15,691.93,1,1.36,0.002,695.8,696.91,686.23,1360015022,12394013972883,254601166225382.0
2020-05-18,690.85,2,-1.08,-0.0016,695.17,695.9,688.88,1470278618,10497458554156,254241536040340.0
2020-05-19,696.36,1,5.51,0.008,696.01,696.39,687.67,1819084997,11873294254513,256361306366522.0
2020-05-20,708.76,1,12.4,0.0178,697.15,709.16,697.09,2068645159,10475840387551,260722663361861.0
2020-05-21,716.02,1,7.26,0.0102,714.33,716.72,711.71,1993800798,11336859865421,263378591314049.0
2020-05-22,708.58,2,-7.44,-0.0104,717.78,719.15,702.5,1696053428,10791248591617,260660795756584.0
2020-05-25,719.89,1,11.31,0.016,712.88,719.89,708.6,1603666460,9460186140297,264794260868980.0
2020-05-26,729.11,1,9.22,0.0128,723.28,729.16,718.81,1554767947,10344399180723,268197171928379.0
2020-05-27,724.59,2,-4.52,-0.0062,728.26,730.41,722.04,1571385984,10577662065220,266629833314572.0
2020-05-28,708.75,2,-15.84,-0.0219,728.76,728.8,695.3,2097276801,11912397616368,260829222541212.0
2020-05-29,713.68,1,4.93,0.0069999999999999,706.16,714.51,700.84,1472678588,8503015269715,262489491150160.0
2020-06-01,735.72,1,22.04,0.0308999999999999,716.96,735.72,716.83,1275399532,10325550072820,270574394489720.0
2020-06-02,743.58,1,7.86,0.0107,737.67,743.7,735.06,1464961256,10733016778350,274253647791854.0
2020-06-03,737.66,2,-5.92,-0.008,749.49,750.14,734.63,1482743643,11559145518301,272084302185968.0
2020-06-04,742.37,1,4.71,0.0064,742.87,744.36,733.91,1305965359,9774409088927,273828409346018.0
2020-06-05,749.31,1,6.94,0.0093,743.65,749.75,739.52,1125022729,8656169341319,276027410148199.0
2020-06-08,753.04,1,3.73,0.005,754.12,754.32,747.37,1325593883,9120474445961,277963922903614.0
2020-06-09,753.82,1,0.78,0.001,756.02,756.45,746.56,1532566129,10343145794014,278254924581486.0
2020-06-10,758.62,1,4.8,0.0064,754.3,759.48,752.29,1577271882,12213263402340,280250042281570.0
2020-06-11,757.06,2,-1.56,-0.0021,760.07,766.96,752.04,1452105458,13508483238328,279711253374558.0
2020-06-12,746.06,2,-11.0,-0.0144999999999999,722.91,747.37,722.81,1324399825,11700600066952,275693170627774.0
2020-06-15,693.15,2,-52.91,-0.0709,745.6,747.21,693.15,1470732690,12260630750648,256105100809004.0
2020-06-16,735.38,1,42.23,0.0608999999999999,716.6,735.74,714.14,1320202220,10669159163167,270837275164427.0
2020-06-17,735.4,1,0.02,0.0,731.91,743.11,717.68,1408467690,10425319275124,271270293628374.0
2020-06-18,737.33,1,1.93,0.0026,738.11,743.12,732.92,1243956090,10605932236459,272153590832893.0
2020-06-19,742.03,1,4.7,0.0064,743.35,743.94,732.55,1529200115,12365576841701,274440983987982.0
2020-06-22,751.64,1,9.61,0.013,742.98,752.98,741.78,1336686240,10511545117287,278063201264343.0
2020-06-23,753.23,1,1.59,0.0021,758.61,761.37,744.26,1584472642,11682636855356,279155470931867.0
2020-06-24,759.5,1,6.27,0.0083,758.15,765.21,755.12,1333491336,11763015571337,281450477660148.0
2020-06-25,750.36,2,-9.14,-0.012,749.81,757.23,745.98,1362068902,11212779391026,277965658495348.0
2020-06-26,750.58,1,0.22,0.0003,758.62,758.62,742.57,1522033594,11787915491304,278144001033545.0
2020-06-29,734.69,2,-15.89,-0.0212,743.88,747.3,732.86,1347220000,9278719446789,272137619942336.0
2020-06-30,737.97,1,3.28,0.0045,744.54,744.54,731.76,1638598248,10528654854717,273285565080667.0
2020-07-01,727.58,2,-10.39,-0.0141,743.53,744.03,726.36,1184777323,8563272653656,269662310956897.0
2020-07-02,742.55,1,14.97,0.0206,732.94,742.55,732.09,1155544385,7539546908279,275201178190719.0
2020-07-03,752.18,1,9.63,0.013,746.13,752.22,741.11,1285378847,10147594270901,279224713694335.0
2020-07-06,759.9,1,7.72,0.0103,754.74,759.93,750.43,1142167783,8304840999364,282228831199949.0
2020-07-07,759.16,2,-0.74,-0.001,763.4,764.46,755.44,1290021016,10083403656699,282597936055501.0
2020-07-08,765.96,1,6.8,0.009,761.19,765.96,758.38,1306346231,10447531664480,283626666703050.0
2020-07-09,772.9,1,6.94,0.0091,770.46,774.5,769.31,1465602850,10387777888447,286265524654509.0
2020-07-10,772.81,2,-0.09,-0.0001,773.75,775.99,766.51,1332284345,12857389818389,286443593282677.0
2020-07-13,781.19,1,8.38,0.0108,777.92,781.19,773.08,1395977765,10852689014357,289955018660195.0
2020-07-14,778.39,2,-2.8,-0.0036,776.19,782.7,775.29,1635618753,12279852723326,289138577379961.0
2020-07-15,781.29,1,2.9,0.0037,783.14,783.29,775.96,1527810704,11307493831109,290382638256614.0
2020-07-16,775.07,2,-6.22,-0.008,783.24,783.24,769.39,1631137865,11153409883460,288054482816058.0
2020-07-17,783.22,1,8.15,0.0105,776.97,783.32,775.78,1365421261,8582996503427,290874354829833.0
2020-07-20,781.96,2,-1.26,-0.0016,786.25,786.29,776.97,1399220868,9279615248617,290683030081282.0
2020-07-21,790.58,1,8.62,0.011,787.3,792.2,785.75,1500350945,10341745248274,293847532413471.0
2020-07-22,794.99,1,4.41,0.0056,790.58,795.32,785.97,1476960212,11376188140829,295699183058717.0
2020-07-23,801.69,1,6.7,0.0084,796.46,803.07,792.27,1384206023,13661425189524,295719448167150.0
2020-07-24,794.8,2,-6.89,-0.0086,796.08,804.61,788.72,1455338205,12472640781381,293589630685837.0
2020-07-27,801.23,1,6.43,0.0081,795.19,804.58,795.19,1293548736,10426711995792,296395850284599.0
2020-07-28,807.85,1,6.62,0.0083,807.29,810.97,802.04,1547330215,11968083145955,298918047452087.0
2020-07-29,808.59,1,0.74,0.0009,807.71,809.77,804.29,1181621506,10594912989302,299433926691035.0
2020-07-30,814.19,1,5.6,0.0069,812.83,814.41,808.02,1301897880,13271127401229,301637228211747.0
2020-07-31,815.3,1,1.11,0.0014,817.52,818.7,814.23,1357354629,13058945226631,303951763086638.0
2020-08-03,827.57,1,12.27,0.015,820.41,827.79,815.15,1522754148,14512981443529,308607793868019.0
2020-08-04,835.35,1,7.78,0.0093999999999999,833.28,835.35,830.55,1509116541,13940170504044,311492401847718.0
2020-08-05,847.28,1,11.93,0.0143,837.19,847.38,837.11,1521802094,12744683649905,316312310546645.0
2020-08-06,854.12,1,6.84,0.0081,854.02,855.73,847.9,1498959838,14220423784626,318891872037496.0
2020-08-07,857.63,1,3.51,0.0040999999999999,858.3,859.43,849.01,1397199527,14574967437092,320507965456862.0
2020-08-10,862.76,1,5.13,0.006,859.53,863.8,854.48,1464015119,12625988092545,322848851704705.0
2020-08-11,860.23,2,-2.53,-0.0029,863.07,863.72,858.0,1532477407,13343016331686,322120086005506.0
2020-08-12,845.6,2,-14.63,-0.017,858.88,858.88,836.58,1674531224,14357658336914,316875295766191.0
2020-08-13,854.77,1,9.17,0.0108,854.82,862.98,852.15,1811111238,14868747939517,323218790975472.0
2020-08-14,835.03,2,-19.74,-0.0231,854.71,854.71,831.15,1732238253,13842550789521,316140847903004.0
2020-08-18,800.22,2,-34.81,-0.0417,834.55,834.55,794.91,1897401079,15861822146640,303852984979660.0
2020-08-19,818.74,1,18.52,0.0231,810.86,818.74,805.52,1601780980,14760513194950,311308564860357.0
2020-08-20,791.14,2,-27.6,-0.0337,816.63,821.11,785.0,1813140955,15393962828935,300679365482901.0
2020-08-21,796.01,1,4.87,0.0062,801.14,802.7,781.41,1658737136,14078885159446,302335894670751.0
2020-08-24,815.74,1,19.73,0.0248,798.2,815.74,787.93,1521281540,12997622808742,309708752641242.0
2020-08-25,836.31,1,20.57,0.0252,821.53,836.41,820.02,1605321337,14241915426823,317479077590074.0
2020-08-26,841.35,1,5.04,0.006,838.86,842.48,827.27,2152206828,17370409390169,319342491193477.0
2020-08-27,836.4,2,-4.95,-0.0059,842.38,842.83,832.74,2951684093,20848705414699,317502632627264.0
2020-08-28,841.3,1,4.9,0.0059,841.76,850.38,837.86,2111380251,16800923043506,319399051714396.0
2020-08-31,848.24,1,6.94,0.0081999999999999,847.97,852.54,839.63,1890066384,14737499586874,322427182130296.0
2020-09-01,853.37,1,5.13,0.006,850.58,854.22,847.53,1843909656,12734768508275,324374410245305.0
2020-09-02,866.74,1,13.37,0.0157,859.58,866.87,858.23,1843232410,14343098669927,329509234445006.0
2020-09-03,874.13,1,7.39,0.0085,871.02,874.16,869.84,1763488562,14025988533573,332407173304438.0
2020-09-04,866.04,2,-8.09,-0.0093,841.37,866.9,841.37,1730687456,14668094740830,329352561238170.0
2020-09-07,878.88,1,12.84,0.0148,872.03,879.36,864.39,1884731635,16014602593085,334262941381201.0
2020-09-08,878.29,2,-0.59,-0.0007,884.72,887.01,874.31,2517936267,19644737767900,333947635918970.0
2020-09-09,869.47,2,-8.82,-0.01,864.91,877.67,864.17,2367815600,16431483506706,330792229296867.0
2020-09-10,884.3,1,14.83,0.0171,881.12,884.3,874.77,1990691642,14651175377663,341586680390987.0
2020-09-11,888.44,1,4.14,0.0046999999999999,881.23,888.44,877.58,1994166155,14400432257925,343176240753738.0
2020-09-14,894.17,1,5.73,0.0064,894.38,894.8,886.48,1699498499,13528195166100,345578327210490.0
2020-09-15,899.46,1,5.29,0.0059,898.63,899.64,893.24,2098772869,15836926948795,347286394902148.0
2020-09-16,896.28,2,-3.18,-0.0034999999999999,901.75,905.56,891.99,2410950958,16003999657018,346431900577334.0
2020-09-17,885.18,2,-11.1,-0.0124,897.88,898.43,883.5,2286208575,14316885512166,342165649898536.0
2020-09-18,888.88,1,3.7,0.0042,889.47,892.39,878.78,1768419897,12674547734766,343792634700892.0
2020-09-21,866.99,2,-21.89,-0.0246,889.94,892.34,859.4,1965201109,13745295530716,335595334631637.0
2020-09-22,842.72,2,-24.27,-0.0279999999999999,867.72,867.89,838.13,1973655610,12318664052452,326397280358627.0
2020-09-23,843.45,1,0.73,0.0009,855.57,856.14,821.89,2246112604,13123004566410,326789815264100.0
2020-09-24,806.95,2,-36.5,-0.0433,825.74,833.04,804.28,2196877554,15462868746297,312855988837733.0
2020-09-25,808.28,1,1.33,0.0016,817.95,820.74,799.53,2212037146,13310027470901,313297467776482.0
2020-09-28,835.91,1,27.63,0.0342,820.72,836.15,819.86,1938337187,11134007052469,323925942792849.0
2020-09-29,848.15,1,12.24,0.0146,844.69,848.59,839.68,2084774071,11430772176461,328737556831502.0
2020-10-05,858.39,1,10.24,0.0121,848.67,858.82,843.06,1675260522,9951689845926,332735297891713.0
2020-10-06,862.58,1,4.19,0.0049,863.74,866.67,855.65,1981912495,10972339979124,334539907656227.0
2020-10-07,869.66,1,7.08,0.0081999999999999,856.7,869.69,856.66,2013038584,10601101845334,337583712704180.0
2020-10-08,871.62,1,1.96,0.0023,875.12,875.59,867.63,1994293780,12138290250017,338661105978556.0
2020-10-12,873.5,1,1.88,0.0022,875.25,875.25,868.01,2009372661,11751824977415,339021906210366.0
2020-10-13,871.92,2,-1.58,-0.0018,878.15,878.15,865.95,2277904281,14295524271439,338430534770178.0
2020-10-14,861.48,2,-10.44,-0.012,873.04,875.02,859.88,2373269157,12910781479414,334550903603476.0
2020-10-15,844.44,2,-17.04,-0.0197999999999999,861.37,861.37,833.55,2238669254,12500116810433,328155187061264.0
2020-10-16,833.84,2,-10.6,-0.0126,845.63,849.2,822.58,2275827730,10675848866378,324013185437601.0
2020-10-19,822.25,2,-11.59,-0.0139,836.83,838.63,821.5,1701656424,8516309771294,319817488099764.0
2020-10-20,824.65,1,2.4,0.0029,816.16,825.96,803.24,1664943968,10171863498380,320969248161526.0
2020-10-21,830.67,1,6.02,0.0073,827.35,830.95,819.66,1492449767,8700877486759,323449840723502.0
2020-10-22,812.7,2,-17.97,-0.0216,826.71,826.71,812.7,1734931881,9569520842369,316737110306542.0
2020-10-23,807.98,2,-4.72,-0.0058,817.7,817.7,804.75,1613364042,8366884020886,314966299108851.0
2020-10-26,778.02,2,-29.96,-0.0371,808.06,808.06,776.7,1634353781,8397441484378,303350650289887.0
2020-10-27,783.73,1,5.71,0.0073,771.84,794.04,766.96,2056533903,9246700919836,305590127162085.0
2020-10-28,806.2,1,22.47,0.0287,784.88,806.2,784.88,2049765027,7888726075126,314532559648375.0
2020-10-29,813.93,1,7.73,0.0096,791.02,814.16,791.02,1942544826,8292420034498,317270556284783.0
2020-10-30,792.65,2,-21.28,-0.0260999999999999,814.16,814.59,791.3,1880463332,8550017302636,309289392479541.0
2020-11-02,802.95,1,10.3,0.013,796.46,805.92,789.85,1537119962,6627149202726,313355465592139.0
2020-11-03,818.46,1,15.51,0.0192999999999999,810.01,821.28,810.01,1672273900,8746154853318,320035935003544.0
2020-11-04,826.97,1,8.51,0.0104,826.04,828.89,814.76,1804688626,10836965446701,323327674558939.0
2020-11-05,844.8,1,17.83,0.0216,833.37,845.81,831.78,1660809740,9827780299701,330313259670443.0
2020-11-06,836.78,2,-8.02,-0.0095,849.18,849.39,832.27,1923198756,13035090450987,327536568247327.0
2020-11-09,851.21,1,14.43,0.0172,845.81,851.21,845.17,1735445076,9930999641108,333140278598057.0
2020-11-10,840.79,2,-10.42,-0.0121999999999999,844.22,844.22,835.27,1815647411,11637052317231,329059123341736.0
2020-11-11,839.9,2,-0.89,-0.0011,840.89,842.76,829.53,2281172072,14066237034416,328432620617222.0
2020-11-12,840.08,1,0.18,0.0002,844.64,846.87,835.95,2068886438,11004803550932,328523167447655.0
2020-11-13,839.14,2,-0.94,-0.0011,837.28,839.54,826.17,1878625510,11733210878522,328357813196633.0
2020-11-16,847.33,1,8.19,0.0098,843.49,849.8,841.6,1619880173,10255818641401,331576034102507.0
2020-11-17,839.47,2,-7.86,-0.0093,846.55,846.55,836.0,1789493228,13642004402586,328957751501870.0
2020-11-18,851.74,1,12.27,0.0146,842.55,852.27,840.43,2330367048,14023705136659,334104731554859.0
2020-11-19,859.94,1,8.2,0.0096,851.68,860.99,849.72,2249200505,14795415294038,337226659089998.0
2020-11-20,870.18,1,10.24,0.0118999999999999,863.07,870.78,861.29,2148981921,13486881457703,342172155909942.0
2020-11-23,873.29,1,3.11,0.0036,872.22,875.26,868.6,2118835981,12853792911956,343359670857658.0
2020-11-24,872.1,2,-1.19,-0.0014,876.65,876.89,868.89,3185108496,14901986395090,343063375713436.0
2020-11-25,865.12,2,-6.98,-0.008,877.35,878.76,855.28,2494367783,18099462883809,340769656448342.0
2020-11-26,874.53,1,9.41,0.0109,868.6,875.26,861.05,1917340219,14580990661332,344984852565356.0
2020-11-27,885.56,1,11.03,0.0126,876.37,886.2,875.45,1829517005,12257401111567,349517656218602.0
2020-11-30,886.11,1,0.55,0.0006,890.65,891.53,885.65,1738037033,12153801452750,349878362036610.0
2020-12-01,891.29,1,5.18,0.0058,889.53,892.22,883.24,2133268235,12060673918302,352059819129442.0
2020-12-02,899.34,1,8.05,0.009,894.94,899.87,891.61,1890607381,13100865549191,355729099214863.0
2020-12-03,907.61,1,8.27,0.0092,901.61,907.72,900.09,2361180563,16430143120017,359010281832876.0
2020-12-04,913.76,1,6.15,0.0068,909.99,914.27,908.24,2167590114,16022525163512,361579274457035.0
2020-12-07,926.88,1,13.12,0.0144,914.15,927.35,910.36,2240526628,15665448246537,366928818634212.0
2020-12-08,906.84,2,-20.04,-0.0216,927.69,933.14,906.31,2601247446,18790847038787,358900481894265.0
2020-12-09,913.81,1,6.97,0.0077,908.05,917.21,904.45,2695657558,15615512175206,361967964595158.0
2020-12-10,921.7,1,7.89,0.0086,913.02,922.13,905.76,2666888165,14252740108960,365460909381638.0
2020-12-11,928.44,1,6.74,0.0073,925.3,929.23,923.39,1913758653,12775711431871,368341552823298.0
2020-12-14,929.54,1,1.1,0.0012,930.78,935.9,924.52,1610591744,14468239351106,369095208364118.0
2020-12-15,931.27,1,1.73,0.0019,930.73,934.3,921.27,2100826277,15788436049628,369949155726159.0
2020-12-16,939.65,1,8.38,0.009,932.41,941.45,932.41,1998312721,15564362953766,373325658996791.0
2020-12-17,944.04,1,4.39,0.0046999999999999,938.88,948.43,938.88,2650705919,16016013441596,375215635852649.0
2020-12-18,947.24,1,3.2,0.0034,945.81,948.59,942.46,2114839283,14532797545092,376636182298777.0
2020-12-21,953.58,1,6.34,0.0067,948.64,954.34,940.98,1926451056,16060513051164,379532019557436.0
2020-12-22,928.73,2,-24.85,-0.0260999999999999,953.48,953.48,928.51,1856455546,16455910112488,370417453416453.0
2020-12-23,923.17,2,-5.56,-0.006,932.25,938.91,918.44,1924137383,17289386263186,368990490176716.0
2020-12-24,928.68,1,5.51,0.006,924.34,933.39,920.53,1724765857,14369069603729,371285191286270.0
2020-12-28,927.0,2,-1.68,-0.0018,930.07,937.76,923.96,1642275265,16901675320394,370820564030624.0
2020-12-29,957.41,1,30.41,0.0327999999999999,928.58,957.48,928.58,1510814119,15406656310122,381194852318890.0
2020-12-30,968.42,1,11.01,0.0115,957.38,971.04,955.38,1638729235,16629392847377,385582620024419.0
