Date,Close,UpDown,Comp,Change,Open,High,Low,Volume,Amount,MarCap
2016-01-04,1918.76,2,-42.55,-0.0217,1954.47,1954.52,1918.76,359018283,3966273691160,1215384387196179.0
2016-01-05,1930.53,1,11.77,0.0060999999999999,1911.93,1937.57,1911.93,446548849,4197593667227,1222621740423229.0
2016-01-06,1925.43,2,-5.1,-0.0026,1934.25,1934.25,1911.61,594612859,6274716917514,1219296930268774.0
2016-01-07,1904.33,2,-21.1,-0.011,1915.71,1926.41,1901.24,393042046,5003024735272,1205546061634302.0
2016-01-08,1917.62,1,13.29,0.0069999999999999,1889.42,1918.25,1883.82,430204496,5205453870899,1213738732721558.0
2016-01-11,1894.84,2,-22.78,-0.0118999999999999,1897.18,1907.43,1892.69,328768349,4509489882320,1199940483365569.0
2016-01-12,1890.86,2,-3.98,-0.0021,1907.61,1910.59,1888.94,295135807,3917468573787,1196604296583535.0
2016-01-13,1916.28,1,25.42,0.0134,1904.33,1921.0,1902.49,265221422,3943112134592,1212573969381428.0
2016-01-14,1900.01,2,-16.27,-0.0085,1893.18,1900.48,1882.02,310978896,4387096198195,1202051363306798.0
2016-01-15,1878.87,2,-21.14,-0.0111,1915.83,1918.3,1873.35,312359728,4578794363927,1188669434610932.0
2016-01-18,1878.45,2,-0.42,-0.0002,1856.03,1882.21,1854.55,276937471,4119703541387,1188342442684103.0
2016-01-19,1889.64,1,11.19,0.006,1879.8,1889.9,1866.76,335321475,4536458921789,1196846006146812.0
2016-01-20,1845.45,2,-44.19,-0.0233999999999999,1885.36,1885.36,1830.06,407298719,5339553350444,1168847405867186.0
2016-01-21,1840.53,2,-4.92,-0.0027,1848.1,1860.02,1838.04,433741872,4792984268207,1165653993911390.0
2016-01-22,1879.43,1,38.9,0.0210999999999999,1860.3,1879.43,1859.54,408460020,4399145940090,1190177921491724.0
2016-01-25,1893.43,1,14.0,0.0074,1890.15,1901.22,1882.74,315303630,4049947776030,1199185332545262.0
2016-01-26,1871.69,2,-21.74,-0.0115,1881.87,1884.13,1862.98,298824655,4470665969957,1185447563318354.0
2016-01-27,1897.87,1,26.18,0.0139999999999999,1888.07,1902.03,1883.39,348905009,5065420879244,1202100437084618.0
2016-01-28,1906.94,1,9.07,0.0048,1885.38,1907.56,1877.78,354305767,6242581212949,1207459165268457.0
2016-01-29,1912.06,1,5.12,0.0027,1905.01,1912.07,1888.48,386555496,6483654110790,1207457689753750.0
2016-02-01,1924.82,1,12.76,0.0067,1919.62,1926.11,1912.85,440317315,5160758129650,1215560971272562.0
2016-02-02,1906.6,2,-18.22,-0.0095,1914.96,1920.02,1906.06,412273173,4639398928084,1203571835980834.0
2016-02-03,1890.67,2,-15.93,-0.0084,1893.83,1894.72,1882.75,408594722,4815439476275,1193846682021936.0
2016-02-04,1916.26,1,25.59,0.0135,1900.48,1917.09,1897.18,365805340,5253765582379,1210371423515637.0
2016-02-05,1917.79,1,1.53,0.0008,1914.55,1921.76,1910.31,305766656,4791924023715,1212176289047185.0
2016-02-11,1861.54,2,-56.25,-0.0293,1872.68,1877.77,1858.9,386428227,4770142277441,1176622962163570.0
2016-02-12,1835.28,2,-26.26,-0.0141,1850.67,1857.12,1817.97,470499779,6338971133638,1160328509968555.0
2016-02-15,1862.2,1,26.92,0.0147,1857.33,1864.62,1847.6,284595241,4500530263693,1177463738372515.0
2016-02-16,1888.3,1,26.1,0.0139999999999999,1870.1,1892.15,1868.11,388318400,4267907515685,1193523037366343.0
2016-02-17,1883.94,2,-4.36,-0.0023,1889.41,1897.37,1881.03,344628508,5188345549018,1191552736823583.0
2016-02-18,1908.84,1,24.9,0.0132,1909.4,1910.12,1898.49,332576155,4785964701036,1206990296243163.0
2016-02-19,1916.24,1,7.4,0.0039,1904.5,1916.24,1902.24,312197914,3880809514070,1211528782209107.0
2016-02-22,1916.36,1,0.12,0.0001,1911.56,1921.14,1905.85,267858923,3486295374765,1211715539485177.0
2016-02-23,1914.22,2,-2.14,-0.0011,1928.85,1929.53,1909.79,326810628,3982343862075,1210413879558984.0
2016-02-24,1912.53,2,-1.69,-0.0009,1908.71,1918.63,1906.19,281600576,3556541803150,1209058667997935.0
2016-02-25,1918.57,1,6.04,0.0032,1919.08,1928.49,1906.99,305789943,4179857320436,1213111446375711.0
2016-02-26,1920.16,1,1.59,0.0008,1927.1,1927.8,1917.07,280216845,4644805620298,1215116614083594.0
2016-02-29,1916.66,2,-3.5,-0.0018,1921.76,1927.05,1916.66,275051533,4615416715916,1213244564068747.0
2016-03-02,1947.42,1,30.76,0.016,1944.27,1949.94,1942.24,323352320,5178066903913,1232705586664682.0
2016-03-03,1958.17,1,10.75,0.0055,1957.83,1958.17,1946.57,420984393,4981597118371,1240008234449428.0
2016-03-04,1955.63,2,-2.54,-0.0013,1956.01,1958.46,1949.47,316418039,4605781173898,1238204596472047.0
2016-03-07,1957.87,1,2.24,0.0011,1961.26,1963.43,1955.97,344612762,4687644257136,1239615543905190.0
2016-03-08,1946.12,2,-11.75,-0.006,1958.94,1958.94,1935.55,358684963,4893203334525,1232017082506752.0
2016-03-09,1952.95,1,6.83,0.0034999999999999,1940.55,1952.95,1938.32,355392204,4280888933323,1235545055622161.0
2016-03-10,1969.33,1,16.38,0.0084,1958.87,1976.19,1955.67,352325469,5162483354552,1246487835429229.0
2016-03-11,1971.41,1,2.08,0.0011,1968.3,1975.87,1966.65,303418591,4207111050708,1248055841751370.0
2016-03-14,1972.27,1,0.86,0.0004,1985.74,1985.9,1970.56,357078270,4218503169441,1248793362900332.0
2016-03-15,1969.97,2,-2.3,-0.0012,1975.61,1979.46,1966.44,264582971,3813225230042,1247136108143015.0
2016-03-16,1974.9,1,4.93,0.0025,1971.58,1982.08,1969.66,294460752,4124127207411,1250641744232004.0
2016-03-17,1987.99,1,13.09,0.0066,1984.69,2000.3,1984.33,291577599,5094460796795,1258766312638569.0
2016-03-18,1992.12,1,4.13,0.0021,1996.31,1996.31,1986.04,385847500,4776064316873,1261477235485594.0
2016-03-21,1989.76,2,-2.36,-0.0012,1999.25,2003.12,1982.7,323260286,4043689835810,1260543528694120.0
2016-03-22,1996.81,1,7.05,0.0034999999999999,1993.37,1997.76,1986.87,383752375,4492776419597,1265131035351657.0
2016-03-23,1995.12,2,-1.69,-0.0008,1996.47,2001.67,1989.84,367551361,4019678270669,1264002062320783.0
2016-03-24,1985.97,2,-9.15,-0.0046,1988.46,1992.76,1981.17,341173016,3822814311028,1258472321790682.0
2016-03-25,1983.81,2,-2.16,-0.0011,1991.06,1991.06,1981.53,463422004,3806595556221,1256783616932081.0
2016-03-28,1982.54,2,-1.27,-0.0006,1984.93,1992.46,1981.37,410468325,3406776599651,1256238511918536.0
2016-03-29,1994.91,1,12.37,0.0062,1986.93,1997.33,1984.07,385453520,4044429879039,1264203667676715.0
2016-03-30,2002.14,1,7.23,0.0036,2005.24,2009.1,1998.51,368305172,4619553987153,1269244086103975.0
2016-03-31,1995.85,2,-6.29,-0.0031,2005.72,2007.43,1986.74,335073993,5203138611917,1265001895756285.0
2016-04-01,1973.57,2,-22.28,-0.0112,1994.77,1994.77,1970.17,392258170,5156264827479,1250637257564372.0
2016-04-04,1978.97,1,5.4,0.0027,1974.73,1979.03,1969.35,363317226,4262832525606,1254254153498881.0
2016-04-05,1962.74,2,-16.23,-0.0081999999999999,1972.38,1973.17,1959.26,368164819,4026409908084,1243245433524959.0
2016-04-06,1971.32,1,8.58,0.0044,1963.17,1975.09,1961.51,358031971,4569306591677,1248789220917916.0
2016-04-07,1973.89,1,2.57,0.0013,1978.75,1980.43,1964.99,434061858,4631482323466,1249999632983805.0
2016-04-08,1972.05,2,-1.84,-0.0009,1961.29,1972.12,1954.11,400616266,4388854028109,1249066943075189.0
2016-04-11,1970.37,2,-1.68,-0.0009,1972.25,1973.9,1963.21,379537341,3863260531390,1248256433593948.0
2016-04-12,1981.32,1,10.95,0.0056,1970.5,1981.73,1968.5,387318715,3944190157129,1255329128694698.0
2016-04-14,2015.93,1,34.61,0.0175,2004.15,2016.03,2000.83,473519531,6406407579800,1276575529784625.0
2016-04-15,2014.71,2,-1.22,-0.0006,2013.38,2016.95,2008.68,317709671,4523020125867,1276212676495883.0
2016-04-18,2009.1,2,-5.61,-0.0028,2001.35,2009.55,1998.49,339248261,4304947269928,1273435355454824.0
2016-04-19,2011.36,1,2.26,0.0011,2015.1,2020.29,2007.68,401236483,4465586077190,1274155090710912.0
2016-04-20,2005.83,2,-5.53,-0.0027,2017.05,2023.77,2005.82,423964187,4653338544592,1270781209736183.0
2016-04-21,2022.1,1,16.27,0.0081,2014.6,2022.1,2009.45,392096133,4783030271309,1280902761136806.0
2016-04-22,2015.49,2,-6.61,-0.0033,2014.93,2017.9,2010.94,480470623,4215697452686,1276836007598250.0
2016-04-25,2014.55,2,-0.94,-0.0005,2016.05,2016.65,2007.18,397674805,4423939876083,1276352743526255.0
2016-04-26,2019.63,1,5.08,0.0025,2013.26,2021.59,2011.85,509281529,5281100935205,1278883150341555.0
2016-04-27,2015.4,2,-4.23,-0.0021,2019.31,2019.86,2012.75,412802942,5398188945130,1276057089060295.0
2016-04-28,2000.93,2,-14.47,-0.0072,2020.83,2022.99,1998.6,341142741,5460706639665,1266323306660220.0
2016-04-29,1994.15,2,-6.78,-0.0034,1998.68,1999.34,1983.3,401063099,5334757783008,1261953135802951.0
2016-05-02,1978.15,2,-16.0,-0.008,1991.84,1991.84,1977.03,328194622,3879203851954,1248655660097396.0
2016-05-03,1986.41,1,8.26,0.0042,1988.34,1989.41,1979.66,310492461,3813503132328,1253911676338246.0
2016-05-04,1976.71,2,-9.7,-0.0049,1978.24,1982.38,1969.22,352695753,5056070457734,1248353738248806.0
2016-05-09,1967.81,2,-8.9,-0.0045,1974.52,1976.14,1962.92,342189305,5303038110246,1243495066506640.0
2016-05-10,1982.5,1,14.69,0.0075,1965.86,1982.5,1964.9,369085333,4857462732357,1252479086613549.0
2016-05-11,1980.1,2,-2.4,-0.0012,1989.17,1989.17,1970.48,398532080,4451794657743,1251635368795648.0
2016-05-12,1977.49,2,-2.61,-0.0013,1973.28,1981.49,1970.54,462882302,4144195715973,1249546728588837.0
2016-05-13,1966.99,2,-10.5,-0.0053,1979.97,1980.45,1962.77,509123382,4545160416777,1242517729680468.0
2016-05-16,1967.91,1,0.92,0.0005,1961.91,1970.53,1961.32,526717562,4872477750640,1242835129201749.0
2016-05-17,1968.06,1,0.15,0.0001,1973.86,1975.1,1962.57,597582740,5521943998291,1243839735742740.0
2016-05-18,1956.73,2,-11.33,-0.0058,1962.78,1964.34,1945.56,696273023,6697755329393,1236578880078571.0
2016-05-19,1946.78,2,-9.95,-0.0051,1953.91,1954.29,1942.48,505920463,5307636163925,1230162313882655.0
2016-05-20,1947.67,1,0.89,0.0005,1943.84,1951.5,1940.36,388051509,4455609096833,1230691699936373.0
2016-05-23,1955.25,1,7.58,0.0039,1954.26,1956.77,1940.44,399513569,4062458893161,1235645260397495.0
2016-05-24,1937.68,2,-17.57,-0.009,1951.18,1951.39,1937.67,517076048,5005498884571,1224978780143328.0
2016-05-25,1960.51,1,22.83,0.0118,1953.63,1964.91,1951.17,656874388,5456224466344,1240305865251554.0
2016-05-26,1957.06,2,-3.45,-0.0018,1965.81,1967.45,1955.97,558263788,5103802593884,1238082335533148.0
2016-05-27,1969.17,1,12.11,0.0062,1962.33,1971.27,1959.75,523531306,4911231808142,1246219400437271.0
2016-05-30,1967.13,2,-2.04,-0.001,1969.72,1970.54,1955.49,550502964,4664445073988,1244653363307536.0
2016-05-31,1983.4,1,16.27,0.0083,1962.47,1984.18,1958.16,657045149,8612420660594,1255356335024149.0
2016-06-01,1982.72,2,-0.68,-0.0003,1976.87,1986.76,1975.82,502290353,5383974511224,1255999301581078.0
2016-06-02,1985.11,1,2.39,0.0012,1983.86,1988.0,1978.82,474228118,5400504687342,1257911512069683.0
2016-06-03,1985.84,1,0.73,0.0004,1991.58,1991.58,1979.66,540858684,5497341357317,1258220250300847.0
2016-06-07,2011.63,1,25.79,0.013,1993.08,2011.67,1992.77,481348413,5541394777207,1274446268204230.0
2016-06-08,2027.08,1,15.45,0.0077,2013.72,2027.09,2008.59,497934899,5845815406532,1283948012910549.0
2016-06-09,2024.17,2,-2.91,-0.0014,2028.02,2035.27,2012.14,599680949,7955010799684,1282125841820936.0
2016-06-10,2017.63,2,-6.54,-0.0032,2022.77,2022.77,2014.15,404303014,4777125445819,1278075773664021.0
2016-06-13,1979.06,2,-38.57,-0.0191,2001.03,2001.79,1976.69,443001846,4679938063559,1253317433719157.0
2016-06-14,1972.03,2,-7.03,-0.0036,1976.8,1982.32,1965.34,439936556,5009885082598,1249481895255852.0
2016-06-15,1968.83,2,-3.2,-0.0016,1972.0,1975.87,1960.97,376769046,4694853745540,1247663847952065.0
2016-06-16,1951.99,2,-16.84,-0.0086,1971.53,1974.01,1944.8,438794483,4452385690780,1237245629956857.0
2016-06-17,1953.4,1,1.41,0.0007,1966.23,1970.54,1949.6,485269121,4488888055101,1238327356370601.0
2016-06-20,1981.12,1,27.72,0.0141999999999999,1974.43,1984.07,1969.56,391345388,4045044257527,1255559309195996.0
2016-06-21,1982.7,1,1.58,0.0008,1977.8,1983.87,1971.99,557437223,4514571223638,1256919868733404.0
2016-06-22,1992.58,1,9.88,0.005,1981.78,1994.76,1979.37,407434879,4136231784197,1263208699984906.0
2016-06-23,1986.71,2,-5.87,-0.0029,1989.42,1990.71,1980.14,455389704,4220797540743,1259087310303523.0
2016-06-24,1925.24,2,-61.47,-0.0308999999999999,2001.55,2001.55,1892.75,750546035,8724510462271,1221280861915368.0
2016-06-27,1926.85,1,1.61,0.0008,1901.85,1926.87,1900.83,394266221,5175625706035,1222271045645702.0
2016-06-28,1936.22,1,9.37,0.0049,1907.71,1937.99,1907.49,373459498,4452632371103,1227810137092931.0
2016-06-29,1956.36,1,20.14,0.0104,1946.31,1966.21,1941.9,451186065,4865379934699,1240335078955904.0
2016-06-30,1970.35,1,13.99,0.0072,1971.54,1972.81,1959.28,349862539,5326567212348,1250198141816260.0
2016-07-01,1987.32,1,16.97,0.0086,1977.36,1993.98,1975.89,448128426,4325444164154,1261236963863310.0
2016-07-04,1995.3,1,7.98,0.004,1989.44,1997.37,1985.11,468611377,4150962808551,1266629650904530.0
2016-07-05,1989.85,2,-5.45,-0.0027,1995.69,1996.77,1985.94,405487044,3951492434584,1263270454206767.0
2016-07-06,1953.12,2,-36.73,-0.0185,1980.11,1982.8,1944.33,457438790,4764743807356,1239376225063882.0
2016-07-07,1974.08,1,20.96,0.0107,1963.3,1976.49,1959.83,378755142,3936372445940,1252748245214441.0
2016-07-08,1963.1,2,-10.98,-0.0056,1972.28,1979.75,1956.91,356526592,4315295452195,1245831577055614.0
2016-07-11,1988.54,1,25.44,0.013,1979.36,1990.95,1977.81,337763696,4384854023254,1262792040320358.0
2016-07-12,1991.23,1,2.69,0.0014,1991.13,1998.03,1986.45,432650368,4485332767600,1263991200000173.0
2016-07-13,2005.55,1,14.32,0.0072,2007.65,2013.6,1995.84,357643072,4743547543296,1273883223302966.0
2016-07-14,2008.77,1,3.22,0.0016,2004.12,2009.67,1997.94,340227271,4318864088671,1276284573087017.0
2016-07-15,2017.26,1,8.49,0.0042,2015.37,2022.34,2011.1,477808132,4640271877303,1285347839174708.0
2016-07-18,2021.11,1,3.85,0.0019,2018.22,2022.11,2012.3,380091529,3569171374172,1287818134648376.0
2016-07-19,2016.89,2,-4.22,-0.0021,2022.8,2023.22,2010.27,380797883,3766201195280,1285044647659450.0
2016-07-20,2015.46,2,-1.43,-0.0007,2013.4,2015.47,2003.87,316335589,3541334296307,1284410623826391.0
2016-07-21,2012.22,2,-3.24,-0.0016,2019.36,2020.55,2007.59,391049117,3921399661415,1282299381908063.0
2016-07-22,2010.34,2,-1.88,-0.0009,2005.37,2014.44,2002.66,320954045,3866947697533,1280788528877836.0
2016-07-25,2012.32,1,1.98,0.001,2014.74,2020.69,2006.63,350230724,4053086564278,1281905615556579.0
2016-07-26,2027.34,1,15.02,0.0075,2009.4,2027.34,2008.25,338607160,4072566218005,1291738100791866.0
2016-07-27,2025.05,2,-2.29,-0.0011,2027.07,2030.69,2021.15,411661058,4493918022445,1289921314039684.0
2016-07-28,2021.1,2,-3.95,-0.002,2029.07,2029.38,2014.36,350881461,4343065144400,1287721676586123.0
2016-07-29,2016.19,2,-4.91,-0.0024,2023.24,2028.99,2016.19,366385252,5028662210135,1283158113811986.0
2016-08-01,2029.61,1,13.42,0.0067,2024.71,2031.58,2024.57,369588196,4822082371267,1291814814294956.0
2016-08-02,2019.03,2,-10.58,-0.0052,2023.55,2026.1,2017.59,409940345,4314085815513,1284954078694719.0
2016-08-03,1994.79,2,-24.24,-0.012,2008.68,2008.68,1993.0,485853020,4387076567210,1269643958453579.0
2016-08-04,2000.03,1,5.24,0.0026,2006.08,2006.48,1994.73,326514048,3648387644828,1273523592214019.0
2016-08-05,2017.94,1,17.91,0.009,2006.23,2018.16,2004.37,289293255,4168007760811,1285888530139679.0
2016-08-08,2031.12,1,13.18,0.0065,2025.55,2031.14,2018.81,270484643,4169817146363,1293946097728349.0
2016-08-09,2043.78,1,12.66,0.0062,2033.52,2046.03,2032.18,436716865,4172627716184,1301778453666222.0
2016-08-10,2044.64,1,0.86,0.0004,2043.03,2049.36,2039.86,331091949,4638219743902,1302129885276921.0
2016-08-11,2048.8,1,4.16,0.002,2042.64,2048.8,2035.25,346081981,4490356205016,1304638116644244.0
2016-08-12,2050.47,1,1.67,0.0008,2053.82,2060.84,2046.15,376489324,4667631549057,1305975256940125.0
2016-08-16,2047.76,2,-2.71,-0.0013,2056.0,2063.09,2047.73,374872934,4503851152910,1304494575968067.0
2016-08-17,2043.75,2,-4.01,-0.002,2045.37,2048.29,2032.53,391714664,4406925034824,1301963104960498.0
2016-08-18,2055.47,1,11.72,0.0056999999999999,2048.15,2056.09,2041.9,353080513,4764864417776,1310197227124320.0
2016-08-19,2056.24,1,0.77,0.0004,2057.9,2059.3,2049.52,392318827,5005350422546,1311350304855587.0
2016-08-22,2042.16,2,-14.08,-0.0068,2054.37,2054.71,2040.51,343502610,4101258441801,1302637823032528.0
2016-08-23,2049.93,1,7.77,0.0038,2044.27,2051.43,2041.86,360414309,4470552649701,1307730330947052.0
2016-08-24,2043.76,2,-6.17,-0.003,2050.82,2052.74,2039.53,285183141,4144213440289,1303342576504596.0
2016-08-25,2042.92,2,-0.84,-0.0004,2041.58,2046.0,2035.01,277432061,4198774379843,1302439448382656.0
2016-08-26,2037.5,2,-5.42,-0.0027,2036.74,2039.91,2027.68,288184504,4011867429189,1298673905235490.0
2016-08-29,2032.35,2,-5.15,-0.0025,2028.64,2034.63,2024.93,316969469,3843485706601,1295847422741292.0
2016-08-30,2039.74,1,7.39,0.0036,2038.6,2049.99,2036.76,378563676,3817975140261,1300619796979674.0
2016-08-31,2034.65,2,-5.09,-0.0025,2038.58,2041.17,2027.24,400952866,5485909182279,1296942351420588.0
2016-09-01,2032.72,2,-1.93,-0.0009,2022.96,2032.72,2016.47,300506201,4373706285911,1294938067501490.0
2016-09-02,2038.31,1,5.59,0.0028,2033.92,2039.18,2030.17,342631217,3937152194068,1298805435403183.0
2016-09-05,2060.08,1,21.77,0.0107,2049.19,2061.0,2047.49,572966888,4127936026210,1312321591477520.0
2016-09-06,2066.53,1,6.45,0.0031,2058.21,2067.77,2057.26,462549650,4096682366599,1317208171653176.0
2016-09-07,2061.88,2,-4.65,-0.0023,2068.81,2073.89,2061.88,687157464,5053397177080,1313591171073267.0
2016-09-08,2063.73,1,1.85,0.0009,2064.96,2070.66,2053.2,656653295,5643674679101,1315372675780331.0
2016-09-09,2037.87,2,-25.86,-0.0125,2048.94,2049.3,2029.46,392682811,4373805765313,1298073356671366.0
2016-09-12,1991.48,2,-46.39,-0.0227999999999999,2003.67,2011.04,1991.47,422882284,4815792027203,1267336204181235.0
2016-09-13,1999.36,1,7.88,0.004,2011.93,2013.03,1997.58,437424783,5146692596505,1273899302334215.0
2016-09-19,2015.78,1,16.42,0.0081999999999999,1997.43,2019.45,1997.1,434438089,4961594731263,1284707656655351.0
2016-09-20,2025.71,1,9.93,0.0049,2014.5,2026.56,2010.25,362345199,4186376609890,1291619684661584.0
2016-09-21,2035.99,1,10.28,0.0051,2022.81,2035.99,2021.78,525096670,4132886816962,1298121408632373.0
2016-09-22,2049.7,1,13.71,0.0067,2050.31,2060.26,2048.8,447589318,4259943037222,1307437444492960.0
2016-09-23,2054.07,1,4.37,0.0021,2053.22,2057.35,2048.96,494112627,4536562655525,1308797963159832.0
2016-09-26,2047.11,2,-6.96,-0.0034,2052.76,2060.71,2042.7,359615723,3691390234782,1304055998374814.0
2016-09-27,2062.82,1,15.71,0.0077,2037.32,2064.89,2031.13,664040876,4712693412396,1313691310546471.0
2016-09-28,2053.06,2,-9.76,-0.0046999999999999,2062.57,2062.98,2051.68,546450267,4045607123172,1307468512836509.0
2016-09-29,2068.72,1,15.66,0.0076,2063.74,2072.09,2063.74,416168745,4543938995464,1318000053239014.0
2016-09-30,2043.63,2,-25.09,-0.0121,2054.25,2056.33,2042.77,326386670,5739237973641,1301803836991218.0
2016-10-04,2054.86,1,11.23,0.0055,2056.94,2059.25,2050.46,318854293,5019206208039,1309647620162197.0
2016-10-05,2053.0,2,-1.86,-0.0009,2043.37,2056.01,2036.87,292345153,4329764065434,1308641459480053.0
2016-10-06,2065.3,1,12.3,0.006,2069.3,2070.43,2055.83,337709490,5358434663351,1317306737695415.0
2016-10-07,2053.8,2,-11.5,-0.0056,2065.95,2067.49,2051.6,422446765,5403372850156,1309944963478097.0
2016-10-10,2056.82,1,3.02,0.0015,2047.19,2058.73,2039.99,314895972,4666619143706,1309006187247656.0
2016-10-11,2031.93,2,-24.89,-0.0121,2053.29,2060.78,2030.51,343215988,5340941471093,1291827779971093.0
2016-10-12,2033.73,1,1.8,0.0009,2022.97,2037.02,2022.39,297373137,4832127236066,1293160803641247.0
2016-10-13,2015.44,2,-18.29,-0.009,2033.99,2035.93,2014.89,440255958,4507630449134,1281839996639888.0
2016-10-14,2022.66,1,7.22,0.0036,2021.66,2028.76,2021.11,458904162,4189365561074,1286279150905462.0
2016-10-17,2027.61,1,4.95,0.0024,2028.93,2033.56,2011.81,333402399,3750746186620,1289531338120003.0
2016-10-18,2040.43,1,12.82,0.0063,2027.81,2040.72,2026.47,305931454,3906403897120,1297652128141729.0
2016-10-19,2040.94,1,0.51,0.0002,2036.18,2050.51,2035.9,321940533,4097667100978,1298795666277696.0
2016-10-20,2040.6,2,-0.34,-0.0002,2044.12,2048.25,2036.54,276001083,3954964278326,1299023980161766.0
2016-10-21,2033.0,2,-7.6,-0.0037,2039.4,2040.4,2029.79,260354659,3489846278457,1294145302917819.0
2016-10-24,2047.74,1,14.74,0.0073,2037.19,2047.74,2036.77,252041161,3588032600592,1303635038709919.0
2016-10-25,2037.17,2,-10.57,-0.0052,2042.29,2042.65,2031.25,299101627,4966044656193,1296930773317920.0
2016-10-26,2013.89,2,-23.28,-0.0113999999999999,2030.37,2030.37,2002.29,392402408,4750668678009,1282232415290066.0
2016-10-27,2024.12,1,10.23,0.0051,2018.24,2026.33,2015.66,298690815,4901198724278,1288971635220029.0
2016-10-28,2019.42,2,-4.7,-0.0023,2021.97,2026.85,2015.72,270531449,4245553583026,1286551478543043.0
2016-10-31,2008.19,2,-11.23,-0.0056,2011.29,2016.01,2005.95,400664891,4365768629685,1279754772934807.0
2016-11-01,2007.39,2,-0.8,-0.0004,2003.41,2010.51,1990.45,321774656,4462621756795,1278978192597210.0
2016-11-02,1978.94,2,-28.45,-0.0141999999999999,1995.41,1997.46,1976.34,333529567,4404094007629,1260996820910166.0
2016-11-03,1983.8,1,4.86,0.0025,1974.93,1988.82,1973.58,272728479,3780779236254,1263454854565548.0
2016-11-04,1982.02,2,-1.78,-0.0009,1983.87,1985.29,1976.57,227776380,3112409193762,1262607501641418.0
2016-11-07,1997.58,1,15.56,0.0079,1997.58,2001.74,1992.14,210333532,3131548319118,1272373470431619.0
2016-11-08,2003.38,1,5.8,0.0029,2009.56,2010.17,1994.33,239579235,3238824114374,1276013949795538.0
2016-11-09,1958.38,2,-45.0,-0.0225,2008.08,2015.23,1931.07,709043324,7431309809072,1247481566460502.0
2016-11-10,2002.6,1,44.22,0.0226,1989.85,2002.6,1983.26,433884828,7012811348271,1284724724165557.0
2016-11-11,1984.43,2,-18.17,-0.0091,1988.87,1994.05,1982.15,386856326,6718928137921,1272531403108191.0
2016-11-14,1974.4,2,-10.03,-0.0051,1982.93,1988.65,1974.27,352116839,5099798436703,1265674765055294.0
2016-11-15,1967.53,2,-6.87,-0.0034999999999999,1977.33,1978.94,1967.21,375663410,5095586489659,1261206252214031.0
2016-11-16,1979.65,1,12.12,0.0062,1980.82,1985.67,1976.63,306499957,4655273918274,1269224972450912.0
2016-11-17,1980.55,1,0.9,0.0005,1976.21,1983.87,1968.8,272172464,3539361536443,1270111146117996.0
2016-11-18,1974.58,2,-5.97,-0.003,1983.07,1983.26,1968.13,306956555,4742246911662,1269989910390091.0
2016-11-21,1966.05,2,-8.53,-0.0043,1971.03,1976.23,1962.42,223512969,3501442573888,1264620460183923.0
2016-11-22,1983.47,1,17.42,0.0089,1976.07,1986.82,1974.05,231368221,3941979812836,1276043793299511.0
2016-11-23,1987.95,1,4.48,0.0023,1987.64,1996.65,1981.22,308200114,4690250049466,1277393596733722.0
2016-11-24,1971.26,2,-16.69,-0.0084,1985.11,1988.96,1968.5,235443508,3547734245993,1267210569322040.0
2016-11-25,1974.46,1,3.2,0.0016,1972.6,1978.45,1969.09,201938438,2914479033319,1268948459955797.0
2016-11-28,1978.13,1,3.67,0.0019,1976.58,1983.43,1966.78,213578991,3085101889132,1273002694335900.0
2016-11-29,1978.39,1,0.26,0.0001,1977.1,1982.53,1972.31,214565725,4413543952409,1272851861658909.0
2016-11-30,1983.48,1,5.09,0.0026,1980.38,1988.44,1977.09,233085815,5558990040335,1277304960713608.0
2016-12-01,1983.75,1,0.27,0.0001,1987.48,1989.08,1979.67,217875980,4061246653709,1277144302390734.0
2016-12-02,1970.61,2,-13.14,-0.0066,1980.14,1981.64,1966.42,243181425,3727862575237,1269074668671890.0
2016-12-05,1963.36,2,-7.25,-0.0037,1965.71,1971.24,1960.65,237190407,3071609683373,1264882579159031.0
2016-12-06,1989.86,1,26.5,0.0135,1976.51,1993.47,1976.51,214649268,3794720643806,1282306754765236.0
2016-12-07,1991.89,1,2.03,0.001,1995.69,1997.62,1987.26,204410324,3659555787763,1283622932070196.0
2016-12-08,2031.07,1,39.18,0.0197,2008.31,2031.07,2007.57,239428963,4956345636248,1307883233413825.0
2016-12-09,2024.69,2,-6.38,-0.0031,2024.52,2026.83,2019.79,225657112,3813856266845,1304217186574015.0
2016-12-12,2027.24,1,2.55,0.0013,2031.95,2031.95,2020.97,289804177,3691816658919,1305031707285811.0
2016-12-13,2035.98,1,8.74,0.0043,2026.39,2035.99,2023.61,383364096,4220712033868,1310751170725661.0
2016-12-14,2036.87,1,0.89,0.0004,2043.07,2044.42,2031.18,384033170,3392827719393,1313641229802418.0
2016-12-15,2036.65,2,-0.22,-0.0001,2022.14,2040.62,2021.76,300190154,3290968961174,1313287750924789.0
2016-12-16,2042.24,1,5.59,0.0027,2037.35,2043.6,2033.23,289708329,3944176594796,1317717852191839.0
2016-12-19,2038.39,2,-3.85,-0.0019,2039.4,2046.03,2037.04,249870290,2976699355008,1315584419601714.0
2016-12-20,2041.94,1,3.55,0.0017,2044.87,2047.38,2040.81,314221236,3174668585378,1317982198591817.0
2016-12-21,2037.96,2,-3.98,-0.0019,2049.47,2053.46,2037.96,284570194,3384379626481,1315475440334162.0
2016-12-22,2035.73,2,-2.23,-0.0011,2041.61,2042.9,2033.99,275096355,3256420999416,1313850177792463.0
2016-12-23,2035.9,1,0.17,0.0001,2036.17,2037.71,2031.54,310882167,3200601162840,1313648968487047.0
2016-12-26,2037.75,1,1.85,0.0009,2038.33,2039.76,2034.8,366636257,3036259196358,1315023860876242.0
2016-12-27,2042.17,1,4.42,0.0022,2040.74,2044.43,2037.12,384033101,3095681626919,1318586363958682.0
2016-12-28,2024.49,2,-17.68,-0.0087,2021.86,2029.69,2020.86,356590055,3051025514156,1306848287954348.0
2016-12-29,2026.46,1,1.97,0.001,2020.42,2026.57,2016.25,264521833,3009199072166,1308440373892236.0
2017-01-02,2026.16,2,-0.3,-0.0001,2022.23,2031.79,2015.68,229874996,2616791314513,1308042051339912.0
2017-01-03,2043.97,1,17.81,0.0088,2034.31,2044.07,2028.47,268127309,3725113184536,1319218838777034.0
2017-01-04,2045.64,1,1.67,0.0008,2046.29,2046.29,2040.61,371488189,4098879501997,1320293636045898.0
2017-01-05,2041.95,2,-3.69,-0.0018,2045.52,2046.5,2039.49,541343551,4479782006027,1317577589321794.0
2017-01-06,2049.12,1,7.17,0.0034999999999999,2048.11,2051.84,2045.66,455350704,3511655038362,1322374577851837.0
2017-01-09,2048.78,2,-0.34,-0.0002,2053.18,2053.18,2046.47,398291164,3878372766848,1322945086625522.0
2017-01-10,2045.12,2,-3.66,-0.0018,2043.3,2046.78,2039.5,512663445,3869789673144,1320784087468393.0
2017-01-11,2075.17,1,30.05,0.0147,2048.08,2079.7,2047.56,335531782,4534399203436,1340531932529349.0
2017-01-12,2087.14,1,11.97,0.0058,2077.69,2087.14,2073.89,555841928,4727251484660,1347878920724751.0
2017-01-13,2076.79,2,-10.35,-0.005,2077.12,2080.94,2073.44,518284304,4727082615161,1340353348332899.0
2017-01-16,2064.17,2,-12.62,-0.0060999999999999,2077.03,2080.05,2058.93,683931707,4769155406938,1331939879035718.0
2017-01-17,2071.87,1,7.7,0.0037,2067.52,2078.8,2065.53,601435035,4215228599369,1336913330089661.0
2017-01-18,2070.54,2,-1.33,-0.0006,2073.77,2075.23,2058.35,530133477,4054751042486,1338084297380493.0
2017-01-19,2072.79,1,2.25,0.0011,2085.61,2091.02,2065.03,415668980,4136854006996,1339900119470779.0
2017-01-20,2065.61,2,-7.18,-0.0034999999999999,2065.54,2072.32,2064.0,392647176,4082436058378,1335497553025401.0
2017-01-23,2065.99,1,0.38,0.0002,2067.62,2073.8,2058.91,444862533,3774412875082,1336676441393868.0
2017-01-24,2065.76,2,-0.23,-0.0001,2070.22,2072.66,2058.59,312411107,3789739890884,1336601475604751.0
2017-01-25,2066.94,1,1.18,0.0006,2075.33,2077.72,2062.96,310238861,4220571053240,1338421914916464.0
2017-01-26,2083.59,1,16.65,0.0081,2074.77,2088.6,2068.5,257921529,4425645331275,1349672534695962.0
2017-01-31,2067.57,2,-16.02,-0.0077,2077.66,2079.97,2067.57,288275478,4596318068161,1338409356638313.0
2017-02-01,2080.48,1,12.91,0.0062,2075.31,2082.7,2073.97,452528495,4532425198444,1346350614179972.0
2017-02-02,2071.01,2,-9.47,-0.0046,2080.23,2092.45,2067.76,825477498,5707493707155,1340777644632212.0
2017-02-03,2073.16,1,2.15,0.001,2075.9,2079.85,2064.05,392584058,4913325358388,1341966582067738.0
2017-02-06,2077.66,1,4.5,0.0022,2085.73,2088.37,2073.03,315315420,3900502160950,1345054595412590.0
2017-02-07,2075.21,2,-2.45,-0.0012,2077.8,2079.23,2071.05,271809004,4170985157212,1343105536230549.0
2017-02-08,2065.08,2,-10.13,-0.0049,2072.58,2072.58,2052.29,266722401,4467660045067,1336445528286683.0
2017-02-09,2065.88,1,0.8,0.0004,2067.15,2072.69,2062.12,236008942,4269100036123,1337008144116849.0
2017-02-10,2075.08,1,9.2,0.0045,2075.8,2080.74,2072.23,314676351,4885928707081,1342535858009822.0
2017-02-13,2078.65,1,3.57,0.0017,2074.94,2078.66,2070.36,289684955,3988194973944,1344539475293499.0
2017-02-14,2074.57,2,-4.08,-0.002,2079.3,2081.59,2068.16,332365951,4462092206349,1341796936960535.0
2017-02-15,2083.86,1,9.29,0.0045,2073.6,2087.69,2069.89,338044733,4735314304291,1347225063392895.0
2017-02-16,2081.84,2,-2.02,-0.001,2088.09,2092.59,2078.35,330466977,4331134652093,1346223990453142.0
2017-02-17,2080.58,2,-1.26,-0.0006,2072.57,2081.18,2072.57,301517454,4782724389657,1345089249084270.0
2017-02-20,2084.39,1,3.81,0.0018,2084.16,2085.59,2077.13,297203342,3320494203076,1348154670446477.0
2017-02-21,2102.93,1,18.54,0.0089,2085.97,2108.48,2085.0,292539412,3976164727515,1359938501619361.0
2017-02-22,2106.61,1,3.68,0.0017,2106.42,2108.98,2101.56,312219249,4246790340343,1362373770119206.0
2017-02-23,2107.63,1,1.02,0.0005,2106.15,2108.99,2103.11,430850935,4592956089053,1362846569623688.0
2017-02-24,2094.12,2,-13.51,-0.0064,2106.43,2107.83,2090.05,385394942,5176797761084,1353364623048572.0
2017-02-27,2085.52,2,-8.6,-0.0040999999999999,2095.47,2097.24,2084.08,343702229,4170046722188,1347849637785430.0
2017-02-28,2091.64,1,6.12,0.0029,2087.26,2094.41,2084.36,399821824,5051497437424,1351894956402847.0
2017-03-02,2102.65,1,11.01,0.0053,2105.19,2112.58,2096.31,434713223,6172419891054,1360136703511363.0
2017-03-03,2078.75,2,-23.9,-0.0113999999999999,2090.92,2091.59,2072.09,425935787,5129277965746,1344318883062552.0
2017-03-06,2081.36,1,2.61,0.0013,2073.2,2083.8,2067.68,431445283,4655902350739,1346355445399492.0
2017-03-07,2094.05,1,12.69,0.0060999999999999,2080.77,2096.79,2079.16,277830454,3962686939049,1354747806427413.0
2017-03-08,2095.41,1,1.36,0.0006,2092.27,2101.56,2088.19,381441625,4517061478653,1355519187936462.0
2017-03-09,2091.06,2,-4.35,-0.0021,2098.29,2100.08,2090.73,408229058,5110475045702,1352384164061581.0
2017-03-10,2097.35,1,6.29,0.003,2088.67,2102.05,2082.31,500860898,5570688057830,1356493259384904.0
2017-03-13,2117.59,1,20.24,0.0097,2102.37,2122.88,2100.91,382129482,4657806679469,1369779491468945.0
2017-03-14,2133.78,1,16.19,0.0076,2127.12,2135.5,2124.42,365074867,5287891748761,1380724236117801.0
2017-03-15,2133.0,2,-0.78,-0.0004,2128.42,2135.38,2127.26,374699799,4974871313885,1380664798188064.0
2017-03-16,2150.08,1,17.08,0.008,2154.98,2156.85,2143.01,402424433,5163958046376,1391689013049744.0
2017-03-17,2164.58,1,14.5,0.0067,2150.47,2164.59,2148.86,302788162,4979594807193,1401543224817967.0
2017-03-20,2157.01,2,-7.57,-0.0034999999999999,2160.32,2160.57,2151.51,264946670,4117273090647,1396118874221824.0
2017-03-21,2178.38,1,21.37,0.0098999999999999,2162.95,2181.99,2160.25,303940558,5620094548237,1410500369215527.0
2017-03-22,2168.3,2,-10.08,-0.0046,2159.97,2170.0,2158.96,394425757,5586037725266,1404264980510428.0
2017-03-23,2172.72,1,4.42,0.002,2174.09,2182.42,2170.56,358607995,5152408812062,1406409944091800.0
2017-03-24,2168.95,2,-3.77,-0.0017,2171.36,2179.34,2163.34,358673446,5127078116814,1403733237719955.0
2017-03-27,2155.66,2,-13.29,-0.0060999999999999,2161.17,2165.25,2153.14,395862524,5291302074322,1395348805841748.0
2017-03-28,2163.31,1,7.65,0.0034999999999999,2166.58,2169.14,2157.71,393970360,5076567672192,1401036285563490.0
2017-03-29,2166.98,1,3.67,0.0017,2172.31,2172.31,2162.04,626792915,5356115503506,1403913276637067.0
2017-03-30,2164.64,2,-2.34,-0.0011,2170.18,2174.16,2159.16,643563712,4574158342814,1403835584768718.0
2017-03-31,2160.23,2,-4.41,-0.002,2166.62,2166.93,2159.8,441640301,4479971031988,1400961584517266.0
2017-04-03,2167.51,1,7.28,0.0034,2166.04,2171.33,2161.26,398513840,4066025368922,1405883015489295.0
2017-04-04,2161.1,2,-6.41,-0.003,2165.23,2166.94,2156.89,522093217,4619289219773,1402046554042085.0
2017-04-05,2160.85,2,-0.25,-0.0001,2161.9,2164.85,2146.98,571691330,4910757856742,1402168629703462.0
2017-04-06,2152.75,2,-8.1,-0.0037,2152.64,2153.83,2143.3,510164336,4204110688320,1396629199960366.0
2017-04-07,2151.73,2,-1.02,-0.0005,2154.87,2155.7,2142.51,408456799,4143350549330,1395556937389044.0
2017-04-10,2133.32,2,-18.41,-0.0086,2148.83,2148.83,2128.35,512916758,4050058958939,1384038381100518.0
2017-04-11,2123.85,2,-9.47,-0.0044,2129.23,2136.55,2117.82,489309138,4209403948336,1378255108132514.0
2017-04-12,2128.91,1,5.06,0.0024,2128.17,2129.82,2122.94,427358370,3970631328818,1381534907748902.0
2017-04-13,2148.61,1,19.7,0.0093,2130.64,2148.61,2125.87,357582980,4396072485003,1394108754396628.0
2017-04-14,2134.88,2,-13.73,-0.0064,2138.28,2141.61,2127.8,383688378,3408417168722,1385279447051229.0
2017-04-17,2145.76,1,10.88,0.0051,2140.87,2150.7,2138.7,259303733,3750130120322,1392064303193273.0
2017-04-18,2148.46,1,2.7,0.0013,2155.36,2155.36,2139.31,291399453,3971074854621,1393614544415610.0
2017-04-19,2138.4,2,-10.06,-0.0046999999999999,2144.98,2148.03,2133.82,344221051,4892976316610,1386926682878041.0
2017-04-20,2149.15,1,10.75,0.005,2138.19,2150.43,2134.05,268315945,5132501780310,1393644196040354.0
2017-04-21,2165.04,1,15.89,0.0074,2161.24,2169.46,2156.64,281540383,4837703370559,1401852010106952.0
2017-04-24,2173.74,1,8.7,0.004,2175.5,2177.89,2166.83,374713903,4402840748953,1407333068508617.0
2017-04-25,2196.85,1,23.11,0.0106,2175.7,2196.85,2174.11,275897148,5106631717259,1422832246546590.0
2017-04-26,2207.84,1,10.99,0.005,2202.37,2210.61,2200.73,397525804,5509194885512,1430107692689295.0
2017-04-27,2209.46,1,1.62,0.0007,2201.72,2211.59,2199.76,386106987,6551273939757,1432679121251502.0
2017-04-28,2205.44,2,-4.02,-0.0018,2214.36,2217.04,2202.2,268642437,5842675935179,1430873637911240.0
2017-05-02,2219.67,1,14.23,0.0065,2213.61,2229.74,2212.87,295139655,4826500221380,1441151795938380.0
2017-05-04,2241.24,1,21.57,0.0097,2224.91,2241.24,2224.91,261918663,4790759344972,1454577898931354.0
2017-05-08,2292.76,1,51.52,0.023,2245.61,2292.76,2244.23,281761321,6795938018612,1487320270906404.0
2017-05-10,2270.12,2,-22.64,-0.0098999999999999,2294.1,2323.22,2264.31,422888280,9383778750703,1476220933350962.0
2017-05-11,2296.37,1,26.25,0.0116,2278.47,2297.67,2271.66,463460094,7895478520495,1495130967203083.0
2017-05-12,2286.02,2,-10.35,-0.0045,2296.06,2296.51,2283.38,335337878,6493662077252,1503064884660116.0
2017-05-15,2290.65,1,4.63,0.002,2288.23,2297.31,2280.6,251594196,4648512417008,1506318519958738.0
2017-05-16,2295.33,1,4.68,0.002,2306.73,2309.0,2283.84,368138020,6542753309936,1509851050918462.0
2017-05-17,2293.08,2,-2.25,-0.001,2291.56,2295.87,2283.01,394821402,5709041743458,1508979342144561.0
2017-05-18,2286.82,2,-6.26,-0.0027,2271.27,2288.85,2267.08,378315003,5914401333043,1504833395841748.0
2017-05-19,2288.48,1,1.66,0.0007,2286.78,2293.82,2282.13,421133911,5928741601995,1505298599846953.0
2017-05-22,2304.03,1,15.55,0.0068,2300.68,2305.21,2292.95,340061176,5827433468575,1515797522576171.0
2017-05-23,2311.74,1,7.71,0.0033,2308.69,2326.57,2303.15,341085104,5626903789752,1497923583069927.0
2017-05-24,2317.34,1,5.6,0.0024,2319.37,2322.54,2312.93,409559680,5671778750457,1501367988895909.0
2017-05-25,2342.93,1,25.59,0.011,2325.49,2343.72,2321.26,369280480,6263938027268,1516672031532862.0
2017-05-26,2355.3,1,12.37,0.0053,2344.39,2364.8,2341.61,312875202,6152425387590,1524825781888040.0
2017-05-29,2352.97,2,-2.33,-0.001,2362.59,2371.67,2344.25,316177808,5628670901344,1523018713425981.0
2017-05-30,2343.68,2,-9.29,-0.0039,2356.54,2358.69,2332.16,508844006,5623193249286,1516704036339791.0
2017-05-31,2347.38,1,3.7,0.0016,2339.25,2355.23,2338.25,555939224,8244271511924,1519224318667747.0
2017-06-01,2344.61,2,-2.77,-0.0012,2348.31,2351.31,2335.63,336690601,5389573512914,1517531128290644.0
2017-06-02,2371.72,1,27.11,0.0116,2353.77,2372.65,2353.45,399499240,6157841505610,1535433298027342.0
2017-06-05,2368.62,2,-3.1,-0.0013,2376.66,2376.83,2363.61,326411771,5196274352105,1533778730345503.0
2017-06-07,2360.14,2,-8.48,-0.0036,2364.96,2369.43,2356.71,376207632,6272489514868,1528313191717927.0
2017-06-08,2363.57,1,3.43,0.0015,2361.64,2365.52,2347.62,417080087,8406803460863,1530882223694253.0
2017-06-09,2381.69,1,18.12,0.0077,2371.22,2385.15,2367.81,520558467,7227366441198,1542997367884130.0
2017-06-12,2357.87,2,-23.82,-0.01,2370.69,2374.7,2353.35,327233698,5782163961238,1527605655532142.0
2017-06-13,2374.7,1,16.83,0.0070999999999999,2358.92,2375.81,2358.92,322081808,5665179059115,1538262977855969.0
2017-06-14,2372.64,2,-2.06,-0.0009,2384.54,2387.29,2366.92,392997946,6795164772931,1537387889945621.0
2017-06-15,2361.65,2,-10.99,-0.0046,2373.36,2378.04,2350.37,334886219,5882836429604,1530333176863619.0
2017-06-16,2361.83,1,0.18,0.0001,2364.2,2365.37,2355.29,329179407,5965449677300,1530672371039296.0
2017-06-19,2370.9,1,9.07,0.0038,2364.02,2377.2,2356.84,290944781,5421942334517,1536693703623719.0
2017-06-20,2369.23,2,-1.67,-0.0007,2382.54,2382.54,2365.45,360733867,7143556168687,1536241744989962.0
2017-06-21,2357.53,2,-11.7,-0.0049,2358.23,2359.97,2346.19,360344862,6466059804119,1528474846712338.0
2017-06-22,2370.37,1,12.84,0.0054,2364.22,2370.39,2354.1,299232084,6829006992193,1536651532087464.0
2017-06-23,2378.6,1,8.23,0.0034999999999999,2371.54,2380.94,2369.17,256259171,5863390115241,1541919022497927.0
2017-06-26,2388.66,1,10.06,0.0042,2381.09,2390.7,2377.88,325674236,5213753592353,1548384048586657.0
2017-06-27,2391.95,1,3.29,0.0014,2386.76,2397.14,2383.47,358034224,6473501689058,1550600183612503.0
2017-06-28,2382.56,2,-9.39,-0.0039,2382.91,2390.89,2380.75,361176788,6018052880850,1543678168909658.0
2017-06-29,2395.66,1,13.1,0.0055,2396.81,2402.8,2393.57,445131674,5519870970857,1552287489954075.0
2017-06-30,2391.79,2,-3.87,-0.0016,2382.15,2391.81,2381.4,343529731,5100038352486,1549261008077597.0
2017-07-03,2394.48,1,2.69,0.0011,2397.66,2399.9,2384.55,310991726,4782703475729,1551236136745451.0
2017-07-04,2380.52,2,-13.96,-0.0058,2395.24,2398.02,2376.41,411776273,4899735482366,1541800095577205.0
2017-07-05,2388.35,1,7.83,0.0033,2377.01,2390.29,2375.63,333721038,4786069949818,1546865701089642.0
2017-07-06,2387.81,2,-0.54,-0.0002,2390.31,2392.5,2380.82,301472843,4804355891279,1546895514039244.0
2017-07-07,2379.87,2,-7.94,-0.0033,2376.29,2385.02,2372.83,314370029,5489141075603,1540538452549232.0
2017-07-10,2382.1,1,2.23,0.0009,2386.3,2389.87,2378.04,296262393,4924609019673,1549196906338759.0
2017-07-11,2396.0,1,13.9,0.0058,2386.42,2396.46,2382.69,284462133,4942133572928,1558253116396199.0
2017-07-12,2391.77,2,-4.23,-0.0018,2395.41,2399.28,2390.45,268926342,5352346799389,1555980341774805.0
2017-07-13,2409.49,1,17.72,0.0074,2405.76,2422.26,2402.92,289260886,6169865471597,1568027438017772.0
2017-07-14,2414.63,1,5.14,0.0021,2418.27,2421.48,2411.34,258765999,5288841331492,1571230353535404.0
2017-07-17,2425.1,1,10.47,0.0043,2427.76,2430.34,2419.91,254205370,4928676466083,1578499325495962.0
2017-07-18,2426.04,1,0.94,0.0004,2425.07,2426.16,2419.17,260661665,4801381442998,1578631567516503.0
2017-07-19,2429.94,1,3.9,0.0016,2430.09,2430.09,2419.64,270965208,5100348975286,1581150485500041.0
2017-07-20,2441.84,1,11.9,0.0049,2436.06,2443.69,2427.95,251916590,5452698608551,1589860931433220.0
2017-07-21,2450.06,1,8.22,0.0034,2438.78,2451.59,2437.84,250131929,5207298429849,1592877223539003.0
2017-07-24,2451.53,1,1.47,0.0006,2451.41,2451.53,2443.65,233407929,4637011284286,1593346328685730.0
2017-07-25,2439.9,2,-11.63,-0.0046999999999999,2450.76,2453.17,2437.14,275199900,5406742553225,1585492893014261.0
2017-07-26,2434.51,2,-5.39,-0.0022,2446.82,2446.96,2429.62,336108902,6474044526595,1581850204100346.0
2017-07-27,2443.24,1,8.73,0.0036,2443.28,2448.24,2435.49,426497580,5397118572659,1587487990380028.0
2017-07-28,2400.99,2,-42.25,-0.0173,2433.46,2434.38,2399.06,318651968,7019671628638,1559499858093074.0
2017-07-31,2402.71,1,1.72,0.0007,2392.02,2403.9,2388.39,277570265,5646474950362,1560654851501471.0
2017-08-01,2422.96,1,20.25,0.0084,2397.12,2432.62,2394.27,264036240,5605202154076,1573327444827824.0
2017-08-02,2427.63,1,4.67,0.0019,2431.94,2434.47,2424.18,261569782,5346438914312,1574478571669610.0
2017-08-03,2386.85,2,-40.78,-0.0168,2423.21,2423.55,2374.11,303575472,6500832212714,1547313042422460.0
2017-08-04,2395.45,1,8.6,0.0036,2389.74,2400.33,2383.45,273565681,5084021843724,1552978143451478.0
2017-08-07,2398.75,1,3.3,0.0014,2402.57,2412.13,2395.74,244123984,4428447375230,1555176613447722.0
2017-08-08,2394.73,2,-4.02,-0.0017,2404.68,2410.22,2383.94,252853865,4623603980175,1553061230125079.0
2017-08-09,2368.39,2,-26.34,-0.011,2379.7,2387.53,2366.33,234073383,4693572440448,1535593315073020.0
2017-08-10,2359.47,2,-8.92,-0.0038,2360.95,2371.5,2339.06,283873110,6293548649493,1529764542792173.0
2017-08-11,2319.71,2,-39.76,-0.0169,2323.06,2335.12,2310.2,318581048,6322990067341,1503626800529810.0
2017-08-14,2334.22,1,14.51,0.0063,2336.02,2341.78,2327.8,214025309,4657450814757,1515575560586890.0
2017-08-16,2348.26,1,14.04,0.006,2355.74,2358.46,2343.72,270520918,6169012023271,1525670168054872.0
2017-08-17,2361.67,1,13.41,0.0056999999999999,2351.61,2364.5,2346.74,255766149,4696031049294,1534652870267855.0
2017-08-18,2358.37,2,-3.3,-0.0014,2340.19,2362.43,2340.19,201479336,4395553912176,1532778210379250.0
2017-08-21,2355.0,2,-3.37,-0.0014,2363.38,2363.38,2351.96,207225401,3860617002559,1530386008261105.0
2017-08-22,2365.33,1,10.33,0.0044,2360.29,2369.02,2359.97,251864061,4036930941614,1536995835890243.0
2017-08-23,2366.4,1,1.07,0.0005,2376.53,2379.59,2360.71,228615855,4072478284825,1538226996885969.0
2017-08-24,2375.84,1,9.44,0.004,2370.12,2382.72,2368.29,295530841,4743851002104,1543913763642497.0
2017-08-25,2378.51,1,2.67,0.0011,2381.47,2384.59,2372.67,341960532,4664554607460,1544754034423200.0
2017-08-28,2370.3,2,-8.21,-0.0034999999999999,2376.38,2383.46,2366.23,226868646,4035800576453,1538875604956711.0
2017-08-29,2364.74,2,-5.56,-0.0023,2356.2,2364.74,2332.85,223089508,4427621818941,1535858092880226.0
2017-08-30,2372.29,1,7.55,0.0032,2368.13,2372.29,2363.43,305636578,4652673488246,1540964341858703.0
2017-08-31,2363.19,2,-9.1,-0.0038,2373.96,2377.02,2355.29,265050263,5351567639723,1535629495111100.0
2017-09-01,2357.69,2,-5.5,-0.0023,2367.45,2370.25,2351.37,280059667,4811929417544,1532592218349696.0
2017-09-04,2329.65,2,-28.04,-0.0118999999999999,2316.89,2344.82,2316.89,248494846,4422729089883,1514396696041722.0
2017-09-05,2326.62,2,-3.03,-0.0013,2340.62,2340.62,2319.94,320428048,4951325494672,1512278525412776.0
2017-09-06,2319.82,2,-6.8,-0.0029,2324.84,2325.56,2314.31,252681759,5336840330743,1508357063660098.0
2017-09-07,2346.19,1,26.37,0.0113999999999999,2328.94,2349.79,2328.92,277036412,4697149068884,1525680811343964.0
2017-09-08,2343.72,2,-2.47,-0.0011,2350.19,2351.73,2340.63,214592711,4588619584901,1524638754908464.0
2017-09-11,2359.08,1,15.36,0.0066,2354.86,2369.72,2354.35,243612777,4928978233698,1535384685243852.0
2017-09-12,2365.47,1,6.39,0.0027,2372.02,2372.45,2359.12,333573634,5000743137266,1539474471819833.0
2017-09-13,2360.18,2,-5.29,-0.0022,2370.54,2373.61,2360.17,318871909,6032999060479,1536059857357334.0
2017-09-14,2377.66,1,17.48,0.0074,2365.54,2377.66,2358.43,314262595,6750768481098,1546781590187769.0
2017-09-15,2386.07,1,8.41,0.0034999999999999,2368.44,2386.07,2365.37,298738808,6430144681482,1552342856847460.0
2017-09-18,2418.21,1,32.14,0.0135,2390.58,2418.24,2389.65,273477988,5218019946283,1573692545495324.0
2017-09-19,2416.05,2,-2.16,-0.0009,2419.3,2422.05,2411.68,254585829,5357247595080,1572876462192018.0
2017-09-20,2412.2,2,-3.85,-0.0016,2420.82,2429.12,2405.78,303285695,5630703817910,1570621055795349.0
2017-09-21,2406.5,2,-5.7,-0.0024,2412.01,2415.13,2401.89,335339397,5730119293374,1567070759645542.0
2017-09-22,2388.71,2,-17.79,-0.0074,2404.35,2409.3,2381.81,333616875,6124475818338,1555336611718071.0
2017-09-25,2380.4,2,-8.31,-0.0034999999999999,2388.77,2392.44,2374.69,339345624,4855652545008,1550628202365961.0
2017-09-26,2374.32,2,-6.08,-0.0026,2371.62,2381.31,2365.34,319124829,5853154110552,1545785411006070.0
2017-09-27,2372.57,2,-1.75,-0.0007,2376.89,2377.18,2368.92,202618978,4598482943102,1544304910056582.0
2017-09-28,2373.14,1,0.57,0.0002,2374.1,2379.54,2365.67,194772385,4712785972369,1544474428637920.0
2017-09-29,2394.47,1,21.33,0.009,2378.66,2394.47,2378.66,184191469,4667349608627,1558243982037365.0
2017-10-10,2433.81,1,39.34,0.0163999999999999,2425.63,2443.2,2421.1,221744907,7507847583064,1583765606245860.0
2017-10-11,2458.16,1,24.35,0.01,2442.49,2458.16,2439.81,201771350,6086393607361,1600875567366644.0
2017-10-12,2474.76,1,16.6,0.0068,2461.7,2474.76,2459.48,256211091,6281852495969,1610914160398811.0
2017-10-13,2473.62,2,-1.14,-0.0005,2473.65,2479.73,2468.14,234800679,6823930497750,1610209162365154.0
2017-10-16,2480.05,1,6.43,0.0026,2483.17,2487.71,2470.24,224414601,6175084495255,1613827897181040.0
2017-10-17,2484.37,1,4.32,0.0017,2484.96,2487.88,2478.76,199049340,5322692469609,1616936985620854.0
2017-10-18,2482.91,2,-1.46,-0.0006,2481.53,2490.58,2475.67,244245315,5826518400297,1616101958610598.0
2017-10-19,2473.06,2,-9.85,-0.004,2485.72,2490.94,2468.67,236625102,6891246462861,1608466683663875.0
2017-10-20,2489.54,1,16.48,0.0067,2477.3,2489.54,2476.88,313210981,5648569217412,1619603666778770.0
2017-10-23,2490.05,1,0.51,0.0002,2497.65,2500.33,2485.48,274201074,4759871896709,1620087218757678.0
2017-10-24,2490.49,1,0.44,0.0002,2489.31,2497.35,2487.17,232007087,4624483372022,1620755283071592.0
2017-10-25,2492.5,1,2.01,0.0008,2495.87,2497.41,2481.48,599434815,5088790876720,1621564444486332.0
2017-10-26,2480.63,2,-11.87,-0.0048,2489.6,2495.99,2480.63,646882936,7143282820911,1613241151480574.0
2017-10-27,2496.63,1,16.0,0.0064,2485.44,2499.15,2479.67,511225841,6342961623830,1624402401259813.0
2017-10-30,2501.93,1,5.3,0.0021,2513.87,2513.87,2497.42,342006044,7020594596280,1626538441749277.0
2017-10-31,2523.43,1,21.5,0.0086,2500.21,2528.32,2498.05,313787839,7694499061209,1642285252211340.0
2017-11-01,2556.47,1,33.04,0.0131,2535.97,2556.47,2535.83,361796494,7567835319827,1664901460966523.0
2017-11-02,2546.36,2,-10.11,-0.004,2560.34,2561.63,2542.02,527727558,6255076761706,1658388200588871.0
2017-11-03,2557.97,1,11.61,0.0046,2558.37,2558.37,2539.72,292766734,5515019279641,1663024031632955.0
2017-11-06,2549.41,2,-8.56,-0.0033,2557.29,2559.9,2529.94,221187322,5433361687974,1657218530164353.0
2017-11-07,2545.44,2,-3.97,-0.0016,2548.3,2554.13,2540.67,253921533,5665741936347,1654339822911220.0
2017-11-08,2552.4,1,6.96,0.0027,2534.48,2558.74,2533.73,277039214,5716549898159,1658856803193087.0
2017-11-09,2550.57,2,-1.83,-0.0007,2559.93,2559.93,2536.54,293539510,6931784295564,1657645910813359.0
2017-11-10,2542.95,2,-7.62,-0.003,2541.18,2547.61,2534.6,291525443,5517622126016,1652577269634808.0
2017-11-13,2530.35,2,-12.6,-0.005,2548.27,2552.28,2527.2,266530871,6175703615155,1644648379198724.0
2017-11-14,2526.64,2,-3.71,-0.0015,2532.55,2532.95,2520.99,287771653,5999101866118,1640671062074470.0
2017-11-15,2518.25,2,-8.39,-0.0033,2525.6,2526.61,2511.76,398215052,7283457455182,1634963776457914.0
2017-11-16,2534.79,1,16.54,0.0066,2522.42,2538.28,2514.51,302931313,5633181615375,1645491389347119.0
2017-11-17,2533.99,2,-0.8,-0.0003,2546.05,2559.1,2533.99,362192360,6649668643775,1644529848984065.0
2017-11-20,2527.67,2,-6.32,-0.0025,2536.8,2542.62,2523.52,404259934,5868465645743,1640426168590907.0
2017-11-21,2530.7,1,3.03,0.0012,2533.85,2539.88,2525.96,484887336,7019796676060,1642523340347930.0
2017-11-22,2540.51,1,9.81,0.0039,2546.61,2553.22,2535.19,485670685,7600111570093,1649978495894348.0
2017-11-23,2537.15,2,-3.36,-0.0013,2542.34,2544.58,2532.45,391292206,5174188966228,1647721422135036.0
2017-11-24,2544.33,1,7.18,0.0028,2539.79,2544.33,2533.98,297938436,4477300958730,1652408594423036.0
2017-11-27,2507.81,2,-36.52,-0.0144,2544.74,2546.71,2506.69,284887372,6257121135157,1627300680864277.0
2017-11-28,2514.19,1,6.38,0.0025,2512.52,2521.06,2500.93,348243160,6518925879236,1631775247531632.0
2017-11-29,2512.9,2,-1.29,-0.0005,2517.26,2524.41,2508.66,301208934,5277563304654,1630844154260128.0
2017-11-30,2476.37,2,-36.53,-0.0144999999999999,2502.22,2506.32,2474.28,339022475,9397571888246,1607169300611141.0
2017-12-01,2475.41,2,-0.96,-0.0004,2488.92,2488.92,2472.75,288567773,5740174453415,1606563650638214.0
2017-12-04,2501.67,1,26.26,0.0106,2486.72,2501.67,2476.29,323846695,6056436249774,1622966082149765.0
2017-12-05,2510.12,1,8.45,0.0034,2490.73,2513.68,2487.15,395429917,5926806208558,1627839539747175.0
2017-12-06,2474.37,2,-35.75,-0.0141999999999999,2510.19,2510.47,2474.29,507624093,6651308074342,1605164241913800.0
2017-12-07,2461.98,2,-12.39,-0.005,2479.55,2480.85,2452.4,404853502,6307570109010,1598885756291950.0
2017-12-08,2464.0,1,2.02,0.0008,2470.09,2473.17,2459.02,406381502,5484859462873,1602767069220294.0
2017-12-11,2471.49,1,7.49,0.003,2467.81,2471.99,2457.98,240137827,4613094251741,1607943364503335.0
2017-12-12,2461.0,2,-10.49,-0.0042,2471.23,2471.43,2455.39,281191226,5292539448215,1601445481742917.0
2017-12-13,2480.55,1,19.55,0.0079,2462.42,2481.92,2457.7,254953381,5121323451164,1613324380847097.0
2017-12-14,2469.48,2,-11.07,-0.0045,2486.57,2514.61,2469.48,317786649,8276523381672,1606804196280957.0
2017-12-15,2482.07,1,12.59,0.0051,2488.39,2495.08,2475.99,340758800,6047301989889,1614080828688818.0
2017-12-18,2481.88,2,-0.19,-0.0001,2488.83,2488.83,2477.29,324358231,4477139154956,1614248576301355.0
2017-12-19,2478.53,2,-3.35,-0.0013,2487.83,2498.67,2470.49,308390513,5239923476499,1612412730581815.0
2017-12-20,2472.37,2,-6.16,-0.0025,2473.82,2484.5,2470.62,236176160,4748794271453,1607733541577158.0
2017-12-21,2429.83,2,-42.54,-0.0172,2471.34,2471.73,2429.83,247330424,5351502434046,1579690638576792.0
2017-12-22,2440.54,1,10.71,0.0044,2437.59,2444.57,2426.94,230412744,4801820423885,1587459773317036.0
2017-12-26,2427.34,2,-13.2,-0.0054,2447.67,2457.19,2427.34,224640628,5641602541910,1578386110073661.0
2017-12-27,2436.67,1,9.33,0.0038,2420.86,2436.68,2411.48,194850122,4845393986872,1584816760856774.0
2017-12-28,2467.49,1,30.82,0.0126,2439.31,2467.51,2437.26,220336303,4274352132703,1605820911910270.0
2018-01-02,2479.65,1,12.16,0.0049,2474.86,2481.02,2465.94,262205431,4786386686165,1613508196692261.0
2018-01-03,2486.35,1,6.7,0.0027,2484.63,2493.4,2481.91,331094681,6019622040484,1617634317727445.0
2018-01-04,2466.46,2,-19.89,-0.008,2502.5,2502.5,2466.45,333836328,6896287056563,1604916139690676.0
2018-01-05,2497.52,1,31.06,0.0126,2476.85,2497.52,2475.51,308769669,6317518427311,1624970533116195.0
2018-01-08,2513.28,1,15.76,0.0063,2510.7,2515.37,2494.18,311429324,6404885697956,1634777680824259.0
2018-01-09,2510.23,2,-3.05,-0.0012,2510.73,2524.73,2498.41,374322741,7345518522444,1632067011137727.0
2018-01-10,2499.75,2,-10.48,-0.0042,2516.33,2516.82,2493.98,444022038,8577963205899,1624057751825978.0
2018-01-11,2487.91,2,-11.84,-0.0046999999999999,2496.86,2502.52,2483.82,444340157,7789310921248,1616665407672775.0
2018-01-12,2496.42,1,8.51,0.0034,2499.87,2500.87,2482.15,438775501,8772175387868,1621717048649402.0
2018-01-15,2503.73,1,7.31,0.0029,2510.97,2513.3,2496.18,404550878,6118634777651,1626574287749373.0
2018-01-16,2521.74,1,18.01,0.0072,2504.16,2524.55,2498.55,341606608,6913692888279,1639188169775360.0
2018-01-17,2515.43,2,-6.31,-0.0025,2517.19,2521.97,2506.49,336712525,6325747268741,1634771858627720.0
2018-01-18,2515.81,1,0.38,0.0002,2527.67,2532.08,2512.69,333112031,6447655644566,1635724489304135.0
2018-01-19,2520.26,1,4.45,0.0018,2519.67,2524.33,2513.09,351845047,6263000889905,1637786602548241.0
2018-01-22,2502.11,2,-18.15,-0.0072,2516.9,2517.12,2488.44,342994024,6385331485527,1626287540675022.0
2018-01-23,2536.6,1,34.49,0.0138,2510.35,2536.6,2507.96,370007847,6838404249758,1648667380287201.0
2018-01-24,2538.0,1,1.4,0.0006,2533.86,2547.22,2531.31,371087271,6764738182069,1649315305139719.0
2018-01-25,2562.23,1,24.23,0.0095,2536.96,2564.43,2536.73,514605010,7867501171189,1665284071087011.0
2018-01-26,2574.76,1,12.53,0.0049,2560.69,2574.76,2553.53,400648704,7673559139308,1673359183533335.0
2018-01-29,2598.19,1,23.43,0.0091,2588.87,2607.1,2587.55,437474733,7908139065694,1688814425714740.0
2018-01-30,2567.74,2,-30.45,-0.0116999999999999,2590.41,2599.17,2567.07,397038667,7877966009199,1668674846117706.0
2018-01-31,2566.46,2,-1.28,-0.0005,2557.37,2597.14,2553.01,403051379,10842647300529,1668579804446713.0
2018-02-01,2568.54,1,2.08,0.0008,2578.91,2583.74,2564.59,595147219,8053098628981,1670143714819334.0
2018-02-02,2525.39,2,-43.15,-0.0168,2565.99,2565.99,2519.6,481817771,8260733147352,1641386345850764.0
2018-02-05,2491.75,2,-33.64,-0.0133,2487.34,2503.99,2476.24,442349802,8096051108853,1620158999308614.0
2018-02-06,2453.31,2,-38.44,-0.0154,2437.02,2460.28,2409.38,582836967,9566550780902,1595275241964516.0
2018-02-07,2396.56,2,-56.75,-0.0231,2483.72,2484.18,2396.56,460075034,8369362461175,1558072990513737.0
2018-02-08,2407.62,1,11.06,0.0046,2400.17,2423.88,2393.46,362415715,7275110328522,1563754336073031.0
2018-02-09,2363.77,2,-43.85,-0.0182,2346.73,2372.9,2346.73,489112012,8524086490331,1567308138862405.0
2018-02-12,2385.38,1,21.61,0.0091,2380.49,2397.9,2367.31,352288396,6631083611178,1581810883666255.0
2018-02-13,2395.19,1,9.81,0.0040999999999999,2402.89,2421.8,2388.54,423415702,7333093361490,1589989717563195.0
2018-02-14,2421.83,1,26.64,0.0111,2412.47,2426.63,2408.02,305739307,5970263260786,1607999332677788.0
2018-02-19,2442.82,1,20.99,0.0087,2452.52,2455.12,2428.15,322137444,5843436838599,1621617423724698.0
2018-02-20,2415.12,2,-27.7,-0.0113,2433.35,2438.48,2411.23,421485575,5146648554123,1603559124107592.0
2018-02-21,2429.65,1,14.53,0.006,2417.73,2432.45,2404.02,432275482,6074260982996,1612751528318363.0
2018-02-22,2414.28,2,-15.37,-0.0063,2417.18,2422.62,2405.23,349492766,4982023714638,1602148941100045.0
2018-02-23,2451.52,1,37.24,0.0154,2427.13,2451.52,2427.13,300578392,5387096363913,1626053757217473.0
2018-02-26,2457.65,1,6.13,0.0025,2465.35,2466.08,2447.86,321259942,5606026686918,1630210235664343.0
2018-02-27,2456.14,2,-1.51,-0.0006,2474.08,2480.79,2456.14,271231732,5674164168373,1629406359657681.0
2018-02-28,2427.36,2,-28.78,-0.0116999999999999,2447.11,2460.12,2426.21,367556992,7168378397321,1611555217440049.0
2018-03-02,2402.16,2,-25.2,-0.0104,2406.57,2410.34,2387.25,320397214,6077888427411,1593948106214368.0
2018-03-05,2375.06,2,-27.1,-0.0113,2405.92,2407.98,2374.8,312254166,5785012821697,1575913633409285.0
2018-03-06,2411.41,1,36.35,0.0153,2400.67,2413.01,2392.87,400110606,6598571319382,1600329702863531.0
2018-03-07,2401.82,2,-9.59,-0.004,2413.39,2429.43,2395.24,412971976,8956678689024,1594937953645217.0
2018-03-08,2433.08,1,31.26,0.013,2420.67,2433.08,2407.59,394848837,9053040319812,1614933613693764.0
2018-03-09,2459.45,1,26.37,0.0108,2443.43,2476.43,2436.03,437265049,8573691173426,1633438701140137.0
2018-03-12,2484.12,1,24.67,0.01,2485.64,2489.46,2474.91,391303828,6570618360609,1649789282909638.0
2018-03-13,2494.49,1,10.37,0.0042,2483.05,2494.49,2478.76,350203303,7828709039614,1657712132525991.0
2018-03-14,2486.08,2,-8.41,-0.0034,2477.43,2486.98,2474.77,360865629,6379749607517,1652629050198838.0
2018-03-15,2492.38,1,6.3,0.0025,2486.0,2496.51,2471.04,344009541,6065884278852,1656176341047252.0
2018-03-16,2493.97,1,1.59,0.0006,2495.11,2497.8,2476.88,377766164,6566428705337,1656858023362981.0
2018-03-19,2475.03,2,-18.94,-0.0076,2491.99,2493.56,2470.91,477219243,5994568990918,1644237392926035.0
2018-03-20,2485.52,1,10.49,0.0042,2456.8,2485.52,2456.8,291495677,5384113953235,1650420083849268.0
2018-03-21,2484.97,2,-0.55,-0.0002,2488.22,2492.88,2483.78,399073627,5925541828231,1650337890011040.0
2018-03-22,2496.02,1,11.05,0.0044,2494.84,2508.71,2485.34,482138402,7178799207568,1658523131745911.0
2018-03-23,2416.76,2,-79.26,-0.0318,2446.73,2450.4,2412.62,457952885,7931474005661,1606035961362604.0
2018-03-26,2437.08,1,20.32,0.0084,2414.68,2437.08,2399.44,306904047,5928635174731,1620507612243551.0
2018-03-27,2452.06,1,14.98,0.0060999999999999,2455.0,2456.55,2444.92,332128629,6305554223861,1631743152187368.0
2018-03-28,2419.29,2,-32.77,-0.0134,2425.94,2430.77,2409.47,501307087,7761054046551,1610067602397524.0
2018-03-29,2436.37,1,17.08,0.0070999999999999,2421.7,2439.47,2413.71,333359418,7256777131644,1621052949774626.0
2018-03-30,2445.85,1,9.48,0.0039,2454.1,2458.24,2445.72,395329333,6434444751664,1627646951097347.0
2018-04-02,2444.16,2,-1.69,-0.0007,2454.72,2467.52,2440.89,390319364,6841687754496,1626392939769494.0
2018-04-03,2442.43,2,-1.73,-0.0007,2422.26,2442.43,2416.44,497140700,7950088373987,1625310856362044.0
2018-04-04,2408.06,2,-34.37,-0.0141,2447.97,2447.97,2405.91,551703792,8092053728669,1602618531596691.0
2018-04-05,2437.52,1,29.46,0.0121999999999999,2426.92,2446.78,2420.92,591042776,7566951644330,1622983873221529.0
2018-04-06,2429.58,2,-7.94,-0.0033,2420.88,2433.97,2417.24,454309390,7301080603762,1617425107083266.0
2018-04-09,2444.08,1,14.5,0.006,2424.15,2446.28,2424.15,334424856,6607392483482,1626997763123581.0
2018-04-10,2450.74,1,6.66,0.0027,2439.94,2454.36,2419.55,356390247,7520110243184,1631061461581974.0
2018-04-11,2444.22,2,-6.52,-0.0027,2456.53,2458.99,2441.2,355187841,7468123411686,1626689363107901.0
2018-04-12,2442.71,2,-1.51,-0.0006,2450.95,2454.95,2441.58,441568798,8152884929722,1626103066814739.0
2018-04-13,2455.07,1,12.36,0.0051,2449.42,2457.85,2442.35,395886275,6923900430202,1636609095887849.0
2018-04-16,2457.49,1,2.42,0.001,2466.04,2466.16,2449.97,347173891,6220737037163,1638625626150778.0
2018-04-17,2453.77,2,-3.72,-0.0015,2459.39,2465.63,2449.08,394700566,6360648307538,1636624620529463.0
2018-04-18,2479.98,1,26.21,0.0107,2467.55,2486.73,2467.55,647285560,8204323390107,1655299463820137.0
2018-04-19,2486.1,1,6.12,0.0025,2483.26,2490.57,2476.51,727030551,10118365584098,1660195914143812.0
2018-04-20,2476.33,2,-9.77,-0.0039,2478.59,2485.15,2472.37,531718615,7841558042438,1653175538872689.0
2018-04-23,2474.11,2,-2.22,-0.0009,2473.7,2478.57,2466.57,701423406,9372647655556,1651720966246060.0
2018-04-24,2464.14,2,-9.97,-0.004,2478.47,2479.32,2454.44,524280424,8300865934566,1644743510628773.0
2018-04-25,2448.81,2,-15.33,-0.0062,2444.19,2453.54,2436.51,466095694,7527931028887,1634741766182717.0
2018-04-26,2475.64,1,26.83,0.011,2460.62,2484.09,2456.2,520917204,7921705274576,1653073966859293.0
2018-04-27,2492.4,1,16.76,0.0068,2497.75,2508.13,2484.19,464957970,8299222866503,1664373650696992.0
2018-04-30,2515.38,1,22.98,0.0092,2502.29,2515.38,2500.22,746291866,9460289371735,1680104341308118.0
2018-05-02,2505.61,2,-9.77,-0.0039,2515.75,2516.57,2501.71,807588696,11712287148051,1673457322099731.0
2018-05-03,2487.25,2,-18.36,-0.0073,2506.94,2507.91,2487.25,614102408,7866074431575,1661556510448960.0
2018-05-04,2461.38,2,-25.87,-0.0104,2486.47,2487.77,2461.38,612024164,10816535475626,1645196661327540.0
2018-05-08,2449.81,2,-11.57,-0.0046999999999999,2468.45,2479.75,2444.08,714734325,9630702860810,1638340178049862.0
2018-05-09,2443.98,2,-5.83,-0.0024,2450.71,2451.86,2428.79,593365934,9069419048307,1633304235911807.0
2018-05-10,2464.16,1,20.18,0.0083,2458.67,2464.72,2448.01,490004983,8870446383563,1646413172538834.0
2018-05-11,2477.71,1,13.55,0.0055,2469.3,2483.85,2468.41,599900764,7588728929001,1655512770777994.0
2018-05-14,2476.11,2,-1.6,-0.0006,2482.97,2486.17,2471.91,650707583,9563127368510,1654107231070333.0
2018-05-15,2458.54,2,-17.57,-0.0070999999999999,2476.87,2480.22,2456.2,712619903,9446302233976,1641597148622869.0
2018-05-16,2459.82,1,1.28,0.0005,2446.64,2465.55,2444.67,691813391,9817111137756,1642766226475866.0
2018-05-17,2448.45,2,-11.37,-0.0046,2468.72,2472.82,2448.43,596771754,8190532097732,1634548231145054.0
2018-05-18,2460.65,1,12.2,0.005,2459.73,2461.95,2452.34,431376689,6463038548404,1643541494279841.0
2018-05-21,2465.57,1,4.92,0.002,2464.07,2472.3,2447.69,588088192,6298421053170,1646798798616211.0
2018-05-23,2471.91,1,6.34,0.0026,2462.98,2476.86,2460.07,752675599,9262008770745,1651604786247934.0
2018-05-24,2466.01,2,-5.9,-0.0024,2477.48,2481.31,2457.84,638125950,6766220453952,1647251127098773.0
2018-05-25,2460.8,2,-5.21,-0.0021,2452.8,2466.57,2444.77,653592136,9078584311826,1645067821831900.0
2018-05-28,2478.96,1,18.16,0.0074,2465.0,2482.4,2463.14,708362383,9841222237932,1656584844176667.0
2018-05-29,2457.25,2,-21.71,-0.0088,2476.7,2479.68,2457.18,571836895,8532893830676,1641963442318272.0
2018-05-30,2409.03,2,-48.22,-0.0196,2446.81,2449.88,2399.58,575922403,8999465924926,1609052659039962.0
2018-05-31,2423.01,1,13.98,0.0058,2428.83,2430.15,2415.5,816930187,13252142027981,1619387832448622.0
2018-06-01,2438.96,1,15.95,0.0066,2419.63,2445.31,2418.11,603023355,8767489007152,1630337822509993.0
2018-06-04,2447.76,1,8.8,0.0036,2444.62,2452.67,2441.25,438929359,7770704632833,1636442670028652.0
2018-06-05,2453.76,1,6.0,0.0025,2450.39,2455.78,2432.81,501363826,7344810795781,1640471133370132.0
2018-06-07,2470.58,1,16.82,0.0069,2468.26,2478.67,2466.01,474146882,8060721107129,1650987317033513.0
2018-06-08,2451.58,2,-19.0,-0.0077,2467.88,2468.27,2449.11,530159889,7672721697043,1638226630715350.0
2018-06-11,2470.15,1,18.57,0.0076,2454.25,2470.99,2448.0,427946746,7025547266507,1649425579196393.0
2018-06-12,2468.83,2,-1.32,-0.0005,2474.78,2479.56,2462.84,613166240,9615203781779,1648939547812385.0
2018-06-14,2423.48,2,-45.35,-0.0184,2450.86,2451.95,2422.37,533448320,9754343520888,1619121449513249.0
2018-06-15,2404.04,2,-19.44,-0.008,2432.18,2433.51,2403.97,502361838,9089895205666,1605379381109644.0
2018-06-18,2376.24,2,-27.8,-0.0116,2404.68,2405.56,2365.31,564818841,8593501001267,1586801749119891.0
2018-06-19,2340.11,2,-36.13,-0.0152,2373.12,2379.49,2336.54,606304628,7994621350176,1562923311433431.0
2018-06-20,2363.91,1,23.8,0.0102,2350.24,2374.52,2345.22,456004074,6986902497157,1578520493724815.0
2018-06-21,2337.83,2,-26.08,-0.011,2364.16,2370.58,2337.83,438264363,6784646709490,1561394173099944.0
2018-06-22,2357.22,1,19.39,0.0083,2323.08,2357.4,2320.76,537263746,6604291499715,1574319860953845.0
2018-06-25,2357.88,1,0.66,0.0003,2351.89,2361.39,2337.22,415079870,5683866549181,1574954887819521.0
2018-06-26,2350.92,2,-6.96,-0.003,2334.75,2358.01,2326.61,470914793,6536279135044,1570771913189247.0
2018-06-27,2342.03,2,-8.89,-0.0038,2349.38,2358.71,2342.02,526625486,7007325574263,1565467894651365.0
2018-06-28,2314.24,2,-27.79,-0.0118999999999999,2327.37,2335.35,2310.8,414370866,5775389710209,1546538948168522.0
2018-06-29,2326.13,1,11.89,0.0051,2325.68,2329.58,2296.39,396663082,6309713787707,1554717340201656.0
2018-07-02,2271.54,2,-54.59,-0.0235,2322.23,2327.59,2271.53,393265550,5990017994764,1518812068344080.0
2018-07-03,2272.76,1,1.22,0.0005,2285.88,2287.39,2252.36,366027823,6002085994344,1519169824625884.0
2018-07-04,2265.46,2,-7.3,-0.0032,2270.95,2280.81,2261.34,315103306,4880994735621,1514392988362243.0
2018-07-05,2257.55,2,-7.91,-0.0034999999999999,2264.74,2274.74,2243.9,346883778,5166569348330,1509639741725747.0
2018-07-06,2272.87,1,15.32,0.0068,2261.44,2283.75,2247.35,344433123,6358357730172,1519066699871086.0
2018-07-09,2285.8,1,12.93,0.0056999999999999,2276.92,2294.61,2267.25,352638929,5796356280980,1527555839535755.0
2018-07-10,2294.16,1,8.36,0.0037,2299.09,2305.84,2292.13,339918901,5038809435862,1533821000789050.0
2018-07-11,2280.62,2,-13.54,-0.0059,2277.22,2287.08,2262.77,422988851,5700944882684,1524675252177269.0
2018-07-12,2285.06,1,4.44,0.0019,2285.93,2298.56,2277.73,364407858,6157666591795,1527075839846068.0
2018-07-13,2310.9,1,25.84,0.0113,2293.07,2313.8,2293.07,291562667,6500717751063,1543892667554058.0
2018-07-16,2301.99,2,-8.91,-0.0039,2312.26,2317.84,2299.79,297122349,4968950237698,1538124413558617.0
2018-07-17,2297.92,2,-4.07,-0.0018,2302.95,2306.07,2290.24,379033611,4897898599332,1535441962423983.0
2018-07-18,2290.11,2,-7.81,-0.0034,2313.78,2319.39,2287.1,402771770,5032249001766,1531112599552728.0
2018-07-19,2282.29,2,-7.82,-0.0034,2298.91,2300.18,2278.94,464516252,5431161926643,1526048346516196.0
2018-07-20,2289.19,1,6.9,0.003,2281.36,2293.34,2269.55,353236050,4910685111632,1531651201045245.0
2018-07-23,2269.31,2,-19.88,-0.0087,2289.61,2289.61,2264.42,334290969,5549481739595,1517777198303028.0
2018-07-24,2280.2,1,10.89,0.0048,2273.15,2284.43,2263.13,436133079,5831914348041,1525094802386671.0
2018-07-25,2273.03,2,-7.17,-0.0031,2284.38,2292.61,2269.67,309319890,6142619801742,1520152854352159.0
2018-07-26,2289.06,1,16.03,0.0070999999999999,2284.51,2297.16,2276.54,303334181,6357106063496,1530914783783147.0
2018-07-27,2294.99,1,5.93,0.0026,2292.33,2295.27,2284.44,262143886,5091586506669,1535382663209649.0
2018-07-30,2293.51,2,-1.48,-0.0006,2290.18,2296.91,2283.29,206497608,4552317501764,1534963942393224.0
2018-07-31,2295.26,1,1.75,0.0008,2292.23,2296.6,2286.02,223927490,4878429087333,1536034531292007.0
2018-08-01,2307.07,1,11.81,0.0051,2301.17,2312.65,2301.13,219034945,4832858786781,1544459954630534.0
2018-08-02,2270.2,2,-36.87,-0.016,2304.14,2306.72,2265.46,352056565,5042803042239,1519901925772783.0
2018-08-03,2287.68,1,17.48,0.0077,2278.33,2288.93,2272.94,270494062,4312568032947,1531545566171179.0
2018-08-06,2286.5,2,-1.18,-0.0005,2288.51,2300.38,2283.26,244548774,4607350821441,1529611886744554.0
2018-08-07,2300.16,1,13.66,0.006,2290.85,2301.27,2279.55,230339675,4748559015112,1538743025266743.0
2018-08-08,2301.45,1,1.29,0.0006,2305.73,2308.6,2298.41,299691489,5518133744814,1540110623764887.0
2018-08-09,2303.71,1,2.26,0.001,2303.04,2303.71,2291.91,244882986,5985859284788,1541180722770705.0
2018-08-10,2282.79,2,-20.92,-0.0091,2295.21,2295.62,2277.89,286161078,6186206254325,1526683423245996.0
2018-08-13,2248.45,2,-34.34,-0.015,2266.43,2271.82,2238.55,335380511,5950055509959,1503939154352444.0
2018-08-14,2258.91,1,10.46,0.0046999999999999,2249.86,2262.52,2247.37,255216014,4872038898111,1510814983062929.0
2018-08-16,2240.8,2,-18.11,-0.008,2233.05,2244.08,2218.09,312519375,6021648650166,1497924103769965.0
2018-08-17,2247.05,1,6.25,0.0028,2244.61,2250.92,2240.14,238377527,4645284152168,1502273893640325.0
2018-08-20,2247.88,1,0.83,0.0004,2257.35,2264.42,2245.06,271600351,4418976884905,1502923724234727.0
2018-08-21,2270.06,1,22.18,0.0098999999999999,2248.04,2272.86,2244.59,294337213,5182953755161,1518199753227447.0
2018-08-22,2273.33,1,3.27,0.0014,2273.68,2280.31,2268.91,269270912,5425019391021,1521284193501082.0
2018-08-23,2282.6,1,9.27,0.0040999999999999,2282.57,2282.88,2268.06,338386224,5238289843965,1527487740875470.0
2018-08-24,2293.21,1,10.61,0.0046,2276.16,2295.22,2271.35,347291597,5136917947450,1534269101931912.0
2018-08-27,2299.3,1,6.09,0.0027,2297.32,2302.87,2289.41,307044931,5766323251561,1538348009819780.0
2018-08-28,2303.12,1,3.82,0.0017,2312.14,2314.6,2299.45,276889044,5503107308117,1540990367787281.0
2018-08-29,2309.03,1,5.91,0.0026,2304.66,2309.88,2300.21,268214663,4807772689423,1545071113164630.0
2018-08-30,2307.35,2,-1.68,-0.0007,2313.11,2320.85,2305.46,286926328,5252383391374,1544327569839559.0
2018-08-31,2322.88,1,15.53,0.0067,2298.13,2322.88,2295.72,255908832,5525835420504,1554873150915856.0
2018-09-03,2307.03,2,-15.85,-0.0068,2317.93,2318.72,2302.17,230513226,4096555310237,1543779721299269.0
2018-09-04,2315.72,1,8.69,0.0038,2308.96,2317.74,2302.17,277014039,4551220959913,1549614964045074.0
2018-09-05,2291.77,2,-23.95,-0.0103,2310.9,2315.43,2288.01,358187171,5390488672546,1533312914002780.0
2018-09-06,2287.61,2,-4.16,-0.0018,2288.8,2298.47,2284.5,387510638,5679574007389,1529906806560863.0
2018-09-07,2281.58,2,-6.03,-0.0026,2278.08,2286.82,2264.9,357560508,6263720900565,1525066818464548.0
2018-09-10,2288.66,1,7.08,0.0031,2277.35,2289.38,2276.6,312612746,5599499357387,1529962355040679.0
2018-09-11,2283.2,2,-5.46,-0.0024,2286.91,2295.76,2275.13,368210972,6188337337979,1525866107953332.0
2018-09-12,2282.92,2,-0.28,-0.0001,2286.28,2289.66,2271.0,336830263,6445490499188,1525237664943277.0
2018-09-13,2286.23,1,3.31,0.0014,2285.28,2291.51,2281.63,301308674,6598920994447,1526997038011347.0
2018-09-14,2318.25,1,32.02,0.0139999999999999,2304.7,2318.65,2304.15,292236044,5839237669833,1549484910540028.0
2018-09-17,2303.01,2,-15.24,-0.0066,2314.55,2314.55,2295.26,343167026,5079753892653,1538974309539551.0
2018-09-18,2308.98,1,5.97,0.0026,2287.73,2310.97,2287.42,309235497,5794170442618,1544113849239324.0
2018-09-19,2308.46,2,-0.52,-0.0002,2319.22,2319.22,2301.79,350949190,6382677284847,1544270948811315.0
2018-09-20,2323.45,1,14.99,0.0065,2314.41,2334.04,2311.56,289085599,6468799318884,1554805558664798.0
2018-09-21,2339.17,1,15.72,0.0068,2332.04,2339.17,2325.12,321703947,8286570453356,1565411083749636.0
2018-09-27,2355.43,1,16.26,0.0069999999999999,2331.7,2355.43,2331.7,279230447,7299705654606,1576072562770882.0
2018-09-28,2343.07,2,-12.36,-0.0052,2356.13,2356.62,2337.47,317870220,7215237062038,1567600410138137.0
2018-10-01,2338.88,2,-4.19,-0.0018,2349.64,2352.11,2333.32,278310244,5541730106068,1565088147353786.0
2018-10-02,2309.57,2,-29.31,-0.0125,2338.28,2341.55,2308.9,287868231,6394764332660,1545687250472083.0
2018-10-04,2274.49,2,-35.08,-0.0152,2311.06,2311.06,2270.22,309502297,7606334609281,1522077631611312.0
2018-10-05,2267.52,2,-6.97,-0.0031,2269.94,2278.12,2250.99,282139132,6398398547215,1516687626221016.0
2018-10-08,2253.83,2,-13.69,-0.006,2258.73,2273.71,2253.83,214644406,4478791949552,1507728175260388.0
2018-10-10,2228.61,2,-25.22,-0.0112,2256.03,2257.52,2222.95,365683910,8836407999393,1491298711172330.0
2018-10-11,2129.67,2,-98.94,-0.0444,2176.16,2186.69,2129.67,411919150,8335698664127,1425862543562146.0
2018-10-12,2161.85,1,32.18,0.0151,2131.66,2173.01,2129.13,292573680,6085083782185,1447954874236682.0
2018-10-15,2145.12,2,-16.73,-0.0077,2155.34,2159.23,2141.28,259176039,4708940231111,1436393187257125.0
2018-10-16,2145.12,3,0.0,0.0,2156.0,2161.76,2140.19,222512420,3936707732065,1436739589906666.0
2018-10-17,2167.51,1,22.39,0.0104,2169.44,2182.77,2159.37,275159713,5284969143372,1451605025541725.0
2018-10-18,2148.31,2,-19.2,-0.0089,2158.8,2168.01,2146.61,321762515,4229126676336,1438938480767734.0
2018-10-19,2156.26,1,7.95,0.0037,2130.06,2158.78,2117.62,351771056,4875051374475,1444034122500876.0
2018-10-22,2161.71,1,5.45,0.0025,2143.08,2163.21,2136.92,308740360,3910411312536,1447338908438749.0
2018-10-23,2106.1,2,-55.61,-0.0256999999999999,2147.3,2148.8,2094.69,373468365,6995701616997,1410671809809999.0
2018-10-24,2097.58,2,-8.52,-0.004,2119.19,2121.36,2092.1,399734277,6490106611511,1404498958966607.0
2018-10-25,2063.3,2,-34.28,-0.0163,2046.67,2066.06,2033.81,376014931,7607756030640,1381218885031170.0
2018-10-26,2027.15,2,-36.15,-0.0175,2066.57,2066.57,2008.86,449197781,6688109371676,1357749078363398.0
2018-10-29,1996.05,2,-31.1,-0.0153,2026.68,2045.76,1993.77,427304809,6359734182920,1337548193254955.0
2018-10-30,2014.69,1,18.64,0.0093,1985.95,2028.84,1985.95,441585024,7022060477564,1350728242365493.0
2018-10-31,2029.69,1,15.0,0.0074,2022.84,2030.5,2006.63,373027917,6347335573367,1361478009940289.0
2018-11-01,2024.46,2,-5.23,-0.0026,2035.11,2054.22,2023.43,343813982,5965853225311,1357721489101201.0
2018-11-02,2096.0,1,71.54,0.0353,2046.61,2096.63,2044.94,371978982,6798069287128,1405334524247641.0
2018-11-05,2076.92,2,-19.08,-0.0091,2079.81,2080.49,2052.67,361302495,4917286105689,1392607295640860.0
2018-11-06,2089.62,1,12.7,0.0060999999999999,2085.81,2092.61,2068.59,315816036,5143563252043,1400793160025069.0
2018-11-07,2078.69,2,-10.93,-0.0052,2090.32,2107.63,2072.48,485225008,6452003891470,1394112654139746.0
2018-11-08,2092.63,1,13.94,0.0067,2109.97,2120.88,2092.36,328034643,5987514683033,1403264488522132.0
2018-11-09,2086.09,2,-6.54,-0.0031,2093.89,2101.92,2082.47,298072439,5260639742532,1399495753141431.0
2018-11-12,2080.44,2,-5.65,-0.0027,2065.92,2087.24,2065.52,295528834,5542962416785,1396015015368220.0
2018-11-13,2071.23,2,-9.21,-0.0044,2047.62,2072.03,2032.05,383421096,5865351205238,1389821571154802.0
2018-11-14,2068.05,2,-3.18,-0.0015,2071.41,2075.12,2060.86,339046421,5561968951963,1387531772647114.0
2018-11-15,2088.06,1,20.01,0.0097,2061.47,2088.61,2058.73,351042679,4828619809984,1400644704481109.0
2018-11-16,2092.4,1,4.34,0.0021,2097.94,2103.11,2086.54,301604800,4837651605403,1403214070108003.0
2018-11-19,2100.56,1,8.16,0.0039,2096.13,2111.39,2089.37,273198192,4703756708323,1407580890523356.0
2018-11-20,2082.58,2,-17.98,-0.0086,2074.67,2089.54,2074.67,281685483,5043725349437,1394320913235383.0
2018-11-21,2076.55,2,-6.03,-0.0029,2057.07,2077.49,2049.76,267903665,5151648692417,1389907927315249.0
2018-11-22,2069.95,2,-6.6,-0.0032,2079.01,2081.75,2066.2,242498695,4152745756544,1385804543649564.0
2018-11-23,2057.48,2,-12.47,-0.006,2073.26,2075.91,2047.96,227202249,3774227154814,1377477156503286.0
2018-11-26,2083.02,1,25.54,0.0124,2060.17,2083.96,2060.17,237710998,4482314159182,1394139023522661.0
2018-11-27,2099.42,1,16.4,0.0079,2091.75,2102.29,2079.49,239211333,4554649438449,1405263073694450.0
2018-11-28,2108.22,1,8.8,0.0042,2104.13,2108.65,2094.32,300075899,4793983447025,1410935094058994.0
2018-11-29,2114.1,1,5.88,0.0028,2133.95,2136.74,2108.9,307230147,5304158577124,1414953063757803.0
2018-11-30,2096.86,2,-17.24,-0.0081999999999999,2116.83,2122.33,2093.83,427354687,7316750950445,1403482457591888.0
2018-12-03,2131.93,1,35.07,0.0167,2127.78,2136.64,2113.6,436588354,5571246218013,1427528842890565.0
2018-12-04,2114.35,2,-17.58,-0.0081999999999999,2125.67,2128.94,2105.45,507517915,5539552759800,1414637237271263.0
2018-12-05,2101.31,2,-13.04,-0.0062,2086.57,2107.69,2086.57,492716302,4802792506076,1405505401513177.0
2018-12-06,2068.69,2,-32.62,-0.0155,2094.62,2094.62,2064.0,537409666,5606457270821,1383505179302256.0
2018-12-07,2075.76,1,7.07,0.0034,2081.68,2086.84,2065.62,371590518,4318800488614,1389034610099779.0
2018-12-10,2053.79,2,-21.97,-0.0106,2048.45,2061.78,2043.21,344164081,4697529196041,1373936929456377.0
2018-12-11,2052.97,2,-0.82,-0.0004,2058.16,2060.94,2047.17,273932724,5020321840385,1373342570134826.0
2018-12-12,2082.57,1,29.6,0.0144,2062.77,2084.77,2061.13,457126806,5613049104300,1371559153619690.0
2018-12-13,2095.55,1,12.98,0.0062,2087.43,2104.43,2084.37,379818934,7941965801885,1379759767753823.0
2018-12-14,2069.38,2,-26.17,-0.0125,2095.64,2095.64,2061.4,448237566,5784241998914,1362231208465947.0
2018-12-17,2071.09,1,1.71,0.0008,2071.21,2075.93,2065.51,444522436,4764477303856,1363331838169250.0
2018-12-18,2062.11,2,-8.98,-0.0043,2057.39,2074.31,2054.26,429530034,5241610268028,1358110562555382.0
2018-12-19,2078.84,1,16.73,0.0081,2068.95,2080.65,2063.01,418796781,5124894547204,1368928570752260.0
2018-12-20,2060.12,2,-18.72,-0.009,2063.7,2071.08,2047.52,421064811,5483090122031,1356169265732605.0
2018-12-21,2061.49,1,1.37,0.0007,2052.7,2061.51,2049.76,311388830,5492537998707,1357352795408644.0
2018-12-24,2055.01,2,-6.48,-0.0031,2050.38,2059.94,2046.18,285275041,3843849185884,1352900455817700.0
2018-12-26,2028.01,2,-27.0,-0.0131,2028.81,2037.83,2014.28,321499356,5424078195801,1336757289211058.0
2018-12-27,2028.44,1,0.43,0.0002,2032.09,2035.57,2021.39,398021312,5351003742272,1335555861715532.0
2018-12-28,2041.04,1,12.6,0.0062,2036.7,2046.97,2035.41,352677713,4120695824217,1343971857985694.0
2019-01-02,2010.0,2,-31.04,-0.0152,2050.55,2053.45,2004.27,326367773,4295871822881,1323645396533233.0
2019-01-03,1993.7,2,-16.3,-0.0081,2011.81,2014.72,1991.65,427976017,5358519356361,1312758913016841.0
2019-01-04,2010.25,1,16.55,0.0083,1992.4,2011.56,1984.53,408990897,5490147620731,1323719372668579.0
2019-01-07,2037.1,1,26.85,0.0134,2034.24,2048.06,2030.9,440191435,5301385184683,1342381870636242.0
2019-01-08,2025.27,2,-11.83,-0.0058,2038.68,2042.7,2023.59,397831202,4826641977635,1333996220969886.0
2019-01-09,2064.71,1,39.44,0.0195,2034.19,2068.23,2034.19,386247767,5532688944833,1360852002032056.0
2019-01-10,2063.28,2,-1.43,-0.0007,2065.73,2072.81,2057.16,382877104,5434257496719,1359857820274138.0
2019-01-11,2075.57,1,12.29,0.006,2070.36,2076.99,2063.99,380061043,4592460536252,1368311381419713.0
2019-01-14,2064.52,2,-11.05,-0.0053,2070.49,2073.94,2059.46,432890569,4941021266486,1360565230505129.0
2019-01-15,2097.18,1,32.66,0.0158,2069.14,2098.01,2067.58,439488652,5236963734010,1382450777672374.0
2019-01-16,2106.1,1,8.92,0.0043,2098.65,2106.35,2091.92,500078131,5352467226713,1388695520077813.0
2019-01-17,2107.06,1,0.96,0.0005,2110.14,2117.43,2101.7,475884760,5857766808901,1389975886942780.0
2019-01-18,2124.28,1,17.22,0.0081999999999999,2116.43,2124.5,2113.44,456737721,5356125356124,1401233933236199.0
2019-01-21,2124.61,1,0.33,0.0002,2133.87,2134.17,2114.45,398034986,5320635085503,1401780023623738.0
2019-01-22,2117.77,2,-6.84,-0.0032,2126.03,2129.37,2108.91,419441359,4897406432421,1397318461758313.0
2019-01-23,2127.78,1,10.01,0.0046999999999999,2108.72,2131.05,2106.74,408600062,5170561792658,1403936953766212.0
2019-01-24,2145.03,1,17.25,0.0081,2127.88,2145.08,2125.48,413652271,6035836296861,1415738357524606.0
2019-01-25,2177.73,1,32.7,0.0152,2147.92,2178.01,2146.64,410001961,7065652406289,1437842917491483.0
2019-01-28,2177.3,2,-0.43,-0.0002,2184.41,2188.15,2169.17,371618518,6060559291829,1437491622562736.0
2019-01-29,2183.36,1,6.06,0.0028,2172.83,2183.36,2162.53,552586618,6504582924510,1441345148964529.0
2019-01-30,2206.2,1,22.84,0.0105,2183.49,2206.2,2177.88,480390487,6875692507420,1456059990001788.0
2019-01-31,2204.85,2,-1.35,-0.0006,2222.88,2222.88,2201.22,545247910,7762306856437,1455505296056499.0
2019-02-01,2203.46,2,-1.39,-0.0006,2211.93,2218.78,2201.41,479378556,6873999624152,1454699810793706.0
2019-02-07,2203.42,2,-0.04,0.0,2215.77,2215.79,2196.77,427842793,6339360759652,1454323219046604.0
2019-02-08,2177.05,2,-26.37,-0.012,2192.01,2192.48,2171.96,391029097,5728529606483,1436388008944814.0
2019-02-11,2180.73,1,3.68,0.0017,2180.54,2181.58,2167.36,406059815,5327610302057,1438816002281247.0
2019-02-12,2190.47,1,9.74,0.0045,2182.71,2195.05,2178.59,429940461,5929463237358,1446167642881578.0
2019-02-13,2201.48,1,11.01,0.005,2200.0,2203.71,2194.75,421989698,5585494555665,1453501270517371.0
2019-02-14,2225.85,1,24.37,0.0111,2195.92,2225.85,2186.09,573362007,6426022765504,1469357630739561.0
2019-02-15,2196.09,2,-29.76,-0.0134,2210.94,2210.94,2187.71,400591521,5097630832616,1449296807078938.0
2019-02-18,2210.89,1,14.8,0.0067,2207.36,2217.32,2203.0,314370950,4668186939202,1458936951056956.0
2019-02-19,2205.63,2,-5.26,-0.0024,2208.96,2213.87,2193.34,389093896,4534559338232,1455230606553823.0
2019-02-20,2229.76,1,24.13,0.0109,2216.74,2234.68,2213.83,374342331,5948416944791,1471936799830701.0
2019-02-21,2228.66,2,-1.1,-0.0005,2224.26,2234.31,2213.19,382510920,5480909639767,1471404502700458.0
2019-02-22,2230.5,1,1.84,0.0008,2222.32,2230.5,2217.08,409310838,4645184004326,1472581253373874.0
2019-02-25,2232.56,1,2.06,0.0009,2241.13,2241.76,2224.64,339233786,4689860737887,1473911027224693.0
2019-02-26,2226.6,2,-5.96,-0.0027,2230.37,2235.7,2221.76,331962323,5024237669533,1469933629795979.0
2019-02-27,2234.79,1,8.19,0.0037,2234.46,2237.77,2228.16,301513165,4914612941695,1475176574151260.0
2019-02-28,2195.44,2,-39.35,-0.0176,2231.58,2233.93,2195.44,510022158,8307295774617,1448767023638722.0
2019-03-04,2190.66,2,-4.78,-0.0022,2210.97,2216.02,2188.56,373166073,6405237020767,1445642000022302.0
2019-03-05,2179.23,2,-11.43,-0.0052,2183.35,2185.74,2171.33,313145801,4980940796207,1437785625516105.0
2019-03-06,2175.6,2,-3.63,-0.0017,2177.11,2179.01,2168.46,328943179,4828088089894,1435423976972670.0
2019-03-07,2165.79,2,-9.81,-0.0045,2173.19,2181.19,2155.19,292578442,4858918520562,1429496101537032.0
2019-03-08,2137.44,2,-28.35,-0.0131,2152.8,2159.67,2137.44,313314909,4497331235658,1410568349920833.0
2019-03-11,2138.1,1,0.66,0.0003,2140.29,2145.31,2125.54,272103487,4077476409974,1410561695000350.0
2019-03-12,2157.18,1,19.08,0.0089,2154.61,2161.69,2150.96,355282965,4222805054027,1424679600994820.0
2019-03-13,2148.41,2,-8.77,-0.0040999999999999,2152.66,2154.11,2134.16,285600820,4088450721573,1419083069943012.0
2019-03-14,2155.68,1,7.27,0.0034,2154.35,2158.34,2142.31,341009699,5882524412188,1423787458371483.0
2019-03-15,2176.11,1,20.43,0.0095,2152.96,2181.77,2152.59,387135808,6821323565354,1437037920963024.0
2019-03-18,2179.49,1,3.38,0.0016,2179.69,2183.9,2172.34,257951275,4093226224639,1439426927693641.0
2019-03-19,2177.62,2,-1.87,-0.0009,2183.03,2183.76,2171.05,319702553,3867859299559,1438506503408298.0
2019-03-20,2177.1,2,-0.52,-0.0002,2171.41,2177.19,2152.21,317606686,4175741034585,1438253702940605.0
2019-03-21,2184.88,1,7.78,0.0036,2183.11,2200.32,2173.7,342747152,6229925336110,1445055041479256.0
2019-03-22,2186.95,1,2.07,0.0009,2192.72,2195.42,2178.77,333617567,6881722527179,1446842699649707.0
2019-03-25,2144.86,2,-42.09,-0.0192,2158.8,2159.25,2143.7,307071247,4136472112423,1418438626634458.0
2019-03-26,2148.8,1,3.94,0.0018,2152.98,2153.9,2143.63,301253574,4248900137963,1421123429431263.0
2019-03-27,2145.62,2,-3.18,-0.0015,2147.19,2152.91,2132.42,363169415,4490155588700,1419130931621688.0
2019-03-28,2128.1,2,-17.52,-0.0081999999999999,2131.25,2136.4,2120.93,288036217,4403905967205,1409454255770860.0
2019-03-29,2140.67,1,12.57,0.0059,2138.45,2143.3,2124.07,364618638,5248941127868,1417246090700786.0
2019-04-01,2168.28,1,27.61,0.0129,2153.31,2171.49,2153.31,263312768,4365111400005,1435481137484246.0
2019-04-02,2177.18,1,8.9,0.0040999999999999,2177.2,2181.37,2171.84,257453028,4247457375716,1441635794811690.0
2019-04-03,2203.27,1,26.09,0.012,2176.81,2203.29,2172.83,358644921,5466968835112,1458945250841842.0
2019-04-04,2206.53,1,3.26,0.0015,2201.04,2216.15,2198.66,431013240,4857554113287,1461266733697704.0
2019-04-05,2209.61,1,3.08,0.0014,2206.36,2214.82,2205.26,517153053,4215786976690,1463238721453826.0
2019-04-08,2210.6,1,0.99,0.0004,2217.66,2217.87,2202.49,347910204,4660047203880,1464185952042604.0
2019-04-09,2213.56,1,2.96,0.0013,2212.32,2221.62,2203.54,414809277,4904129876338,1466472414510091.0
2019-04-10,2224.39,1,10.83,0.0049,2206.2,2225.02,2203.82,399694690,5135093645085,1473098586564393.0
2019-04-11,2224.44,1,0.05,0.0,2227.69,2230.41,2217.18,402016393,6022086522472,1473103445557845.0
2019-04-12,2233.45,1,9.01,0.0040999999999999,2221.1,2233.45,2212.88,449634273,6098417861762,1479300934871201.0
2019-04-15,2242.88,1,9.43,0.0042,2242.31,2251.22,2240.29,404160070,6668128939191,1485758717089295.0
2019-04-16,2248.63,1,5.75,0.0026,2241.06,2249.89,2235.72,569056241,7083490839974,1489660939148968.0
2019-04-17,2245.89,2,-2.74,-0.0012,2249.05,2252.05,2242.01,452474829,5586183776794,1488430885486793.0
2019-04-18,2213.77,2,-32.12,-0.0143,2248.8,2250.11,2210.43,573343371,6501103720627,1467185238379835.0
2019-04-19,2216.15,1,2.38,0.0011,2223.42,2225.37,2215.58,525263603,4965672211178,1468420930045869.0
2019-04-22,2216.65,1,0.5,0.0002,2218.5,2227.94,2207.25,493984426,4639971396933,1468803476988435.0
2019-04-23,2220.51,1,3.86,0.0017,2217.61,2223.92,2212.14,481177693,4922937803418,1471093767629332.0
2019-04-24,2201.03,2,-19.48,-0.0088,2229.75,2229.75,2190.29,575099947,6342430060053,1459265698733680.0
2019-04-25,2190.5,2,-10.53,-0.0048,2195.47,2200.89,2187.44,441137220,5610697148270,1452279955041841.0
2019-04-26,2179.31,2,-11.19,-0.0051,2178.13,2186.52,2168.15,570172114,5346145628898,1445304534300290.0
2019-04-29,2216.43,1,37.12,0.017,2183.41,2216.43,2181.82,380823202,4985905996916,1469579228609255.0
2019-04-30,2203.59,2,-12.84,-0.0058,2213.43,2215.77,2186.33,381413638,5697107343143,1461526970030485.0
2019-05-02,2212.75,1,9.16,0.0042,2192.94,2217.03,2191.3,369059331,5026634171010,1467462906862524.0
2019-05-03,2196.32,2,-16.43,-0.0074,2209.44,2211.36,2192.36,617877728,5297907288528,1456663139182857.0
2019-05-07,2176.99,2,-19.33,-0.0088,2172.39,2179.51,2160.44,484097411,5467056820124,1443681620648764.0
2019-05-08,2168.01,2,-8.98,-0.0040999999999999,2151.34,2179.34,2151.34,456333730,5170590567606,1437428069486080.0
2019-05-09,2102.01,2,-66.0,-0.0304,2159.79,2164.98,2102.01,743506582,8236437835734,1393596819333551.0
2019-05-10,2108.04,1,6.03,0.0029,2118.42,2124.92,2090.39,714766047,6407849437506,1397898972342239.0
2019-05-13,2079.01,2,-29.03,-0.0138,2091.8,2101.09,2077.72,505750965,4601110960483,1378695078971849.0
2019-05-14,2081.84,1,2.83,0.0014,2060.24,2093.41,2056.74,696195115,5865911939540,1379906842807898.0
2019-05-15,2092.78,1,10.94,0.0053,2081.92,2100.01,2076.46,577794538,5052873495733,1386708606204295.0
2019-05-16,2067.69,2,-25.09,-0.012,2094.88,2095.58,2062.44,745164325,6042439759139,1369732050106538.0
2019-05-17,2055.8,2,-11.89,-0.0058,2081.57,2082.83,2053.79,537380478,5378895113211,1361632447436614.0
2019-05-20,2055.71,2,-0.09,0.0,2066.53,2077.1,2051.69,640195314,4889671212570,1361781952181663.0
2019-05-21,2061.25,1,5.54,0.0027,2056.95,2076.47,2053.69,526858525,5272368951235,1366112085429248.0
2019-05-22,2064.86,1,3.61,0.0018,2068.65,2070.8,2048.01,509974355,4637965353551,1368593282436184.0
2019-05-23,2059.59,2,-5.27,-0.0026,2063.25,2065.86,2046.82,509268840,4819255464431,1365939860322670.0
2019-05-24,2045.31,2,-14.28,-0.0069,2047.3,2057.38,2035.98,480647785,4581385647751,1356099663065172.0
2019-05-27,2044.21,2,-1.1,-0.0005,2044.25,2055.13,2035.87,351616397,3506626756142,1355615535137494.0
2019-05-28,2048.83,1,4.62,0.0023,2044.77,2058.42,2038.52,494478506,8080272646290,1358437863665667.0
2019-05-29,2023.32,2,-25.51,-0.0125,2046.71,2046.71,2016.25,380893908,4686652421993,1345376066236881.0
2019-05-30,2038.8,1,15.48,0.0077,2024.33,2040.66,2023.91,461850038,4978843426528,1356387791900666.0
2019-05-31,2041.74,1,2.94,0.0014,2029.03,2048.9,2022.97,439181700,5039081178642,1358693515769970.0
2019-06-03,2067.85,1,26.11,0.0128,2031.03,2070.58,2029.17,387145916,4640456999164,1376865465427038.0
2019-06-04,2066.97,2,-0.88,-0.0004,2066.78,2072.19,2060.98,435991771,4841760568903,1376101514669566.0
2019-06-05,2069.11,1,2.14,0.001,2084.16,2086.49,2065.71,380156934,4506227704256,1377885042288038.0
2019-06-07,2072.33,1,3.22,0.0016,2070.78,2081.16,2057.97,368392099,4347351437913,1380064127113859.0
2019-06-10,2099.49,1,27.16,0.0131,2087.37,2099.65,2075.51,457640868,4214043636528,1398084995736478.0
2019-06-11,2111.81,1,12.32,0.0059,2096.09,2114.57,2094.6,550740467,4276695054674,1406104185676976.0
2019-06-12,2108.75,2,-3.06,-0.0014,2111.66,2118.89,2104.41,693507706,4661009625755,1404084076348163.0
2019-06-13,2103.15,2,-5.6,-0.0027,2104.46,2108.01,2081.92,553393426,5998223016935,1400059107793614.0
2019-06-14,2095.41,2,-7.74,-0.0037,2096.32,2103.02,2087.47,473370326,4716415804710,1395025949435908.0
2019-06-17,2090.73,2,-4.68,-0.0022,2091.71,2103.59,2087.25,561550094,4255706319709,1391569061376270.0
2019-06-18,2098.71,1,7.98,0.0038,2089.31,2103.02,2089.31,600964477,4579592121214,1397358727371354.0
2019-06-19,2124.78,1,26.07,0.0124,2119.54,2126.74,2117.64,862980408,4984533534690,1414680218091750.0
2019-06-20,2131.29,1,6.51,0.0031,2121.78,2131.77,2120.42,1007158995,3994784100460,1419450952962012.0
2019-06-21,2125.62,2,-5.67,-0.0027,2132.38,2132.68,2120.15,692027953,5226303238863,1415602954777338.0
2019-06-24,2126.33,1,0.71,0.0003,2130.32,2134.48,2123.88,669639947,4054920629380,1416221253476645.0
2019-06-25,2121.64,2,-4.69,-0.0022,2125.74,2136.24,2115.11,642999230,4249731983881,1413099198036989.0
2019-06-26,2121.85,1,0.21,0.0001,2120.2,2128.25,2115.72,736851548,4455865231022,1413592489240463.0
2019-06-27,2134.32,1,12.47,0.0059,2120.73,2141.27,2118.22,644900239,5122462360257,1421656474616490.0
2019-06-28,2130.62,2,-3.7,-0.0017,2135.06,2139.24,2123.97,537274612,4282404579120,1419520754393242.0
2019-07-01,2129.74,2,-0.88,-0.0004,2147.24,2147.24,2126.87,412291132,4730192766096,1419133353748724.0
2019-07-02,2122.02,2,-7.72,-0.0036,2122.07,2130.86,2112.52,460830079,4107541802523,1413906577386491.0
2019-07-03,2096.02,2,-26.0,-0.0123,2120.75,2127.71,2093.32,522709122,4615984289060,1396737258553866.0
2019-07-04,2108.73,1,12.71,0.0060999999999999,2102.36,2108.8,2088.97,446932809,4542737856067,1405237689270569.0
2019-07-05,2110.59,1,1.86,0.0009,2111.0,2115.43,2096.23,459391351,4025814142961,1405984668360227.0
2019-07-08,2064.17,2,-46.42,-0.022,2091.91,2092.54,2063.78,515950186,4349730300900,1375390948206713.0
2019-07-09,2052.03,2,-12.14,-0.0059,2070.35,2075.3,2052.03,440122152,4439841139763,1367889452286573.0
2019-07-10,2058.78,1,6.75,0.0033,2061.55,2068.2,2056.48,355677692,3938556515348,1372819300454448.0
2019-07-11,2080.58,1,21.8,0.0106,2070.59,2088.24,2070.21,376675258,5057466110194,1387530387969924.0
2019-07-12,2086.66,1,6.08,0.0029,2083.53,2090.43,2077.35,403935256,3775268693354,1391297124253375.0
2019-07-15,2082.48,2,-4.18,-0.002,2083.39,2088.34,2073.1,463519822,3740179786626,1388670529494367.0
2019-07-16,2091.87,1,9.39,0.0045,2084.46,2096.67,2078.74,682802883,5284192503571,1394462438582037.0
2019-07-17,2072.92,2,-18.95,-0.0091,2079.91,2080.01,2063.49,761626214,4643511817295,1381856023931305.0
2019-07-18,2066.55,2,-6.37,-0.0031,2068.66,2073.2,2061.33,446644261,3939883928809,1377591720176989.0
2019-07-19,2094.36,1,27.81,0.0135,2080.21,2096.73,2076.51,394904496,4198431742061,1396345455409810.0
2019-07-22,2093.34,2,-1.02,-0.0005,2090.35,2099.34,2087.51,332629659,3206206972692,1395686187722320.0
2019-07-23,2101.45,1,8.11,0.0039,2095.76,2106.39,2095.38,648123964,4601029966914,1401179455863691.0
2019-07-24,2082.3,2,-19.15,-0.0091,2097.16,2105.68,2080.66,851392616,4233306335221,1387937020110742.0
2019-07-25,2074.48,2,-7.82,-0.0038,2085.67,2088.81,2061.08,598634494,5207429586665,1383500621064489.0
2019-07-26,2066.26,2,-8.22,-0.004,2063.35,2068.16,2054.64,589074008,5138752090160,1378062580766348.0
2019-07-29,2029.48,2,-36.78,-0.0178,2059.13,2063.13,2025.01,608670823,4681216489006,1353730489286975.0
2019-07-30,2038.68,1,9.2,0.0045,2035.32,2044.59,2032.61,547029568,3877489154438,1359687443391970.0
2019-07-31,2024.55,2,-14.13,-0.0069,2036.46,2041.16,2010.95,589386215,5532912844793,1349751511726427.0
2019-08-01,2017.34,2,-7.21,-0.0036,2015.09,2032.23,2009.33,461743301,4443149841476,1344605608058001.0
2019-08-02,1998.13,2,-19.21,-0.0095,1995.31,2005.31,1987.12,438538034,5338221152118,1331726020788260.0
2019-08-05,1946.98,2,-51.15,-0.0256,1985.93,1987.64,1945.39,639603860,6599770833210,1298224308531082.0
2019-08-06,1917.5,2,-29.48,-0.0151,1900.36,1948.53,1891.81,739588000,7179083067752,1278708145720892.0
2019-08-07,1909.71,2,-7.79,-0.0040999999999999,1925.33,1929.29,1901.61,760777428,5373398012266,1273695153746569.0
2019-08-08,1920.61,1,10.9,0.0056999999999999,1926.28,1937.95,1915.81,777165791,6769546464363,1280853901512378.0
2019-08-09,1937.75,1,17.14,0.0089,1940.06,1946.94,1936.14,654344213,5051265070927,1292314441538221.0
2019-08-12,1942.29,1,4.54,0.0023,1941.53,1949.19,1933.25,427140753,3997754683679,1295503767211319.0
2019-08-13,1925.83,2,-16.46,-0.0085,1928.76,1937.68,1923.58,660040626,4340208917859,1284457198078696.0
2019-08-14,1938.37,1,12.54,0.0065,1946.18,1952.22,1937.23,699585019,5076486427994,1293001856990476.0
2019-08-16,1927.17,2,-11.2,-0.0058,1921.49,1927.7,1911.72,421682099,4274269397700,1286042560145130.0
2019-08-19,1939.9,1,12.73,0.0066,1936.64,1943.09,1931.44,481022288,3771542443910,1294140224486057.0
2019-08-20,1960.25,1,20.35,0.0105,1942.99,1964.16,1937.53,463604646,4130252993012,1308076037423150.0
2019-08-21,1964.65,1,4.4,0.0022,1954.57,1971.12,1954.47,391567810,3821800903409,1310906717019207.0
2019-08-22,1951.01,2,-13.64,-0.0069,1966.6,1967.96,1951.01,435564555,4095130339760,1301909073653730.0
2019-08-23,1948.3,2,-2.71,-0.0014,1942.42,1953.85,1940.6,381086832,3498464866062,1299891726431822.0
2019-08-26,1916.31,2,-31.99,-0.0163999999999999,1915.34,1924.49,1909.92,324853162,3751275939269,1278910758650452.0
2019-08-27,1924.6,1,8.29,0.0043,1928.98,1937.42,1919.28,427042158,5037419815890,1284739456203263.0
2019-08-28,1941.09,1,16.49,0.0086,1929.96,1943.62,1926.43,284344281,3288745364966,1295572074441471.0
2019-08-29,1933.41,2,-7.68,-0.004,1943.55,1947.15,1928.49,285103063,3709595768204,1290373159181341.0
2019-08-30,1967.79,1,34.38,0.0178,1951.66,1971.21,1951.3,317733276,4371488503868,1313598665258278.0
2019-09-02,1969.19,1,1.4,0.0007,1961.19,1973.25,1958.59,262154290,2924232192062,1314134426075348.0
2019-09-03,1965.69,2,-3.5,-0.0018,1966.5,1976.37,1960.15,342077082,3916057996542,1311680052177079.0
2019-09-04,1988.53,1,22.84,0.0116,1962.43,1988.53,1962.08,348722016,4133684498548,1326785677999283.0
2019-09-05,2004.75,1,16.22,0.0081999999999999,1993.62,2015.39,1992.51,488067460,5556532181275,1338476907583737.0
2019-09-06,2009.13,1,4.38,0.0022,2016.11,2017.2,2005.69,384440919,3667155354748,1341565099600064.0
2019-09-09,2019.55,1,10.42,0.0052,2013.38,2029.8,2013.28,511821080,4401821569599,1348800307788299.0
2019-09-10,2032.08,1,12.53,0.0062,2024.79,2034.28,2021.58,504390675,4458784974942,1356956832532173.0
2019-09-11,2049.2,1,17.12,0.0084,2043.72,2050.8,2040.04,429075391,5997521226847,1368161366688447.0
2019-09-16,2062.22,1,13.02,0.0064,2056.26,2062.22,2044.8,493516015,5676634123849,1376560744085651.0
2019-09-17,2062.33,1,0.11,0.0001,2058.72,2066.33,2055.17,507995193,4572240815084,1376689373343846.0
2019-09-18,2070.73,1,8.4,0.0040999999999999,2064.42,2075.63,2058.52,613147930,4849403756630,1382698755389613.0
2019-09-19,2080.35,1,9.62,0.0046,2070.53,2089.81,2070.53,493037906,4796838356382,1390937570288631.0
2019-09-20,2091.52,1,11.17,0.0054,2080.86,2092.37,2077.3,589919812,5401656950633,1398474981721940.0
2019-09-23,2091.7,1,0.18,0.0001,2087.7,2095.54,2085.6,420948452,4095773985804,1398458459189431.0
2019-09-24,2101.04,1,9.34,0.0045,2090.19,2101.63,2085.91,535771028,4406729259064,1404448758965775.0
2019-09-25,2073.39,2,-27.65,-0.0132,2093.47,2095.27,2072.41,651551743,5181991511224,1386072581864125.0
2019-09-26,2074.52,1,1.13,0.0005,2082.66,2087.33,2064.34,430577353,4656831355926,1387334938947795.0
2019-09-27,2049.93,2,-24.59,-0.0118999999999999,2066.96,2066.96,2044.75,285943315,3489260824871,1370704841116332.0
2019-09-30,2063.05,1,13.12,0.0064,2045.77,2064.99,2042.01,327625088,3709169292668,1379383990482194.0
2019-10-01,2072.42,1,9.37,0.0045,2062.44,2077.48,2057.91,389336196,3869998424287,1385453397293141.0
2019-10-02,2031.91,2,-40.51,-0.0195,2058.23,2058.23,2031.91,414460340,3933921932793,1358586984595908.0
2019-10-04,2020.69,2,-11.22,-0.0055,2028.4,2039.43,2020.69,402940876,3963264425877,1351390760877189.0
2019-10-07,2021.73,1,1.04,0.0005,2031.53,2034.94,2016.19,322184598,3412076289043,1351980508689979.0
2019-10-08,2046.25,1,24.52,0.0121,2029.37,2046.81,2024.63,437517313,4256283543301,1368408579392448.0
2019-10-10,2028.15,2,-18.1,-0.0088,2030.13,2040.88,2010.9,445846412,5612446184283,1356703391347914.0
2019-10-11,2044.61,1,16.46,0.0081,2048.08,2053.94,2040.48,381147036,3790613421857,1367727113719942.0
2019-10-14,2067.4,1,22.79,0.0111,2068.13,2075.1,2065.53,511215908,4579415090999,1382961056983902.0
2019-10-15,2068.17,1,0.77,0.0004,2064.78,2073.21,2064.34,464533785,4138985920292,1383418736834437.0
2019-10-16,2082.83,1,14.66,0.0070999999999999,2080.92,2090.01,2073.8,524545161,4463659000161,1393413064808508.0
2019-10-17,2077.94,2,-4.89,-0.0023,2081.76,2087.15,2072.49,314177112,3484053994750,1390071921609544.0
2019-10-18,2060.69,2,-17.25,-0.0083,2082.23,2088.54,2057.89,516687848,5429306546798,1378751961323373.0
2019-10-21,2064.84,1,4.15,0.002,2067.97,2067.97,2059.33,606108725,3598365529933,1381669311538777.0
2019-10-22,2088.86,1,24.02,0.0116,2076.29,2093.81,2073.08,504063331,4811062528761,1398014600027705.0
2019-10-23,2080.62,2,-8.24,-0.0039,2086.81,2088.25,2074.88,429453295,5110883572829,1392517281127201.0
2019-10-24,2085.66,1,5.04,0.0024,2089.85,2089.85,2067.9,367717362,5208814264302,1396059213375811.0
2019-10-25,2087.89,1,2.23,0.0011,2091.16,2091.24,2079.3,348686136,4429328925874,1397792837886505.0
2019-10-28,2093.6,1,5.71,0.0027,2096.67,2104.39,2089.76,269233762,3853804704594,1401486782733967.0
2019-10-29,2092.69,2,-0.91,-0.0004,2103.92,2105.17,2088.04,357662332,4067889827188,1400636741907645.0
2019-10-30,2080.27,2,-12.42,-0.0059,2093.51,2093.51,2075.54,415551707,5051507872111,1395052464655768.0
2019-10-31,2083.48,1,3.21,0.0015,2089.22,2103.71,2083.48,461322641,5777340831340,1397134899920708.0
2019-11-01,2100.2,1,16.72,0.008,2084.79,2100.42,2081.53,418314118,4599472628630,1408824195271186.0
2019-11-04,2130.24,1,30.04,0.0143,2111.32,2130.83,2111.32,476256619,5636693373532,1429190862087146.0
2019-11-05,2142.64,1,12.4,0.0058,2133.66,2143.12,2128.7,400643651,5181344024819,1437952192468307.0
2019-11-06,2144.15,1,1.51,0.0007,2142.69,2156.23,2138.83,410084729,5680104712316,1439014571334566.0
2019-11-07,2144.29,1,0.14,0.0001,2141.05,2147.01,2135.45,425662849,5134908306978,1439008868618916.0
2019-11-08,2137.23,2,-7.06,-0.0033,2154.18,2155.94,2133.75,574127089,5969290119249,1433704068497244.0
2019-11-11,2124.09,2,-13.14,-0.0060999999999999,2139.07,2139.07,2119.07,617265604,5346845749690,1425038219436537.0
2019-11-12,2140.92,1,16.83,0.0079,2131.26,2140.94,2121.8,610428626,5743924329266,1436296710316202.0
2019-11-13,2122.45,2,-18.47,-0.0086,2132.48,2133.37,2118.67,664365647,5376790550529,1425460703380136.0
2019-11-14,2139.23,1,16.78,0.0079,2127.54,2139.23,2121.32,521109826,6080226339496,1435960435240916.0
2019-11-15,2162.18,1,22.95,0.0107,2137.96,2165.02,2135.26,556246041,5694837187629,1451470351501471.0
2019-11-18,2160.69,2,-1.49,-0.0007,2161.89,2165.89,2151.97,489233053,4450920014374,1450349808632151.0
2019-11-19,2153.24,2,-7.45,-0.0034,2151.04,2154.41,2137.01,826885342,5605578491223,1446140184452898.0
2019-11-20,2125.32,2,-27.92,-0.013,2140.06,2145.97,2123.8,581056092,5583376749873,1427359928536582.0
2019-11-21,2096.6,2,-28.72,-0.0135,2123.65,2125.36,2088.19,579554927,5437430115891,1407600550876970.0
2019-11-22,2101.96,1,5.36,0.0026,2098.89,2106.42,2093.99,519852004,4310267738915,1411508256467062.0
2019-11-25,2123.5,1,21.54,0.0102,2117.14,2130.04,2116.07,397676380,4288509009551,1426007086550473.0
2019-11-26,2121.35,2,-2.15,-0.001,2129.27,2139.64,2120.85,532600500,7636050752641,1424956839467106.0
2019-11-27,2127.85,1,6.5,0.0031,2134.47,2136.3,2118.07,367796130,4318299988619,1429134190596897.0
2019-11-28,2118.6,2,-9.25,-0.0043,2116.93,2127.75,2116.58,335227079,4483257318044,1422661068375641.0
2019-11-29,2087.96,2,-30.64,-0.0144999999999999,2125.53,2125.53,2085.1,433260994,5100926942073,1401938201845642.0
2019-12-02,2091.92,1,3.96,0.0019,2097.55,2103.87,2088.92,385343942,4515836173554,1404938498708406.0
2019-12-03,2084.07,2,-7.85,-0.0038,2075.02,2085.71,2066.6,450039650,4709539668026,1399615357936707.0
2019-12-04,2068.89,2,-15.18,-0.0073,2070.84,2072.91,2057.45,347002806,5085778612114,1389618755691825.0
2019-12-05,2060.74,2,-8.15,-0.0039,2078.31,2084.29,2053.56,472188080,4625010545391,1384402799834103.0
2019-12-06,2081.85,1,21.11,0.0102,2072.44,2084.44,2070.17,440188497,4215044189346,1398777599963871.0
2019-12-09,2088.65,1,6.8,0.0033,2091.94,2093.81,2084.31,393126953,3982512343332,1403184168535184.0
2019-12-10,2098.0,1,9.35,0.0045,2081.22,2100.48,2080.16,500064261,4172974520829,1409366036607606.0
2019-12-11,2105.62,1,7.62,0.0036,2098.28,2109.22,2092.48,668731150,4837220508223,1414435813888684.0
2019-12-12,2137.35,1,31.73,0.0151,2120.13,2138.93,2120.13,584636816,8339490220448,1436302523894557.0
2019-12-13,2170.25,1,32.9,0.0154,2164.63,2170.25,2159.45,540027181,6253215577014,1458776009201296.0
2019-12-16,2168.15,2,-2.1,-0.001,2168.05,2175.01,2166.29,377053514,4561208146256,1457529847044934.0
2019-12-17,2195.68,1,27.53,0.0127,2179.4,2196.01,2171.09,599534417,6380891091394,1476694264006596.0
2019-12-18,2194.76,2,-0.92,-0.0004,2194.92,2204.04,2187.32,591106012,5519070176261,1476402879307537.0
2019-12-19,2196.56,1,1.8,0.0008,2199.42,2204.73,2186.59,643143837,5262211883061,1476809948465847.0
2019-12-20,2204.18,1,7.62,0.0034999999999999,2205.57,2206.82,2194.8,646682877,5020842974443,1481266967974889.0
2019-12-23,2203.71,2,-0.47,-0.0002,2208.22,2209.2,2196.43,502034303,4734276390048,1480981911312646.0
2019-12-24,2190.08,2,-13.63,-0.0062,2206.23,2206.23,2187.58,569967811,4756454527367,1472110435243032.0
2019-12-26,2197.93,1,7.85,0.0036,2192.22,2198.01,2183.9,571309392,4795109701596,1477949500778766.0
2019-12-27,2204.21,1,6.28,0.0029,2183.7,2215.55,2177.4,490167721,5429665474516,1480287930817891.0
2019-12-30,2197.67,2,-6.54,-0.003,2202.62,2208.04,2195.65,416403484,4113597620249,1475909365805673.0
2020-01-02,2175.17,2,-22.5,-0.0102,2201.21,2202.32,2171.84,494677752,4638167309579,1461424793589993.0
2020-01-03,2176.46,1,1.29,0.0006,2192.58,2203.38,2165.39,631562785,5763662746548,1462298971774498.0
2020-01-06,2155.07,2,-21.39,-0.0098,2154.97,2164.42,2149.95,592670719,5156540935534,1448385085188395.0
2020-01-07,2175.54,1,20.47,0.0095,2166.6,2181.62,2164.27,568235609,5143511908278,1462298814406954.0
2020-01-08,2151.31,2,-24.23,-0.0111,2156.27,2162.32,2137.72,913830628,8750722208310,1446631314388659.0
2020-01-09,2186.45,1,35.14,0.0163,2182.2,2186.45,2172.16,592603655,7261591245997,1470805018622162.0
2020-01-10,2206.39,1,19.94,0.0091,2189.48,2206.92,2188.1,594536948,6459299778577,1484063380523097.0
2020-01-13,2229.26,1,22.87,0.0104,2204.49,2230.43,2204.49,488288759,6214780461727,1499967180669582.0
2020-01-14,2238.88,1,9.62,0.0043,2243.06,2250.79,2232.94,835899254,7294227861325,1506534496285997.0
2020-01-15,2230.98,2,-7.9,-0.0034999999999999,2229.8,2238.21,2223.39,746156323,5946351320652,1501047629018491.0
2020-01-16,2248.05,1,17.07,0.0077,2231.93,2249.09,2225.41,808331797,6204474418701,1513149909207655.0
2020-01-17,2250.57,1,2.52,0.0011,2261.57,2268.71,2245.58,580816395,5444383530119,1515299753695611.0
2020-01-20,2262.64,1,12.07,0.0054,2261.4,2277.23,2258.09,545491231,5950403033200,1524384083509849.0
2020-01-21,2239.69,2,-22.95,-0.0101,2259.81,2266.31,2238.25,770319899,5569550564922,1508408627687428.0
2020-01-22,2267.25,1,27.56,0.0123,2238.53,2269.27,2235.13,608509908,6365617281303,1526798959055386.0
2020-01-23,2246.13,2,-21.12,-0.0093,2254.54,2260.63,2241.94,509608911,6790103967147,1512629061905415.0
2020-01-28,2176.72,2,-69.41,-0.0308999999999999,2192.22,2199.93,2166.23,808878835,8818232390840,1466083102897148.0
2020-01-29,2185.28,1,8.56,0.0039,2188.18,2195.45,2172.33,692300723,6589949501296,1472171521931855.0
2020-01-30,2148.0,2,-37.28,-0.0171,2181.54,2187.45,2139.72,602838388,7105203082012,1446505817054810.0
2020-01-31,2119.01,2,-28.99,-0.0135,2160.6,2167.23,2119.01,710507814,7226687169037,1427047754939819.0
2020-02-03,2118.88,2,-0.13,-0.0001,2086.61,2126.73,2082.74,836699550,8068704032225,1427133301985757.0
2020-02-04,2157.9,1,39.02,0.0184,2121.22,2162.32,2120.53,624641660,7791178403016,1454235584223968.0
2020-02-05,2165.63,1,7.73,0.0036,2177.26,2181.52,2154.88,574395954,7736275092053,1460243894885127.0
2020-02-06,2227.94,1,62.31,0.0288,2184.77,2229.99,2182.25,695216238,8334737832306,1501460505978003.0
2020-02-07,2211.95,2,-15.99,-0.0072,2221.49,2223.92,2198.14,800342334,8813174418003,1491013321310687.0
2020-02-10,2201.07,2,-10.88,-0.0049,2185.63,2203.39,2180.51,609566457,5471061224066,1483846707096682.0
2020-02-11,2223.12,1,22.05,0.01,2213.5,2233.32,2211.25,526211397,6611195318466,1498338521859173.0
2020-02-12,2238.38,1,15.26,0.0069,2225.95,2242.24,2214.77,632462739,6892197809938,1508346241846750.0
2020-02-13,2232.96,2,-5.42,-0.0024,2245.72,2255.49,2230.3,638666394,8121197408774,1505295816622192.0
2020-02-14,2243.59,1,10.63,0.0048,2232.71,2251.5,2221.9,597224094,6379565384141,1511254622615908.0
2020-02-17,2242.17,2,-1.42,-0.0006,2243.07,2250.05,2230.26,458247876,5639200666983,1510109679102093.0
2020-02-18,2208.88,2,-33.29,-0.0148,2225.98,2232.93,2205.21,470424959,6411451075683,1487436220977309.0
2020-02-19,2210.34,1,1.46,0.0007,2222.51,2226.0,2191.2,591155345,7107033607258,1488454958761049.0
2020-02-20,2195.5,2,-14.84,-0.0067,2223.55,2228.18,2186.72,709563653,7677672112579,1478574047802416.0
2020-02-21,2162.84,2,-32.66,-0.0149,2165.65,2184.43,2160.28,635474020,7105856138500,1456692607497773.0
2020-02-24,2079.04,2,-83.8,-0.0387,2114.04,2120.06,2079.03,948620568,9315474824162,1400516367868853.0
2020-02-25,2103.61,1,24.57,0.0118,2075.55,2105.49,2071.5,1565588378,8952278187621,1417275415217287.0
2020-02-26,2076.77,2,-26.84,-0.0128,2064.07,2089.64,2059.13,810937954,8060327456461,1398569205665041.0
2020-02-27,2054.89,2,-21.88,-0.0105,2073.87,2085.4,2049.15,562775389,7241174418670,1383776360997792.0
2020-02-28,1987.01,2,-67.88,-0.033,2020.17,2031.01,1980.82,671551554,9927960489404,1337716963290314.0
2020-03-02,2002.51,1,15.5,0.0078,1997.03,2017.07,1969.34,528103441,7811002803335,1348109552183221.0
2020-03-03,2014.15,1,11.64,0.0058,2051.85,2051.85,2009.39,615692688,8687846563942,1356176459905865.0
2020-03-04,2059.33,1,45.18,0.0224,2005.81,2063.59,2005.81,606287025,7829192743679,1386938608490669.0
2020-03-05,2085.26,1,25.93,0.0126,2078.11,2089.08,2059.99,675205309,7954349129052,1404684361584030.0
2020-03-06,2040.22,2,-45.04,-0.0216,2053.09,2062.57,2032.13,865588195,7233537918936,1373917955358746.0
2020-03-09,1954.77,2,-85.45,-0.0419,1981.02,1989.5,1946.9,666868332,8796943870443,1316427699384929.0
2020-03-10,1962.93,1,8.16,0.0042,1942.85,1968.17,1934.72,638564334,9133693232419,1321480461086756.0
2020-03-11,1908.27,2,-54.66,-0.0278,1965.67,1967.7,1898.27,679716263,8598096539563,1284895600563685.0
2020-03-12,1834.33,2,-73.94,-0.0387,1887.97,1897.23,1808.56,850344629,11309953238897,1235351151777928.0
2020-03-13,1771.44,2,-62.89,-0.0343,1722.68,1809.31,1680.6,1035277623,13376937880276,1193686836834111.0
2020-03-16,1714.86,2,-56.58,-0.0319,1805.43,1805.43,1714.38,682003596,8593833318802,1155216110560059.0
2020-03-17,1672.44,2,-42.42,-0.0247,1640.84,1722.97,1637.88,649779162,9709076676434,1126202983998029.0
2020-03-18,1591.2,2,-81.24,-0.0486,1686.12,1693.95,1591.12,728007845,9576387436387,1071788837300586.0
2020-03-19,1457.64,2,-133.56,-0.0839,1626.09,1626.09,1439.43,977674546,11932492035885,982169749104868.0
2020-03-20,1566.15,1,108.51,0.0744,1498.49,1566.82,1466.48,817021497,10632970114698,1054892888467243.0
2020-03-23,1482.46,2,-83.69,-0.0533999999999999,1474.45,1516.75,1458.41,647528307,9645271634190,998450497948322.0
2020-03-24,1609.97,1,127.51,0.086,1523.69,1609.97,1508.68,679288486,10481447737237,1083695461251076.0
2020-03-25,1704.76,1,94.79,0.0588999999999999,1668.19,1707.64,1645.28,872808831,12612287867284,1147712134896263.0
2020-03-26,1686.24,2,-18.52,-0.0109,1699.11,1735.75,1679.23,992473707,12374197616604,1135741554179897.0
2020-03-27,1717.73,1,31.49,0.0187,1756.07,1759.05,1668.21,1077526545,12851932962119,1156581472275771.0
2020-03-30,1717.12,2,-0.61,-0.0004,1670.34,1729.63,1659.95,767776797,9081049803032,1155630476602887.0
2020-03-31,1754.64,1,37.52,0.0219,1739.29,1757.81,1722.62,1037488156,13905369066747,1179728722560726.0
2020-04-01,1685.46,2,-69.18,-0.0394,1737.28,1762.44,1685.37,1243590730,12110507381678,1133944054487121.0
2020-04-02,1724.86,1,39.4,0.0233999999999999,1693.53,1726.76,1664.13,766313445,10152244718742,1159987256045893.0
2020-04-03,1725.44,1,0.58,0.0003,1731.17,1743.91,1706.68,1000086507,10153714406089,1160743273084198.0
2020-04-06,1791.88,1,66.44,0.0385,1745.25,1794.19,1742.67,1219388574,10957483192535,1205000551883535.0
2020-04-07,1823.6,1,31.72,0.0177,1826.72,1838.97,1791.92,951738564,11628935543509,1226518732401875.0
2020-04-08,1807.14,2,-16.46,-0.009,1815.75,1842.16,1801.8,907493916,11126542159615,1215858624385370.0
2020-04-09,1836.21,1,29.07,0.0161,1838.09,1839.33,1818.3,920570686,10517358549787,1235327684208445.0
2020-04-10,1860.7,1,24.49,0.0133,1835.76,1861.1,1824.43,992548388,12009988837226,1251445975432980.0
2020-04-13,1825.76,2,-34.94,-0.0187999999999999,1853.3,1853.3,1825.76,1017751537,9516704096110,1228226157795454.0
2020-04-14,1857.08,1,31.32,0.0172,1846.41,1864.46,1837.17,886766248,9995854086344,1248940314010211.0
2020-04-16,1857.07,2,-0.01,0.0,1839.51,1862.23,1828.13,878338050,10710793199999,1248881506244681.0
2020-04-17,1914.53,1,57.46,0.0308999999999999,1893.31,1926.02,1893.19,1667459582,14127722405516,1287911930998779.0
2020-04-20,1898.36,2,-16.17,-0.0084,1908.34,1925.25,1893.17,1087463349,11915932209602,1276932686171999.0
2020-04-21,1879.38,2,-18.98,-0.01,1886.78,1898.32,1841.66,1174293762,13863164450974,1263694525894965.0
2020-04-22,1896.15,1,16.77,0.0089,1855.51,1897.9,1844.85,820359973,9428672633853,1274786181055578.0
2020-04-23,1914.73,1,18.58,0.0098,1907.45,1923.53,1895.98,683719714,9124271815911,1287024851033628.0
2020-04-24,1889.01,2,-25.72,-0.0134,1906.07,1908.29,1880.71,933917234,9647344478840,1271159366876740.0
2020-04-27,1922.77,1,33.76,0.0179,1897.06,1929.82,1894.62,735662975,8171668846877,1293318256998546.0
2020-04-28,1934.09,1,11.32,0.0059,1931.25,1941.79,1911.63,1173476059,10375078302989,1300504429056374.0
2020-04-29,1947.56,1,13.47,0.0069999999999999,1936.89,1957.51,1934.31,1984181619,10525128532479,1309179248330950.0
2020-05-04,1895.37,2,-52.19,-0.0268,1906.42,1918.66,1894.29,1146855467,10261902202857,1274213042153076.0
2020-05-06,1928.76,1,33.39,0.0176,1919.45,1928.76,1902.55,1082526836,8550700968723,1296556106111278.0
2020-05-07,1928.61,2,-0.15,-0.0001,1922.0,1938.5,1918.57,775657990,7383335083519,1296095632739743.0
2020-05-08,1945.82,1,17.21,0.0089,1944.94,1956.89,1942.54,784772658,7941567564414,1307404235915187.0
2020-05-11,1935.4,2,-10.42,-0.0054,1953.51,1960.46,1932.87,591282994,7752760806973,1300769233598186.0
2020-05-12,1922.17,2,-13.23,-0.0068,1938.62,1938.62,1905.17,799930033,9681896635050,1291568129833589.0
2020-05-13,1940.42,1,18.25,0.0095,1897.5,1940.42,1897.24,618783618,9012307818081,1303464008136505.0
2020-05-14,1924.96,2,-15.46,-0.008,1922.44,1931.43,1913.49,760646303,9469021404658,1292884145462489.0
2020-05-15,1927.28,1,2.32,0.0012,1937.63,1938.59,1913.21,866357217,9723312708078,1294619578424819.0
2020-05-18,1937.11,1,9.83,0.0051,1934.51,1943.07,1921.14,761695993,9394306873102,1301926005473237.0
2020-05-19,1980.61,1,43.5,0.0225,1977.47,1983.77,1968.59,773414630,11918300290192,1331835811527638.0
2020-05-20,1989.64,1,9.03,0.0046,1972.12,1992.2,1972.12,699446970,8248632036086,1337699454438994.0
2020-05-21,1998.31,1,8.67,0.0044,2003.2,2004.95,1993.0,601199346,8636997699884,1343561077622969.0
2020-05-22,1970.13,2,-28.18,-0.0141,2001.6,2002.65,1961.4,847467288,9509771760326,1324302793166826.0
2020-05-25,1994.6,1,24.47,0.0124,1980.51,1994.9,1967.84,641458990,7960324756104,1340826177203951.0
2020-05-26,2029.78,1,35.18,0.0176,2001.0,2029.89,1997.94,1017804023,12545313579781,1363735033916035.0
2020-05-27,2031.2,1,1.42,0.0007,2027.9,2043.44,2019.82,1178847686,12635098387337,1364678862910216.0
2020-05-28,2028.54,2,-2.66,-0.0013,2047.08,2054.52,2003.75,1172134329,14479213391390,1363293486469432.0
2020-05-29,2029.6,1,1.06,0.0005,2018.37,2038.89,2006.62,1086214531,14084590166800,1363450451367235.0
2020-06-01,2065.08,1,35.48,0.0175,2037.04,2065.38,2035.63,997348462,9839657383038,1387477878880702.0
2020-06-02,2087.19,1,22.11,0.0107,2061.45,2089.43,2059.14,1000332119,10232916613603,1402057228354535.0
2020-06-03,2147.0,1,59.81,0.0287,2108.55,2156.55,2107.69,1152001392,16998832251499,1442871666450862.0
2020-06-04,2151.18,1,4.18,0.0019,2181.64,2191.0,2139.68,1393307839,16034002142290,1446260119584246.0
2020-06-05,2181.87,1,30.69,0.0143,2151.17,2187.25,2138.18,854591430,12778905806695,1466769477352700.0
2020-06-08,2184.29,1,2.42,0.0011,2215.6,2217.21,2174.96,854035253,13145519107463,1468714983884430.0
2020-06-09,2188.92,1,4.63,0.0021,2206.23,2212.17,2166.01,817085488,14689860828352,1472051666137017.0
2020-06-10,2195.69,1,6.77,0.0031,2187.91,2200.68,2178.12,706294077,12888183095069,1476712867540628.0
2020-06-11,2176.78,2,-18.91,-0.0086,2184.36,2200.72,2148.51,827381476,16987057620203,1464392589642064.0
2020-06-12,2132.3,2,-44.48,-0.0204,2088.24,2137.12,2084.63,689896760,14960780838903,1434087757539005.0
2020-06-15,2030.82,2,-101.48,-0.0475999999999999,2114.41,2129.67,2030.82,1072277727,18242464517682,1366175254025951.0
2020-06-16,2138.05,1,107.23,0.0528,2091.09,2138.08,2079.02,973638914,13837056898298,1437701364296343.0
2020-06-17,2141.05,1,3.0,0.0014,2133.18,2154.37,2105.26,927515701,15458440200634,1440025501583959.0
2020-06-18,2133.48,2,-7.57,-0.0034999999999999,2134.35,2145.13,2120.29,767184256,11089871020141,1435518023343328.0
2020-06-19,2141.32,1,7.84,0.0037,2153.09,2153.57,2108.91,1079452697,12300498419524,1441080602939928.0
2020-06-22,2126.73,2,-14.59,-0.0068,2126.38,2142.88,2122.1,789371970,10098315248975,1430718937268391.0
2020-06-23,2131.24,1,4.51,0.0021,2149.13,2158.15,2110.51,917567444,13496081372787,1433435233461333.0
2020-06-24,2161.51,1,30.27,0.0141999999999999,2145.93,2171.86,2143.91,913896139,13324797690536,1453951200553877.0
2020-06-25,2112.37,2,-49.14,-0.0227,2130.45,2143.33,2112.37,1017720601,10692627098579,1420866478316469.0
2020-06-26,2134.65,1,22.28,0.0105,2137.47,2142.04,2115.25,761043656,9821159648182,1436168481341002.0
2020-06-29,2093.48,2,-41.17,-0.0192999999999999,2105.54,2120.5,2087.84,643155859,9025867722947,1408463551776580.0
2020-06-30,2108.33,1,14.85,0.0070999999999999,2124.38,2134.38,2108.26,708604874,11699082707241,1418860741475329.0
2020-07-01,2106.7,2,-1.63,-0.0008,2128.81,2133.55,2101.33,1116220850,10232631942700,1417280238019280.0
2020-07-02,2135.37,1,28.67,0.0136,2116.72,2135.37,2113.98,1091965156,10745168204526,1445664482444930.0
2020-07-03,2152.41,1,17.04,0.008,2147.89,2153.54,2135.3,770054734,8649543800140,1456812255014887.0
2020-07-06,2187.93,1,35.52,0.0165,2158.95,2191.28,2157.71,666902024,11656294735939,1480948171498278.0
2020-07-07,2164.17,2,-23.76,-0.0109,2202.04,2206.79,2164.03,847434362,14858393386688,1465179698333403.0
2020-07-08,2158.88,2,-5.29,-0.0024,2166.76,2173.83,2150.89,677810176,11567569371753,1460994855195639.0
2020-07-09,2167.9,1,9.02,0.0042,2171.15,2181.48,2166.74,619368220,12029949538080,1467208749209185.0
2020-07-10,2150.25,2,-17.65,-0.0081,2171.44,2171.52,2140.29,886987422,12048058313719,1455781560911370.0
2020-07-13,2186.06,1,35.81,0.0167,2170.51,2188.8,2163.07,650230828,10462265621930,1479593285922319.0
2020-07-14,2183.61,2,-2.45,-0.0011,2176.43,2183.61,2165.6,810952190,11633360175479,1477856002350806.0
2020-07-15,2201.88,1,18.27,0.0084,2208.73,2216.97,2190.66,830266170,13641396398926,1490240355001560.0
2020-07-16,2183.76,2,-18.12,-0.0081999999999999,2203.3,2207.34,2177.82,784637064,11304254033107,1478307592869367.0
2020-07-17,2201.19,1,17.43,0.008,2187.85,2204.2,2187.85,569297015,10191102923037,1490180654286876.0
2020-07-20,2198.2,2,-2.99,-0.0014,2209.59,2209.59,2183.83,686819331,12025004388559,1488358383872006.0
2020-07-21,2228.83,1,30.63,0.0139,2219.19,2234.86,2214.28,918483110,15759332636629,1509515194204624.0
2020-07-22,2228.66,2,-0.17,-0.0001,2228.2,2238.86,2221.62,856218145,15651892519811,1509717832642203.0
2020-07-23,2216.19,2,-12.47,-0.0056,2227.24,2227.24,2202.99,934542334,16328982791157,1501425781726753.0
2020-07-24,2200.44,2,-15.75,-0.0070999999999999,2196.73,2219.57,2195.49,1001024922,17156946661845,1490986231772619.0
2020-07-27,2217.86,1,17.42,0.0079,2203.48,2231.25,2203.48,928624589,14256877111350,1502710705541910.0
2020-07-28,2256.99,1,39.13,0.0176,2238.19,2266.0,2237.21,866725741,17516981979726,1530086533583406.0
2020-07-29,2263.16,1,6.17,0.0027,2258.35,2276.79,2252.24,899494183,15500571709743,1536196696120976.0
2020-07-30,2267.01,1,3.85,0.0017,2275.33,2281.33,2263.81,713039430,13550209339034,1539287192950517.0
2020-07-31,2249.37,2,-17.64,-0.0078,2278.53,2281.41,2248.49,739688794,13002293229614,1526798727989548.0
2020-08-03,2251.04,1,1.67,0.0007,2251.65,2254.38,2237.04,648462478,13612906120002,1528025690762966.0
2020-08-04,2279.97,1,28.93,0.0129,2272.33,2284.66,2269.69,722906377,15287235291908,1548269501517691.0
2020-08-05,2311.86,1,31.89,0.0139999999999999,2289.23,2312.14,2283.95,841298584,17883091283569,1569777969023678.0
2020-08-06,2342.61,1,30.75,0.0133,2322.64,2352.48,2322.64,797147074,17831685624449,1590672220686184.0
2020-08-07,2351.67,1,9.06,0.0039,2349.25,2362.24,2333.62,812594607,17585764473385,1598022872221562.0
2020-08-10,2386.38,1,34.71,0.0148,2353.92,2390.51,2349.33,784617498,19511321883161,1621675150702310.0
2020-08-11,2418.67,1,32.29,0.0135,2396.11,2429.36,2396.11,843437905,19680402218094,1643244636026510.0
2020-08-12,2432.35,1,13.68,0.0056999999999999,2414.78,2432.35,2393.27,763734794,16680055518488,1652303924857376.0
2020-08-13,2437.53,1,5.18,0.0021,2455.28,2458.17,2412.49,907218783,18250022567058,1656293275231288.0
2020-08-14,2407.49,2,-30.04,-0.0123,2427.85,2435.0,2383.69,968124509,16595686362692,1636857790126833.0
2020-08-18,2348.24,2,-59.25,-0.0246,2405.84,2419.65,2336.78,909750109,17572479450022,1596724896699329.0
2020-08-19,2360.54,1,12.3,0.0052,2370.87,2380.1,2353.17,637965095,12367503045993,1604983684782229.0
2020-08-20,2274.22,2,-86.32,-0.0366,2339.91,2357.08,2270.85,903743682,17101785025778,1546235567296680.0
2020-08-21,2304.59,1,30.37,0.0134,2306.16,2329.34,2280.97,865735547,14111672142563,1566780398603402.0
2020-08-24,2329.83,1,25.24,0.011,2309.38,2332.33,2283.48,649276997,11654192722499,1583436465121661.0
2020-08-25,2366.73,1,36.9,0.0158,2352.15,2369.78,2340.97,771584899,13567979759561,1608120252926561.0
2020-08-26,2369.32,1,2.59,0.0011,2367.74,2374.68,2336.98,956477600,14435847151150,1610120509376745.0
2020-08-27,2344.45,2,-24.87,-0.0105,2371.95,2373.36,2344.38,913917009,15184934096620,1593246017303196.0
2020-08-28,2353.8,1,9.35,0.004,2362.22,2379.26,2345.28,1297312453,15539938168140,1599550088938588.0
2020-08-31,2326.17,2,-27.63,-0.0116999999999999,2377.09,2381.5,2326.06,1647817574,19494383573469,1581099787409825.0
2020-09-01,2349.55,1,23.38,0.0101,2340.19,2355.9,2331.23,1085245170,16664315188856,1596297722994903.0
2020-09-02,2364.37,1,14.82,0.0063,2363.43,2369.57,2341.29,1429273398,15793103441693,1605940739103531.0
2020-09-03,2395.9,1,31.53,0.0133,2383.26,2401.78,2382.23,981546067,17420976999156,1627702404391316.0
2020-09-04,2368.25,2,-27.65,-0.0115,2332.68,2371.02,2332.68,1351039363,19692978202805,1609097990279875.0
2020-09-07,2384.22,1,15.97,0.0067,2369.85,2387.49,2362.42,1197385474,17183375926104,1620531147584954.0
2020-09-08,2401.91,1,17.69,0.0074,2402.66,2407.56,2391.43,979357221,17297863872467,1633223139885418.0
2020-09-09,2375.81,2,-26.1,-0.0109,2372.53,2388.85,2369.12,946247432,15502530521592,1615470588593288.0
2020-09-10,2396.48,1,20.67,0.0087,2404.83,2406.68,2388.56,1064574011,15782939154843,1630210829012952.0
2020-09-11,2396.69,1,0.21,0.0001,2389.76,2397.56,2374.0,882880372,12068892326762,1630532301019895.0
2020-09-14,2427.91,1,31.22,0.013,2418.33,2429.07,2410.79,963082613,12021767344457,1652166907017391.0
2020-09-15,2443.58,1,15.67,0.0065,2434.59,2444.57,2423.79,849968969,11840594190854,1662644696534407.0
2020-09-16,2435.92,2,-7.66,-0.0031,2442.72,2450.53,2429.94,772938451,11855356972071,1657263234612989.0
2020-09-17,2406.17,2,-29.75,-0.0121999999999999,2430.77,2437.02,2398.69,853740333,14235035868846,1636916706307134.0
2020-09-18,2412.4,1,6.23,0.0026,2413.53,2417.81,2396.33,756516872,13965196874371,1640898100271018.0
2020-09-21,2389.39,2,-23.01,-0.0095,2412.44,2427.17,2379.38,1041993131,14215076014331,1625769302772281.0
2020-09-22,2332.59,2,-56.8,-0.0237999999999999,2388.14,2388.49,2323.58,1051028207,17896725781419,1587733595560952.0
2020-09-23,2333.24,1,0.65,0.0003,2352.56,2354.46,2287.44,735041523,13562935251189,1587924102514894.0
2020-09-24,2272.7,2,-60.54,-0.0259,2295.62,2309.74,2268.88,714881419,12469005382919,1547321102894255.0
2020-09-25,2278.79,1,6.09,0.0027,2295.19,2296.36,2267.63,697961594,10181604242046,1551915293505294.0
2020-09-28,2308.08,1,29.29,0.0129,2301.16,2314.81,2291.32,605977250,8971171704466,1571128314429551.0
2020-09-29,2327.89,1,19.81,0.0086,2331.51,2339.83,2320.04,646218105,9487146664002,1584465079441896.0
2020-10-05,2358.0,1,30.11,0.0129,2330.55,2364.73,2327.83,763618171,10682774304838,1604627371598546.0
2020-10-06,2365.9,1,7.9,0.0034,2369.17,2378.28,2355.39,861754649,11131424105719,1609944298087034.0
2020-10-07,2386.94,1,21.04,0.0089,2350.82,2387.45,2347.82,737994343,8971100519076,1624292281536511.0
2020-10-08,2391.96,1,5.02,0.0021,2408.49,2409.01,2383.82,961726151,12530442220994,1628133500468590.0
2020-10-12,2403.73,1,11.77,0.0049,2404.18,2409.42,2393.74,843574320,10693282773334,1636302268568863.0
2020-10-13,2403.15,2,-0.58,-0.0002,2416.85,2418.89,2385.87,724920330,10203177944787,1636705769564671.0
2020-10-14,2380.48,2,-22.67,-0.0093999999999999,2403.74,2405.56,2375.54,901176740,11018495309857,1621936204288970.0
2020-10-15,2361.21,2,-19.27,-0.0081,2375.91,2376.73,2348.74,1165501314,13029475151158,1617478082483597.0
2020-10-16,2341.53,2,-19.68,-0.0083,2363.88,2370.73,2325.03,920205454,11141460474055,1604041752351323.0
2020-10-19,2346.74,1,5.21,0.0022,2352.92,2364.25,2344.77,931645042,10490729774189,1607299315745084.0
2020-10-20,2358.41,1,11.67,0.005,2333.56,2358.41,2322.06,874293348,11833547961055,1616230745099862.0
2020-10-21,2370.86,1,12.45,0.0053,2363.03,2371.74,2356.32,812837069,9864097899775,1624489276959617.0
2020-10-22,2355.05,2,-15.81,-0.0067,2355.61,2360.22,2339.73,815612184,9774988622255,1614311508932465.0
2020-10-23,2360.81,1,5.76,0.0024,2364.84,2368.57,2344.49,890384626,10724121608942,1618108162219142.0
2020-10-26,2343.91,2,-16.9,-0.0072,2366.5,2374.5,2342.58,822267739,11654273569215,1607185398283116.0
2020-10-27,2330.84,2,-13.07,-0.0056,2328.66,2349.33,2321.23,666941810,11269186068061,1598388909961950.0
2020-10-28,2345.26,1,14.42,0.0062,2324.18,2345.46,2316.47,705770290,8941027932538,1607471156017429.0
2020-10-29,2326.67,2,-18.59,-0.0079,2312.34,2330.17,2299.91,509768187,10357788036488,1594058108729745.0
2020-10-30,2267.15,2,-59.52,-0.0256,2319.56,2320.2,2266.93,795585220,11782117594513,1553004436321479.0
2020-11-02,2300.16,1,33.01,0.0146,2276.61,2302.64,2267.95,678501162,8514452400699,1575793149855746.0
2020-11-03,2343.31,1,43.15,0.0187999999999999,2315.81,2344.77,2315.3,887445456,10874229018838,1605475497111717.0
2020-11-04,2357.32,1,14.01,0.006,2361.32,2371.14,2339.95,986786300,14835038714079,1614836760091792.0
2020-11-05,2413.79,1,56.47,0.024,2373.41,2413.79,2370.85,702037484,12578752394172,1653392888446002.0
2020-11-06,2416.5,1,2.71,0.0011,2421.79,2431.11,2404.97,825568502,12579332613740,1655495906955745.0
2020-11-09,2447.2,1,30.7,0.0127,2438.63,2459.15,2434.52,1354862753,14847225309910,1676944568916187.0
2020-11-10,2452.83,1,5.63,0.0023,2453.95,2457.94,2435.59,1464168039,17981336024179,1681030953363295.0
2020-11-11,2485.87,1,33.04,0.0135,2459.5,2488.04,2459.5,1272038626,18307325541732,1703946066895422.0
2020-11-12,2475.62,2,-10.25,-0.0040999999999999,2482.68,2488.79,2467.04,1278691998,16420009591949,1698329618456244.0
2020-11-13,2493.87,1,18.25,0.0074,2470.12,2495.77,2460.96,1072383498,17043855124582,1710439788437341.0
2020-11-16,2543.03,1,49.16,0.0197,2507.46,2546.37,2507.46,1239135119,19088399737620,1744282188041007.0
2020-11-17,2539.15,2,-3.88,-0.0015,2544.12,2556.09,2533.34,1267494728,17795513090344,1742186196159940.0
2020-11-18,2545.64,1,6.49,0.0026,2548.85,2553.95,2536.78,923504383,13554047699644,1746416815167178.0
2020-11-19,2547.42,1,1.78,0.0007,2536.89,2548.95,2529.53,976483462,12515007352046,1747598155153766.0
2020-11-20,2553.5,1,6.08,0.0024,2544.06,2558.21,2539.79,1129500879,12266185661760,1752065079766571.0
2020-11-23,2602.59,1,49.09,0.0192,2560.04,2605.58,2553.7,1649443107,15763526188303,1786992047787319.0
2020-11-24,2617.76,1,15.17,0.0058,2616.28,2628.52,2605.03,1364506405,16886574054872,1797825354983515.0
2020-11-25,2601.54,2,-16.22,-0.0062,2637.34,2642.26,2583.41,1410104868,21795847753690,1786075295495671.0
2020-11-26,2625.91,1,24.37,0.0093999999999999,2605.73,2625.97,2592.43,1387435238,12714565083678,1803103424613782.0
2020-11-27,2633.45,1,7.54,0.0029,2624.8,2635.0,2618.47,1196041606,12641691352531,1808171429285452.8
2020-11-30,2591.34,2,-42.11,-0.016,2648.05,2648.66,2591.34,1311831336,21231831917326,1779635399547144.0
2020-12-01,2634.25,1,42.91,0.0166,2613.42,2638.87,2611.67,1151129297,15947293131345,1809494578238152.8
2020-12-02,2675.9,1,41.65,0.0158,2645.88,2677.26,2644.53,1076203655,17506705123429,1838364843453852.0
2020-12-03,2696.22,1,20.32,0.0076,2686.38,2696.22,2672.85,817065939,15605053580066,1852628727864506.0
2020-12-04,2731.45,1,35.23,0.0131,2705.34,2742.77,2705.34,1778896587,19875836212787,1877444703497804.8
2020-12-07,2745.44,1,13.99,0.0051,2738.11,2754.01,2711.42,1499265153,17933011742727,1888221381669924.8
2020-12-08,2700.93,2,-44.51,-0.0162,2745.13,2747.45,2700.92,1415239942,17157198863683,1857599327331940.0
2020-12-09,2755.47,1,54.54,0.0202,2703.3,2755.47,2703.3,1252304581,17007606430269,1894556865472972.0
2020-12-10,2746.46,2,-9.01,-0.0033,2750.34,2765.46,2718.7,1227651010,20630646948075,1889374447167520.8
2020-12-11,2770.06,1,23.6,0.0086,2754.16,2781.04,2754.16,1215239032,18329100479780,1906299604955606.0
2020-12-14,2762.2,2,-7.86,-0.0028,2769.43,2782.79,2755.29,1113630947,17012253010491,1901627365336434.0
2020-12-15,2756.82,2,-5.38,-0.0019,2763.65,2769.37,2735.08,1093522786,15537969160194,1897677116864840.8
2020-12-16,2771.79,1,14.97,0.0054,2763.64,2781.08,2761.5,1166637812,13649676610565,1907811219051220.0
2020-12-17,2770.43,2,-1.36,-0.0005,2769.89,2772.71,2742.25,1015484002,16275328677791,1906419279762760.0
2020-12-18,2772.18,1,1.75,0.0006,2770.95,2782.15,2762.8,1059143711,19166224753391,1907350242179315.2
2020-12-21,2778.65,1,6.47,0.0023,2771.98,2780.24,2747.09,1139513643,18972230585146,1911737300659012.8
2020-12-22,2733.68,2,-44.97,-0.0162,2772.03,2774.22,2733.64,1260761729,19881377633257,1881809988083712.8
2020-12-23,2759.82,1,26.14,0.0096,2737.74,2769.08,2716.28,1121346859,20281217886958,1901461519264268.8
2020-12-24,2806.86,1,47.04,0.017,2762.6,2812.16,2762.6,1030890446,19984695285723,1936826862099535.2
2020-12-28,2808.6,1,1.74,0.0006,2820.95,2834.59,2799.56,1006249698,24197780569919,1938374378317299.2
2020-12-29,2820.51,1,11.91,0.0042,2810.55,2823.44,2792.06,1046839004,19299049133439,1944111085790440.0
2020-12-30,2873.47,1,52.96,0.0187999999999999,2820.36,2878.21,2809.35,1074033495,17928854517044,1980543161609060.8
