Code,ISU_CD,Name,Market,Dept,Close,ChangeCode,Changes,ChagesRatio,Open,High,Low,Volume,Amount,Marcap,Stocks,MarketId
247540,KR7247540008,에코프로비엠,KOSDAQ GLOBAL,중견기업부,208500,2,-8500,-3.92,215000,215000,205500,369586,77565255750,20397645489000,97830434,KSQ
196170,KR7196170005,알테오젠,KOSDAQ GLOBAL,우량기업부,359000,2,-10000,-2.71,366500,382500,358000,407457,150248092500,19237497137000,53586343,KSQ
086520,KR7086520004,에코프로,KOSDAQ GLOBAL,중견기업부,131700,2,-7300,-5.25,136000,137500,131500,988701,132152528650,17881719218400,135776152,KSQ
277810,KR7277810008,레인보우로보틱스,KOSDAQ,기술성장기업부,805000,1,103000,14.67,738000,824000,733000,357914,284536489000,15616885690000,19399858,KSQ
036930,KR7036930006,주성엔지니어링,KOSDAQ GLOBAL,우량기업부,185700,2,-14300,-7.15,199400,204500,181200,1870590,351568541700,8631544169700,46481121,KSQ
950160,KR8840120008,코오롱티슈진,KOSDAQ,외국기업(소속부없음),92550,2,-6350,-6.42,99000,99300,91000,450139,42374412600,7842321427500,84736050,KSQ
000250,KR7000250001,삼천당제약,KOSDAQ,중견기업부,325500,2,-13500,-3.98,332500,340500,315000,142259,46524914250,7635407136000,23457472,KSQ
058470,KR7058470006,리노공업,KOSDAQ GLOBAL,우량기업부,96100,2,-1300,-1.33,99400,100300,95200,599038,58163583800,7323958785000,76211850,KSQ
028300,KR7028300002,HLB,KOSDAQ,중견기업부,52400,1,1600,3.15,53100,53300,50600,501287,25935731500,6979586885200,133198223,KSQ
087010,KR7087010005,펩트론,KOSDAQ,기술성장기업부,278500,2,-22500,-7.48,302500,303000,274000,190038,54338032000,6493881975000,23317350,KSQ
298380,KR7298380007,에이비엘바이오,KOSDAQ,기술성장기업부,110500,2,-1400,-1.25,110800,114800,109000,256756,28636233000,6186614661500,55987463,KSQ
108490,KR7108490004,로보티즈,KOSDAQ,기술성장기업부,410500,1,85000,26.11,353000,418000,352500,1088967,431581820000,6016709994000,14657028,KSQ
039030,KR7039030002,이오테크닉스,KOSDAQ GLOBAL,우량기업부,447500,2,-10500,-2.29,464000,464500,441000,91415,40910377000,5512998625000,12319550,KSQ
440110,KR7440110005,파두,KOSDAQ,기술성장기업부,109700,2,-2400,-2.14,114500,121000,106500,1377522,155548668600,5495621921900,50096827,KSQ
141080,KR7141080002,리가켐바이오,KOSDAQ GLOBAL,기술성장기업부,147800,2,-3300,-2.18,151100,155600,147100,206388,30955150300,5471469980400,37019418,KSQ
240810,KR7240810002,원익IPS,KOSDAQ GLOBAL,우량기업부,102500,2,-3500,-3.3,104300,105900,101400,402951,41707012100,5031099852500,49083901,KSQ
178320,KR7178320008,서진시스템,KOSDAQ,중견기업부,76500,2,-1100,-1.42,78000,79400,71600,1406363,104622200950,4867828645500,63631747,KSQ
319400,KR7319400008,현대무벡스,KOSDAQ,우량기업부,41450,1,1700,4.28,40100,43400,39500,3616813,149307400700,4616536816550,111376039,KSQ
310210,KR7310210000,보로노이,KOSDAQ,기술성장기업부,249000,2,-38000,-13.24,279500,279500,248000,138571,35665843250,4582140579000,18402171,KSQ
214370,KR7214370009,케어젠,KOSDAQ,벤처기업부,83700,2,-4700,-5.32,90900,90900,81900,86956,7343403900,4495945500000,53715000,KSQ
095340,KR7095340006,ISC,KOSDAQ GLOBAL,우량기업부,210500,1,8000,3.95,204000,216000,198400,120585,25135516100,4461980709000,21197058,KSQ
403870,KR7403870009,HPSP,KOSDAQ GLOBAL,우량기업부,46400,2,-2250,-4.62,47900,48700,46000,1987518,93304456525,3818720000000,82300000,KSQ
222800,KR7222800005,심텍,KOSDAQ GLOBAL,중견기업부,101100,2,-17000,-14.39,118500,118500,101000,914167,97665514400,3787603424100,37463931,KSQ
226950,KR7226950004,올릭스,KOSDAQ,기술성장기업부,174600,2,-500,-0.29,179500,188100,173100,381369,67908132474,3544481791800,20300583,KSQ
347850,KR7347850000,디앤디파마텍,KOSDAQ,기술성장기업부,80300,2,-14300,-15.12,94400,94400,79800,2376487,199171362500,3517473004100,43804147,KSQ
080220,KR7080220007,제주반도체,KOSDAQ,우량기업부,95200,2,-2600,-2.66,98000,104000,92100,2131042,209589560300,3278957701600,34442833,KSQ
010170,KR7010170009,대한광통신,KOSDAQ,중견기업부,20950,2,-1750,-7.71,22700,22850,20300,12581183,265026258800,3257424577000,155485660,KSQ
131970,KR7131970006,두산테스나,KOSDAQ GLOBAL,우량기업부,158600,1,1300,0.83,160300,171300,154300,385842,62736462500,3065299946800,19327238,KSQ
214450,KR7214450009,파마리서치,KOSDAQ GLOBAL,우량기업부,292000,2,-3000,-1.02,299500,303000,290000,52766,15561520250,3033777216000,10389648,KSQ
357780,KR7357780006,솔브레인,KOSDAQ GLOBAL,우량기업부,389000,1,6500,1.7,389000,398000,380500,37525,14584487500,3025862174000,7778566,KSQ
145020,KR7145020004,휴젤,KOSDAQ GLOBAL,우량기업부,245000,2,-3500,-1.41,248500,254000,239000,37665,9210039500,3014488085000,12304033,KSQ
214150,KR7214150005,클래시스,KOSDAQ GLOBAL,우량기업부,45100,1,350,0.78,44700,46150,43700,178869,8041437050,2942128220900,65235659,KSQ
058610,KR7058610007,에스피지,KOSDAQ,우량기업부,129300,1,12700,10.89,119700,134400,117600,815391,105085533250,2867532648000,22177360,KSQ
064760,KR7064760002,티씨케이,KOSDAQ GLOBAL,우량기업부,254500,2,-10500,-3.96,260000,266500,251500,62022,15955757750,2845161372000,11179416,KSQ
263750,KR7263750002,펄어비스,KOSDAQ GLOBAL,우량기업부,43550,2,-100,-0.23,43000,44900,42250,367899,16056800800,2797994085250,64247855,KSQ
084370,KR7084370006,유진테크,KOSDAQ,우량기업부,120200,2,-3800,-3.06,121600,130200,118000,129978,15808059100,2754508248400,22916042,KSQ
005290,KR7005290002,동진쎄미켐,KOSDAQ,우량기업부,53600,2,-1100,-2.01,54600,55900,52600,581937,31598213900,2731998753600,50970126,KSQ
319660,KR7319660007,피에스케이,KOSDAQ GLOBAL,우량기업부,93100,2,-5400,-5.48,95000,96500,92800,293960,27728189450,2696801073400,28966714,KSQ
032820,KR7032820003,우리기술,KOSDAQ,벤처기업부,15700,1,490,3.22,15220,16470,14770,5135408,80697619060,2694201420200,171605186,KSQ
067310,KR7067310003,하나마이크론,KOSDAQ,중견기업부,40400,2,-50,-0.12,40600,43200,40150,824757,34116718400,2685154730400,66464226,KSQ
237690,KR7237690003,에스티팜,KOSDAQ GLOBAL,우량기업부,127600,2,-6500,-4.85,132000,133700,127000,86751,11220962250,2661919488800,20861438,KSQ
043260,KR7043260009,성호전자,KOSDAQ,우량기업부,34900,1,1500,4.49,33400,38400,31400,3890274,136267907625,2475206522700,70922823,KSQ
257720,KR7257720003,실리콘투,KOSDAQ,우량기업부,36550,1,400,1.11,35900,37500,35500,330339,12081363750,2396812010600,65576252,KSQ
100790,KR7100790005,미래에셋벤처투자,KOSDAQ,우량기업부,45100,2,-3900,-7.96,48000,49350,45050,1739279,81006912825,2395920993400,53124634,KSQ
098460,KR7098460009,고영,KOSDAQ,우량기업부,34150,2,-150,-0.44,34350,35500,33950,1101766,38213590400,2344559883250,68654755,KSQ
218410,KR7218410009,RFHIC,KOSDAQ,우량기업부,87750,2,-2350,-2.61,86900,90500,82700,385168,33621386850,2330064535500,26553442,KSQ
082920,KR7082920000,비츠로셀,KOSDAQ,우량기업부,50800,2,-1800,-3.42,51000,53100,50700,280139,14490094600,2303245431600,45339477,KSQ
031980,KR7031980006,피에스케이홀딩스,KOSDAQ,우량기업부,104000,2,-2600,-2.44,107000,107800,102100,81928,8619184350,2242489080000,21562395,KSQ
083650,KR7083650002,비에이치아이,KOSDAQ,우량기업부,71700,2,-1200,-1.65,73100,74800,70600,291596,21086235500,2218711687500,30944375,KSQ
078600,KR7078600004,대주전자재료,KOSDAQ,우량기업부,140100,2,-13000,-8.49,148500,149900,138100,323532,46210874450,2182403266800,15577468,KSQ
0009K0,KR70009K0001,에임드바이오,KOSDAQ,기술성장기업부,33600,2,-800,-2.33,33300,34950,32900,106810,3587410750,2172951009600,64671161,KSQ
095610,KR7095610002,테스,KOSDAQ,우량기업부,110200,2,-8900,-7.47,114400,117500,109100,242990,27268360250,2133472000000,19360000,KSQ
030530,KR7030530000,원익홀딩스,KOSDAQ,중견기업부,27450,1,300,1.1,27600,29250,27250,866269,24329193125,2120182578450,77237981,KSQ
068760,KR7068760008,셀트리온제약,KOSDAQ,우량기업부,46950,2,-750,-1.57,47450,48300,46450,82039,3862330350,2084689487400,44402332,KSQ
131290,KR7131290009,티에스이,KOSDAQ,우량기업부,186000,2,-13900,-6.95,192000,195000,185000,75637,14136182750,2057425794000,11061429,KSQ
035900,KR7035900000,JYP Ent.,KOSDAQ GLOBAL,우량기업부,57000,2,-700,-1.21,56800,57300,55700,125658,7114129850,2025352044000,35532492,KSQ
290650,KR7290650001,엘앤씨바이오,KOSDAQ,우량기업부,74400,2,-1400,-1.85,74000,76800,70100,227826,16912688100,2006545977600,26969704,KSQ
140860,KR7140860008,파크시스템스,KOSDAQ GLOBAL,우량기업부,279500,1,4000,1.45,276000,286000,269500,26371,7363698500,1957190085500,7002469,KSQ
140410,KR7140410002,메지온,KOSDAQ,투자주의환기종목(소속부없음),61100,2,-4400,-6.72,65200,65300,60900,194375,12097664100,1856961403700,30392167,KSQ
041510,KR7041510009,에스엠,KOSDAQ GLOBAL,우량기업부,79900,1,200,0.25,79700,80900,77000,60170,4785469750,1829285731000,22894690,KSQ
060370,KR7060370004,LS마린솔루션,KOSDAQ,우량기업부,34900,1,2100,6.4,33000,35250,32200,240369,8214149800,1823136004600,52238854,KSQ
089030,KR7089030001,테크윙,KOSDAQ,중견기업부,48650,2,-1200,-2.41,49850,51900,48500,633953,31531941650,1802659829250,37053645,KSQ
007390,KR7007390008,네이처셀,KOSDAQ,중견기업부,27400,2,-3000,-9.87,29500,29500,26975,1484077,41233937250,1765520534400,64435056,KSQ
420770,KR7420770000,기가비스,KOSDAQ,우량기업부,139100,2,-2300,-1.63,143900,158000,135000,148448,21309655100,1763197937800,12675758,KSQ
347700,KR7347700007,스피어,KOSDAQ,기술성장기업부,34550,2,-4400,-11.3,37850,37900,34450,1198374,42471993700,1755634237750,50814305,KSQ
323280,KR7323280008,태성,KOSDAQ,중견기업부,56200,2,-1100,-1.92,55700,60900,54700,330826,19018025700,1716234476000,30537980,KSQ
437730,KR7437730005,삼현,KOSDAQ,기술성장기업부,53300,1,2200,4.31,51300,54300,50500,244440,12861532000,1690013321100,31707567,KSQ
476830,KR7476830005,알지노믹스,KOSDAQ,기술성장기업부,115600,2,-10500,-8.33,122400,124400,114000,187488,22072771350,1610752135200,13933842,KSQ
096530,KR7096530001,씨젠,KOSDAQ,우량기업부,29950,2,-450,-1.48,30000,30150,29200,200623,5970138925,1564168520300,52225994,KSQ
039200,KR7039200001,오스코텍,KOSDAQ,벤처기업부,40700,2,-1350,-3.21,41300,41800,39750,140759,5709590450,1557107763200,38258176,KSQ
445680,KR7445680002,큐리옥스바이오시스템즈,KOSDAQ,기술성장기업부,85500,2,-4900,-5.42,90000,90300,84500,122538,10681052300,1470878302500,17203255,KSQ
031330,KR7031330004,에스에이엠티,KOSDAQ,우량기업부,14500,2,-1150,-7.35,15600,15600,14320,1116612,16454317705,1449928471500,99995067,KSQ
101490,KR7101490001,에스앤에스텍,KOSDAQ,우량기업부,67700,1,1900,2.89,65200,67900,61900,175765,11489783700,1444371308300,21334879,KSQ
099320,KR7099320004,쎄트렉아이,KOSDAQ,우량기업부,130700,2,-3000,-2.24,130000,136100,121200,116309,15107731350,1431332034600,10951278,KSQ
127120,KR7127120004,제이에스링크,KOSDAQ,벤처기업부,41000,2,-450,-1.09,41000,43100,39750,108538,4506829625,1419462886000,34621046,KSQ
027360,KR7027360007,아주IB투자,KOSDAQ,중견기업부,11710,2,-380,-3.14,12090,12500,11520,5151523,61844248575,1418612704260,121145406,KSQ
397030,KR7397030008,에이프릴바이오,KOSDAQ,기술성장기업부,60200,2,-3600,-5.64,61900,62900,59000,166625,10095557850,1409512325200,23413826,KSQ
417200,KR7417200003,LS머트리얼즈,KOSDAQ,중견기업부,20700,2,-650,-3.04,21050,21850,20650,999496,21081861225,1400410041300,67652659,KSQ
032500,KR7032500001,케이엠더블유,KOSDAQ,중견기업부,33100,2,-250,-0.75,33000,34600,31400,450383,14980091375,1396545303100,42191701,KSQ
090710,KR7090710005,휴림로봇,KOSDAQ,중견기업부,11570,1,1130,10.82,10700,11840,10700,11815625,135746062255,1382119769290,119457197,KSQ
490470,KR7490470002,세미파이브,KOSDAQ,기술성장기업부,39450,1,950,2.47,38650,41650,36900,954164,38012217000,1341295660500,33999890,KSQ
089970,KR7089970008,브이엠,KOSDAQ,우량기업부,54100,2,-4800,-8.15,59000,60000,53500,260353,14733047600,1340164929500,24771995,KSQ
189300,KR7189300007,인텔리안테크,KOSDAQ,우량기업부,123600,2,-9500,-7.14,127000,128500,115000,223447,27585974450,1327154629200,10737497,KSQ
475830,KR7475830006,오름테라퓨틱,KOSDAQ,기술성장기업부,61600,2,-6200,-9.14,64600,66600,61000,152061,9593006200,1325220820000,21513325,KSQ
232140,KR7232140004,와이씨,KOSDAQ,우량기업부,16150,2,-20,-0.12,16300,16850,15400,1193725,19137178750,1325032402500,82045350,KSQ
036540,KR7036540003,SFA반도체,KOSDAQ,중견기업부,7920,2,-400,-4.81,8200,8390,7900,3846390,31134924075,1302525599760,164460303,KSQ
038500,KR7038500005,삼표시멘트,KOSDAQ,우량기업부,11840,2,-520,-4.21,12350,12350,11120,1461131,17106109880,1277729063040,107916306,KSQ
003380,KR7003380003,하림지주,KOSDAQ GLOBAL,우량기업부,11120,2,-160,-1.42,11100,11270,10710,498743,5489651735,1245502505520,112005621,KSQ
491000,KR7491000006,리브스메드,KOSDAQ,기술성장기업부,49750,2,-2150,-4.14,51700,52400,48550,289957,14489529475,1243968452250,25004391,KSQ
085660,KR7085660009,차바이오텍,KOSDAQ,중견기업부,13300,2,-170,-1.26,13710,13790,13120,255722,3406579090,1236497648400,92969748,KSQ
195940,KR7195940002,HK이노엔,KOSDAQ GLOBAL,우량기업부,43200,2,-1800,-4.0,44150,44650,42800,123832,5388617750,1223851291200,28329891,KSQ
439960,KR7439960006,코스모로보틱스,KOSDAQ,기술성장기업부,37750,1,650,1.75,36850,40850,33800,5524431,208924790325,1212111201500,32108906,KSQ
065350,KR7065350001,신성델타테크,KOSDAQ,우량기업부,44050,2,-350,-0.79,43000,44650,42050,110055,4782255925,1210667909400,27483948,KSQ
281740,KR7281740001,레이크머티리얼즈,KOSDAQ,우량기업부,18370,2,-20,-0.11,18300,18750,17600,568822,10413771295,1207470166760,65730548,KSQ
328130,KR7328130000,루닛,KOSDAQ,기술성장기업부,16110,2,-650,-3.88,16670,16670,15700,568540,9070905080,1198304265960,74382636,KSQ
166090,KR7166090001,하나머티리얼즈,KOSDAQ GLOBAL,우량기업부,60300,2,-3700,-5.78,62900,63500,60100,251554,15424167650,1192593742200,19777674,KSQ
090360,KR7090360009,로보스타,KOSDAQ,중견기업부,122200,4,28200,30.0,122200,122200,115100,738929,89559601350,1191450000000,9750000,KSQ
295310,KR7295310007,에이치브이엠,KOSDAQ,기술성장기업부,99000,2,-10800,-9.84,104300,109800,98500,228497,23141479600,1190701809000,12027291,KSQ
458870,KR7458870003,씨어스,KOSDAQ,기술성장기업부,31100,2,-650,-2.05,32200,32400,30100,131243,4089754250,1183657914000,38059740,KSQ
466100,KR7466100005,클로봇,KOSDAQ,기술성장기업부,46000,1,2000,4.55,44800,47050,44250,504515,23119520025,1171124994000,25459239,KSQ
204270,KR7204270003,제이앤티씨,KOSDAQ,중견기업부,19890,2,-1260,-5.96,20850,22100,19800,331856,6844016445,1150605988740,57848466,KSQ
388720,KR7388720005,유일로보틱스,KOSDAQ,벤처기업부,96500,1,11700,13.8,88800,98600,88100,171211,16053463300,1136899792500,11781345,KSQ
388210,KR7388210007,씨엠티엑스,KOSDAQ,벤처기업부,116400,1,10200,9.6,107500,121200,107200,112222,13074366300,1123776583200,9654438,KSQ
048410,KR7048410005,현대바이오,KOSDAQ,중견기업부,11210,2,-360,-3.11,11560,11760,10970,1599574,18066521485,1081827462120,96505572,KSQ
161580,KR7161580006,필옵틱스,KOSDAQ,중견기업부,45750,1,2500,5.78,44400,52700,43900,942913,45854642775,1072482800250,23442247,KSQ
137400,KR7137400008,피엔티,KOSDAQ GLOBAL,우량기업부,45200,2,-1250,-2.69,45200,46750,44700,124885,5694552800,1070820905600,23690728,KSQ
356860,KR7356860007,티엘비,KOSDAQ,우량기업부,107600,2,-5200,-4.61,114800,125000,106400,162274,18086980750,1057990988000,9832630,KSQ
115180,KR7115180002,큐리언트,KOSDAQ,벤처기업부,28300,1,650,2.35,28050,30250,25950,86410,2498477475,1055731132100,37304987,KSQ
124500,KR7124500000,아이티센글로벌,KOSDAQ,우량기업부,44000,1,150,0.34,42250,45700,41000,160931,7002679450,1020999188000,23204527,KSQ
036830,KR7036830008,솔브레인홀딩스,KOSDAQ GLOBAL,우량기업부,48700,2,-1000,-2.01,48500,50000,47600,69725,3384129425,998543874700,20503981,KSQ
160190,KR7160190005,하이젠알앤엠,KOSDAQ,투자주의환기종목(소속부없음),32150,1,2450,8.25,32000,35850,31400,520660,17248912050,993049200000,30888000,KSQ
183300,KR7183300003,코미코,KOSDAQ GLOBAL,우량기업부,92200,1,2200,2.44,87000,93700,84700,161828,14554836000,964475064800,10460684,KSQ
033100,KR7033100009,제룡전기,KOSDAQ,우량기업부,59700,1,700,1.19,57600,61600,57300,215907,12970687100,958925817300,16062409,KSQ
083450,KR7083450007,GST,KOSDAQ,우량기업부,51800,2,-2000,-3.72,51700,54400,50200,261878,13677605750,954674000000,18430000,KSQ
056190,KR7056190002,에스에프에이,KOSDAQ GLOBAL,우량기업부,26550,2,-150,-0.56,26950,26950,25750,90432,2394749575,953377578000,35908760,KSQ
126340,KR7126340009,비나텍,KOSDAQ,벤처기업부,132600,2,-16400,-11.01,142000,144100,131100,193734,26331738250,947231812800,7143528,KSQ
050890,KR7050890003,쏠리드,KOSDAQ,우량기업부,15260,2,-740,-4.63,16010,16100,14760,1553747,23706619235,927144708840,60756534,KSQ
222080,KR7222080004,씨아이에스,KOSDAQ GLOBAL,우량기업부,11770,2,-290,-2.4,12000,12150,11450,904377,10652048820,915472294880,77780144,KSQ
213420,KR7213420003,덕산네오룩스,KOSDAQ GLOBAL,우량기업부,36800,2,-2050,-5.28,38750,40200,36600,195842,7370262925,913787387200,24831179,KSQ
456160,KR7456160001,지투지바이오,KOSDAQ,기술성장기업부,54500,2,-3700,-6.36,58200,59300,54400,213579,12019515500,901722065500,16545359,KSQ
052020,KR7052020005,에스티큐브,KOSDAQ,투자주의환기종목(소속부없음),13190,2,-1400,-9.6,14590,15160,13140,468802,6482222425,896699608290,67983291,KSQ
376900,KR7376900007,로킷헬스케어,KOSDAQ,기술성장기업부,55900,1,1100,2.01,54300,58700,51500,141328,7907366850,887344805100,15873789,KSQ
035760,KR7035760008,CJ ENM,KOSDAQ GLOBAL,중견기업부,39450,2,-100,-0.25,39400,39750,38600,60928,2378751025,865105125300,21929154,KSQ
086450,KR7086450004,동국제약,KOSDAQ GLOBAL,우량기업부,19120,2,-550,-2.8,19500,19710,18960,270457,5210448100,864805630400,45230420,KSQ
486990,KR7486990005,노타,KOSDAQ,기술성장기업부,39900,1,1400,3.64,39900,42000,37400,1462789,58490923925,851714577000,21346230,KSQ
293490,KR7293490009,카카오게임즈,KOSDAQ GLOBAL,중견기업부,9470,2,-30,-0.32,9500,9550,9130,180538,1682782740,850282047170,89786911,KSQ
358570,KR7358570000,지아이이노베이션,KOSDAQ,기술성장기업부,13170,2,-1310,-9.05,14710,15180,13100,1041517,14339431985,846446054070,64270771,KSQ
074600,KR7074600008,원익QnC,KOSDAQ GLOBAL,우량기업부,31650,2,-1250,-3.8,32550,33400,31600,241211,7770108950,832015200000,26288000,KSQ
122870,KR7122870009,와이지엔터테인먼트,KOSDAQ,우량기업부,44300,2,-300,-0.67,44500,45100,43300,85871,3802736300,828013470700,18691049,KSQ
033790,KR7033790007,피노,KOSDAQ,중견기업부,9990,2,-510,-4.86,10480,10610,9960,1276149,13079934950,822494562120,82331788,KSQ
033640,KR7033640004,네패스,KOSDAQ,중견기업부,35550,1,1600,4.71,37050,37950,35050,317512,11518348825,819754631100,23059202,KSQ
094170,KR7094170008,동운아나텍,KOSDAQ,우량기업부,38700,2,-550,-1.4,38800,40900,38100,111984,4347625550,809214523200,20909936,KSQ
121600,KR7121600001,나노신소재,KOSDAQ,우량기업부,65900,2,-900,-1.35,67100,67800,65000,55077,3645699850,807518236900,12253691,KSQ
056080,KR7056080005,유진로봇,KOSDAQ,중견기업부,21500,1,950,4.62,21850,22550,21000,728964,15840785825,806511268000,37512152,KSQ
014620,KR7014620009,성광벤드,KOSDAQ,우량기업부,30200,2,-600,-1.95,30550,31900,29500,161244,4896526125,802032392800,26557364,KSQ
046890,KR7046890000,서울반도체,KOSDAQ GLOBAL,중견기업부,13710,1,820,6.36,13860,14200,13210,894811,12210953565,799367034000,58305400,KSQ
052400,KR7052400009,코나아이,KOSDAQ,우량기업부,54800,2,-600,-1.08,55100,56000,53100,48362,2641249150,798068346800,14563291,KSQ
023160,KR7023160005,태광,KOSDAQ,우량기업부,30600,2,-900,-2.86,30700,32450,29750,200914,6224565850,791537605200,25867242,KSQ
476060,KR7476060009,온코닉테라퓨틱스,KOSDAQ,기술성장기업부,17300,2,-1750,-9.19,18700,18750,17300,472821,8461841175,785555632000,45407840,KSQ
241710,KR7241710003,코스메카코리아,KOSDAQ,우량기업부,72300,1,900,1.26,71600,75700,70800,52949,3868872100,772164000000,10680000,KSQ
253450,KR7253450001,스튜디오드래곤,KOSDAQ GLOBAL,우량기업부,25650,2,-800,-3.02,26150,26550,25200,83892,2156346350,771000473700,30058498,KSQ
032190,KR7032190001,다우데이타,KOSDAQ,우량기업부,20050,2,-50,-0.25,20200,21100,19810,67758,1380457645,767915000000,38300000,KSQ
171090,KR7171090004,선익시스템,KOSDAQ,우량기업부,75000,2,-4700,-5.9,80300,80500,74700,106771,8174166500,757696950000,10102626,KSQ
365340,KR7365340009,성일하이텍,KOSDAQ,기술성장기업부,58400,2,-2600,-4.26,60500,60500,57600,65576,3840900900,754593116000,12921115,KSQ
060250,KR7060250008,NHN KCP,KOSDAQ,우량기업부,18680,1,750,4.18,17950,19470,17425,502929,9369231435,750200213480,40160611,KSQ
252990,KR7252990007,샘씨엔에스,KOSDAQ,우량기업부,12370,2,-580,-4.48,12580,13130,12330,631683,7984916930,744895286930,60217889,KSQ
348370,KR7348370008,엔켐,KOSDAQ,중견기업부,33750,2,-1350,-3.85,34200,35050,33200,103939,3527598425,739496013750,21910993,KSQ
037460,KR7037460003,삼지전자,KOSDAQ,우량기업부,44650,2,-650,-1.43,45000,45950,42500,125466,5558362300,728622007300,16318522,KSQ
348210,KR7348210006,넥스틴,KOSDAQ GLOBAL,우량기업부,68400,1,1000,1.48,67400,70100,65800,50976,3494044850,716627142000,10477005,KSQ
053610,KR7053610002,프로텍,KOSDAQ,우량기업부,79400,1,1100,1.4,76700,79900,73500,45900,3539696700,714600000000,9000000,KSQ
336570,KR7336570007,원텍,KOSDAQ,우량기업부,7800,2,-220,-2.74,8180,8240,7750,1070632,8517554490,698729038800,89580646,KSQ
044490,KR7044490001,태웅,KOSDAQ,우량기업부,34800,2,-1850,-5.05,35650,37000,34250,166316,5840614225,696256858800,20007381,KSQ
009520,KR7009520008,포스코엠텍,KOSDAQ GLOBAL,중견기업부,16520,2,-110,-0.66,16300,16930,16010,169350,2793383225,687937453560,41642703,KSQ
174900,KR7174900001,앱클론,KOSDAQ,벤처기업부,34400,2,-3150,-8.39,37200,37200,34225,254055,8952021150,686353237600,19952129,KSQ
086900,KR7086900008,메디톡스,KOSDAQ,우량기업부,93900,2,-2500,-2.59,95200,95900,92600,29006,2729804800,685328868300,7298497,KSQ
225570,KR7225570001,넥슨게임즈,KOSDAQ,중견기업부,10380,2,-160,-1.52,10480,10480,10200,121856,1255643120,683628606120,65860174,KSQ
053800,KR7053800009,안랩,KOSDAQ,우량기업부,61400,1,400,0.66,61000,61700,60200,30442,1857038700,683167468400,11126506,KSQ
477850,KR7477850002,마키나락스,KOSDAQ,기술성장기업부,38700,1,800,2.11,39050,41500,36200,1443704,56702655050,678861468000,17541640,KSQ
006730,KR7006730006,서부T&D,KOSDAQ,우량기업부,10380,2,-290,-2.72,10650,10760,10340,329503,3454198865,673941460740,64926923,KSQ
399720,KR7399720002,가온칩스,KOSDAQ,벤처기업부,56800,2,-1700,-2.91,59300,60400,56600,70819,4131778950,672446339200,11838844,KSQ
036810,KR7036810000,에프에스티,KOSDAQ,중견기업부,30950,1,450,1.48,29900,31750,28700,127641,3908539100,670060969550,21649789,KSQ
383310,KR7383310000,에코프로에이치엔,KOSDAQ,우량기업부,31250,2,-650,-2.04,31700,32400,30250,228325,7096773225,655466625000,20974932,KSQ
112040,KR7112040001,위메이드,KOSDAQ,중견기업부,19200,2,-340,-1.74,19110,19290,18520,129923,2460449750,651810873600,33948483,KSQ
059090,KR7059090001,미코,KOSDAQ,벤처기업부,19400,2,-1100,-5.37,19860,20300,19200,326742,6390167435,648285493200,33416778,KSQ
348340,KR7348340001,뉴로메카,KOSDAQ,기술성장기업부,52200,2,-1100,-2.06,54700,56000,50600,423839,22893270350,645304282200,12362151,KSQ
389470,KR7389470006,인벤티지랩,KOSDAQ,기술성장기업부,48400,2,-2500,-4.91,49950,50600,47350,49114,2404242975,644093067200,13307708,KSQ
448900,KR7448900001,한국피아이엠,KOSDAQ,기술성장기업부,105100,1,3000,2.94,106100,110000,102300,139969,14789432100,638425430700,6074457,KSQ
082270,KR7082270000,젬백스,KOSDAQ,벤처기업부,14310,2,-710,-4.73,14680,15110,14230,190656,2761123600,633492294930,44269203,KSQ
102940,KR7102940004,코오롱생명과학,KOSDAQ,중견기업부,47800,2,-1850,-3.73,49300,49650,46700,27267,1300604325,625730823400,13090603,KSQ
102710,KR7102710001,이엔에프테크놀로지,KOSDAQ,우량기업부,43400,2,-550,-1.25,44000,44900,42550,50571,2212563975,620092082400,14287836,KSQ
356680,KR7356680009,엑스게이트,KOSDAQ,벤처기업부,21550,2,-3450,-13.8,23300,23450,21400,977131,21440356925,615112252600,28543492,KSQ
253590,KR7253590004,네오셈,KOSDAQ,우량기업부,13980,2,-140,-0.99,14120,14480,13420,600853,8423932610,613290912720,43869164,KSQ
327260,KR7327260006,RF머트리얼즈,KOSDAQ,벤처기업부,72100,2,-6500,-8.27,78000,78000,71300,248516,18351935400,612499233500,8495135,KSQ
089890,KR7089890008,코세스,KOSDAQ,우량기업부,36900,2,-2250,-5.75,40200,40500,36050,114763,4337775575,611985097800,16584962,KSQ
033500,KR7033500000,동성화인텍,KOSDAQ,우량기업부,20200,2,-300,-1.46,20400,21050,19700,130304,2656764125,605787778800,29989494,KSQ
278280,KR7278280003,천보,KOSDAQ,중견기업부,49050,2,-200,-0.41,48550,50700,47600,45984,2256469400,597462354000,12180680,KSQ
089010,KR7089010003,켐트로닉스,KOSDAQ,우량기업부,35400,2,-300,-0.84,35000,38800,34550,454942,16697209850,593658955800,16770027,KSQ
376300,KR7376300000,디어유,KOSDAQ,우량기업부,24800,1,150,0.61,24250,25350,24000,52301,1291330800,588712468800,23738406,KSQ
272290,KR7272290008,이녹스첨단소재,KOSDAQ GLOBAL,우량기업부,29350,2,-950,-3.14,29650,30550,28950,233091,6868475875,585165889150,19937509,KSQ
041830,KR7041830001,인바디,KOSDAQ,우량기업부,43200,2,-2650,-5.78,44900,45000,42550,43383,1896884850,582374102400,13480882,KSQ
332570,KR7332570001,PS일렉트로닉스,KOSDAQ,우량기업부,12440,1,680,5.78,11800,13200,11800,4128707,51938516680,581091843720,46711563,KSQ
067160,KR7067160002,SOOP,KOSDAQ GLOBAL,우량기업부,50300,2,-100,-0.2,50500,50600,49350,43280,2157702750,578186780100,11494767,KSQ
015750,KR7015750003,성우하이텍,KOSDAQ,우량기업부,7170,2,-220,-2.98,7290,7320,7090,557254,3990166485,573600000000,80000000,KSQ
077360,KR7077360006,덕산하이메탈,KOSDAQ,벤처기업부,12610,2,-380,-2.93,13150,13460,12130,1205855,15560366315,572960595220,45437002,KSQ
368770,KR7368770004,파이버프로,KOSDAQ,벤처기업부,17110,2,-200,-1.16,17310,17640,16530,214875,3644084395,562135789750,32854225,KSQ
475960,KR7475960001,토모큐브,KOSDAQ,기술성장기업부,41900,2,-3650,-8.01,44100,44750,41300,92765,3958267225,560759180600,13383274,KSQ
425420,KR7425420007,티에프이,KOSDAQ,우량기업부,45050,2,-1450,-3.12,46200,47000,43700,93584,4255715475,556240504050,12347181,KSQ
093320,KR7093320000,케이아이엔엑스,KOSDAQ,우량기업부,113500,2,-1300,-1.13,118000,118500,111800,5942,678055000,553880000000,4880000,KSQ
214430,KR7214430001,아이쓰리시스템,KOSDAQ,우량기업부,75700,2,-5100,-6.31,80000,80800,74800,43930,3379963500,553156175500,7307215,KSQ
033160,KR7033160003,엠케이전자,KOSDAQ,중견기업부,22850,1,1350,6.28,22300,24700,20100,1117728,24780037325,552843548100,24194466,KSQ
019210,KR7019210004,와이지-원,KOSDAQ,우량기업부,14730,2,-1200,-7.53,15950,16170,14400,606804,9088006765,547863613440,37193728,KSQ
460930,KR7460930001,현대힘스,KOSDAQ,우량기업부,15350,2,-410,-2.6,15390,15870,15060,140819,2167872420,545088799850,35510671,KSQ
393890,KR7393890009,더블유씨피,KOSDAQ GLOBAL,기술성장기업부,15970,2,-10,-0.06,15980,16620,15200,404710,6428720370,540475009680,33843144,KSQ
122640,KR7122640006,예스티,KOSDAQ,벤처기업부,25050,2,-1550,-5.83,26150,26500,24100,203434,5105786700,536533650450,21418509,KSQ
092190,KR7092190008,서울바이오시스,KOSDAQ,투자주의환기종목(소속부없음),11670,1,150,1.3,11780,12650,11100,573894,6854831805,535284029610,45868383,KSQ
200710,KR7200710002,에이디테크놀로지,KOSDAQ,중견기업부,39600,3,0,0.0,38650,42400,38350,189044,7656957425,533095477200,13462007,KSQ
042000,KR7042000000,카페24,KOSDAQ,우량기업부,21800,1,1050,5.06,20450,21850,20100,87754,1851457725,527084084200,24178169,KSQ
045100,KR7045100005,한양이엔지,KOSDAQ,우량기업부,30000,2,-600,-1.96,30450,30900,29850,71989,2171009225,525000000000,17500000,KSQ
104830,KR7104830005,원익머트리얼즈,KOSDAQ,우량기업부,41400,2,-1300,-3.04,42600,42600,40500,49478,2054518775,521971200000,12608000,KSQ
064290,KR7064290000,인텍플러스,KOSDAQ,중견기업부,40550,2,-1550,-3.68,41750,42000,38050,320299,12749291100,521633659100,12863962,KSQ
041960,KR7041960006,코미팜,KOSDAQ,벤처기업부,7050,2,-430,-5.75,7480,7480,7020,319846,2279576260,520899789750,73886495,KSQ
125490,KR7125490003,한라캐스트,KOSDAQ,벤처기업부,14190,2,-470,-3.21,14610,15620,14080,1113896,16339414990,517968374880,36502352,KSQ
389500,KR7389500000,에스비비테크,KOSDAQ,기술성장기업부,76900,1,100,0.13,78200,81900,73500,264747,20605923200,512420996800,6663472,KSQ
041190,KR7041190000,우리기술투자,KOSDAQ,우량기업부,6090,2,-20,-0.33,6120,6310,5970,969913,5918603660,511560000000,84000000,KSQ
035890,KR7035890003,서희건설,KOSDAQ,중견기업부,2170,2,-110,-4.82,2250,2255,2050,1637719,3497839042,498684351690,229808457,KSQ
030520,KR7030520001,한글과컴퓨터,KOSDAQ GLOBAL,우량기업부,20600,1,200,0.98,20650,20850,19990,171066,3480882120,498102726400,24179744,KSQ
230360,KR7230360000,에코마케팅,KOSDAQ,우량기업부,16010,1,10,0.06,16000,16080,16000,16503,264081580,496290115580,30998758,KSQ
0011T0,KR70011T0008,채비,KOSDAQ,기술성장기업부,10560,2,-300,-2.76,10830,11440,10200,492531,5230347760,495787680960,46949591,KSQ
290550,KR7290550003,디케이티,KOSDAQ,우량기업부,24550,2,-300,-1.21,24850,27600,24000,392002,10114146175,491030196500,20001230,KSQ
099190,KR7099190001,아이센스,KOSDAQ,중견기업부,17040,2,-830,-4.64,17940,18220,16990,64581,1119318990,490024545360,28757309,KSQ
060280,KR7060280005,큐렉소,KOSDAQ,중견기업부,11830,1,300,2.6,11540,12080,11420,327215,3848401600,488103315700,41259790,KSQ
025980,KR7025980004,아난티,KOSDAQ,우량기업부,4945,2,-55,-1.1,5010,5020,4780,697824,3413712983,481153395550,97300990,KSQ
452280,KR7452280001,한선엔지니어링,KOSDAQ,우량기업부,24800,2,-3150,-11.27,27400,27700,24200,233115,5905165925,477342216000,19247670,KSQ
330860,KR7330860008,네패스아크,KOSDAQ,중견기업부,39150,2,-2050,-4.98,43300,43350,35750,166800,6678001975,477005361750,12184045,KSQ
024850,KR7024850000,HLB이노베이션,KOSDAQ,중견기업부,14900,2,-800,-5.1,15860,16010,14740,217351,3282789410,473127805600,31753544,KSQ
372320,KR7372320002,큐로셀,KOSDAQ,기술성장기업부,30650,2,-900,-2.85,30900,32050,29850,76783,2365719700,466674386700,15225918,KSQ
018290,KR7018290007,브이티,KOSDAQ,우량기업부,13310,3,0,0.0,13070,13560,12920,131557,1738482585,465075863780,34941838,KSQ
455900,KR7455900001,엔젤로보틱스,KOSDAQ,기술성장기업부,30300,1,4400,16.99,28400,31700,28200,575317,17416323300,463645479300,15301831,KSQ
085910,KR7085910008,네오티스,KOSDAQ,중견기업부,33150,1,1550,4.91,32500,36300,32500,314875,10809281275,461939216700,13934818,KSQ
006910,KR7006910004,보성파워텍,KOSDAQ,우량기업부,9340,2,-140,-1.48,9480,9990,9100,1407163,13419387060,458872556160,49129824,KSQ
078160,KR7078160009,메디포스트,KOSDAQ,벤처기업부,11670,2,-650,-5.28,11990,12550,11570,191760,2264298065,457517717010,39204603,KSQ
034950,KR7034950006,한국기업평가,KOSDAQ,우량기업부,100500,2,-700,-0.69,103800,103800,100400,3403,343753400,456321657000,4540514,KSQ
340570,KR7340570001,티앤엘,KOSDAQ,우량기업부,55800,2,-300,-0.53,55600,58500,55000,40265,2257811900,453542400000,8128000,KSQ
211050,KR7211050000,인카금융서비스,KOSDAQ,우량기업부,9200,2,-360,-3.77,9450,9590,9010,171217,1572551250,453225644400,49263657,KSQ
064260,KR7064260003,다날,KOSDAQ,중견기업부,5990,2,-170,-2.76,6160,6300,5940,874725,5319658555,453116287430,75645457,KSQ
493280,KR7493280002,아이엠바이오로직스,KOSDAQ,기술성장기업부,30400,2,-1950,-6.03,32250,32250,29800,56755,1736408450,450754449600,14827449,KSQ
078350,KR7078350006,한양디지텍,KOSDAQ,우량기업부,29400,2,-2150,-6.81,31550,32950,28900,223254,6830125500,448184830800,15244382,KSQ
107640,KR7107640005,한중엔시에스,KOSDAQ,기술성장기업부,49150,2,-3650,-6.91,52300,52300,49000,105707,5257828325,445542095900,9064946,KSQ
025900,KR7025900002,동화기업,KOSDAQ GLOBAL,중견기업부,8760,2,-180,-2.01,8700,8990,8550,80851,707145440,442881816600,50557285,KSQ
025320,KR7025320003,시노펙스,KOSDAQ,우량기업부,4800,2,-180,-3.61,4890,4975,4780,403043,1947335613,442379774400,92162453,KSQ
251970,KR7251970000,펌텍코리아,KOSDAQ,우량기업부,35250,2,-1000,-2.76,35700,37300,35150,28719,1028036750,437100000000,12400000,KSQ
101930,KR7101930006,인화정공,KOSDAQ,우량기업부,9420,2,-660,-6.55,9970,10050,9270,21841,209392980,434868742200,46164410,KSQ
456010,KR7456010008,아이씨티케이,KOSDAQ,기술성장기업부,30700,2,-2950,-8.77,32000,33200,30300,848575,26394285775,430134445800,14010894,KSQ
065680,KR7065680001,우주일렉트로,KOSDAQ,우량기업부,46350,1,800,1.76,44950,46500,40500,47870,2134435275,428295830850,9240471,KSQ
079940,KR7079940003,가비아,KOSDAQ,우량기업부,31900,1,250,0.79,32650,32700,31700,11310,362084400,428119819600,13420684,KSQ
354320,KR7354320004,알멕,KOSDAQ,기술성장기업부,66700,2,-6500,-8.88,72300,72300,66100,160425,10904961650,426305112700,6391381,KSQ
039440,KR7039440003,에스티아이,KOSDAQ,우량기업부,27450,2,-1250,-4.36,28000,28700,27200,86004,2379123325,425668440150,15507047,KSQ
199800,KR7199800004,툴젠,KOSDAQ,기술성장기업부,47300,2,-800,-1.66,47200,48600,45250,66550,3107570875,425587851700,8997629,KSQ
095660,KR7095660007,네오위즈,KOSDAQ,우량기업부,19650,1,320,1.66,19530,19770,19040,57334,1116030130,425156419350,21636459,KSQ
424870,KR7424870004,이뮨온시아,KOSDAQ,기술성장기업부,5700,2,-450,-7.32,6090,6090,5500,216131,1247549695,424319793300,74442069,KSQ
036620,KR7036620003,감성코퍼레이션,KOSDAQ,우량기업부,4680,2,-95,-1.99,4775,4870,4635,281444,1326080019,423557648280,90503771,KSQ
138080,KR7138080007,오이솔루션,KOSDAQ,벤처기업부,34200,2,-550,-1.58,34800,35150,32000,255268,8623657100,423319323600,12377758,KSQ
117730,KR7117730002,티로보틱스,KOSDAQ,벤처기업부,18680,1,390,2.13,18810,19470,18020,296313,5605653315,421384243240,22558043,KSQ
013030,KR7013030002,하이록코리아,KOSDAQ,우량기업부,35700,1,50,0.14,34800,35950,34100,36904,1298877150,420122740800,11768144,KSQ
394280,KR7394280002,오픈엣지테크놀로지,KOSDAQ,기술성장기업부,15920,2,-260,-1.61,16550,16950,15770,151923,2455044430,419436757600,26346530,KSQ
168360,KR7168360006,펨트론,KOSDAQ,벤처기업부,19200,2,-710,-3.57,19400,19750,18950,92353,1776623290,416785286400,21707567,KSQ
215200,KR7215200007,메가스터디교육,KOSDAQ GLOBAL,우량기업부,39750,2,-500,-1.24,40250,40900,39400,30925,1230228825,412017336000,10365216,KSQ
101160,KR7101160000,월덱스,KOSDAQ,우량기업부,24950,2,-700,-2.73,25300,25600,24350,71275,1783344350,411949275350,16510993,KSQ
069540,KR7069540003,빛과전자,KOSDAQ,벤처기업부,4160,2,-660,-13.69,4820,4870,4150,6808181,29390185782,407270402240,97901539,KSQ
230240,KR7230240004,에치에프알,KOSDAQ,중견기업부,30600,2,-1250,-3.92,31550,32400,29000,273271,8339438775,407255400000,13309000,KSQ
468530,KR7468530001,프로티나,KOSDAQ,기술성장기업부,36300,2,-3300,-8.33,39200,39200,36000,88951,3309239500,400578050400,11035208,KSQ
170920,KR7170920003,엘티씨,KOSDAQ,벤처기업부,37550,2,-700,-1.83,38250,38850,36400,141644,5327466800,396682931300,10564126,KSQ
098070,KR7098070006,한텍,KOSDAQ,중견기업부,35550,2,-850,-2.34,35950,36650,34500,59744,2122194375,395356562550,11121141,KSQ
215600,KR7215600008,신라젠,KOSDAQ,중견기업부,2830,2,-100,-3.41,2860,2950,2795,728191,2070818564,392106586120,138553564,KSQ
179900,KR7179900006,유티아이,KOSDAQ,투자주의환기종목(소속부없음),19790,2,-2060,-9.43,21300,21300,19360,146768,2944160215,391652253480,19790412,KSQ
042520,KR7042520007,한스바이오메드,KOSDAQ,벤처기업부,27450,2,-1650,-5.67,28700,28950,26950,183828,5060078350,391474524150,14261367,KSQ
425040,KR7425040003,티이엠씨,KOSDAQ,우량기업부,18300,1,300,1.67,17800,19130,17600,1402692,25851743410,391156680600,21374682,KSQ
254490,KR7254490006,미래반도체,KOSDAQ,우량기업부,27000,1,800,3.05,26100,28300,25950,269707,7383328900,389826000000,14438000,KSQ
144960,KR7144960002,뉴파워프라즈마,KOSDAQ,우량기업부,8910,1,510,6.07,8500,9220,8130,1260456,11159563705,389301279840,43692624,KSQ
287840,KR7287840003,인투셀,KOSDAQ,기술성장기업부,25850,2,-1300,-4.79,26300,26850,25100,82480,2134834150,388317666000,15021960,KSQ
110990,KR7110990009,디아이티,KOSDAQ,우량기업부,20500,2,-800,-3.76,21100,21350,20050,99126,2051036900,387450000000,18900000,KSQ
067630,KR7067630004,HLB생명과학,KOSDAQ,투자주의환기종목(소속부없음),3160,2,-120,-3.66,3450,3450,3145,217541,698116781,385257903280,121917058,KSQ
047920,KR7047920004,HLB제약,KOSDAQ,기술성장기업부,11660,2,-130,-1.1,12180,12180,11450,80637,944455390,382440490960,32799356,KSQ
084110,KR7084110006,휴온스글로벌,KOSDAQ,우량기업부,29600,2,-1450,-4.67,30550,31500,29450,66411,1983784375,374730435200,12659812,KSQ
078130,KR7078130002,국일제지,KOSDAQ,중견기업부,3300,2,-195,-5.58,3495,3495,3175,205483,676906365,372043937100,112740587,KSQ
241770,KR7241770007,메카로,KOSDAQ,우량기업부,36450,1,150,0.41,35750,36750,33600,27276,957388250,371521728000,10192640,KSQ
417840,KR7417840006,저스템,KOSDAQ,벤처기업부,16360,2,-1200,-6.83,17500,17500,16000,1045364,17268649180,370781911160,22663931,KSQ
234340,KR7234340008,헥토파이낸셜,KOSDAQ,우량기업부,26450,1,50,0.19,26850,28000,25900,262343,7068463625,369523851200,13970656,KSQ
080580,KR7080580004,오킨스전자,KOSDAQ,벤처기업부,17500,2,-440,-2.45,17940,18250,17030,297803,5238064835,369091712500,21090955,KSQ
078020,KR7078020005,LS증권,KOSDAQ,우량기업부,6650,2,-210,-3.06,6930,6930,6610,187001,1259721110,368949913500,55481190,KSQ
488900,KR7488900002,비츠로넥스텍,KOSDAQ,기술성장기업부,12720,2,-450,-3.42,12700,13240,12210,67074,857333670,368580354960,28976443,KSQ
114810,KR7114810005,한솔아이원스,KOSDAQ,우량기업부,13030,2,-770,-5.58,13450,13660,12960,217286,2865836910,366705557220,28143174,KSQ
079370,KR7079370003,제우스,KOSDAQ,우량기업부,11760,2,-290,-2.41,12040,12350,11400,285849,3399196945,364759802400,31016990,KSQ
119850,KR7119850006,지엔씨에너지,KOSDAQ,우량기업부,22050,2,-650,-2.86,22200,23300,21600,121510,2698706350,362698443450,16448909,KSQ
092870,KR7092870005,엑시콘,KOSDAQ,우량기업부,27750,2,-1450,-4.97,29200,29400,27200,308057,8636745175,362159616750,13050797,KSQ
265520,KR7265520007,AP시스템,KOSDAQ,우량기업부,23950,2,-950,-3.82,24500,24650,23600,68165,1640589575,360467162950,15050821,KSQ
206650,KR7206650004,유바이오로직스,KOSDAQ,우량기업부,9780,2,-220,-2.2,9740,10020,9650,245535,2398958945,359153942460,36723307,KSQ
058970,KR7058970005,엠로,KOSDAQ,기술성장기업부,28950,1,2400,9.04,27900,30600,26700,340736,9754248650,357902886300,12362794,KSQ
187660,KR7187660006,페니트리움바이오,KOSDAQ,중견기업부,6410,2,-180,-2.73,6590,6740,5940,794088,5118643020,355538681730,55466253,KSQ
441270,KR7441270006,파인엠텍,KOSDAQ,벤처기업부,8470,2,-600,-6.62,9000,9050,8320,406146,3464508415,353463365640,41731212,KSQ
241520,KR7241520006,DSC인베스트먼트,KOSDAQ,중견기업부,13160,2,-940,-6.67,14100,14670,13100,1415717,19421453940,350056000000,26600000,KSQ
200470,KR7200470003,에이팩트,KOSDAQ,중견기업부,8250,2,-350,-4.07,8300,8680,7960,892744,7417359070,349487267250,42362093,KSQ
317330,KR7317330009,덕산테코피아,KOSDAQ,중견기업부,17010,2,-1080,-5.97,17330,17860,16910,227119,3913609315,348306693840,20476584,KSQ
304360,KR7304360001,에스바이오메딕스,KOSDAQ,벤처기업부,28000,2,-2300,-7.59,29750,30100,27800,65894,1878058000,346783584000,12385128,KSQ
274090,KR7274090000,켄코아에어로스페이스,KOSDAQ,기술성장기업부,25200,2,-1550,-5.79,25500,26900,25050,893231,22979544725,345985365600,13729578,KSQ
052710,KR7052710001,아모텍,KOSDAQ,중견기업부,23600,2,-4800,-16.9,28300,28300,23050,906899,21999035200,344856085600,14612546,KSQ
003800,KR7003800000,에이스침대,KOSDAQ,우량기업부,30950,2,-450,-1.43,31100,31850,30800,7809,242270750,343235500000,11090000,KSQ
242040,KR7242040004,나무기술,KOSDAQ,기술성장기업부,9910,1,1130,12.87,9000,11100,9000,8746355,91620671445,342948076240,34606264,KSQ
484590,KR7484590005,삼양컴텍,KOSDAQ,벤처기업부,8250,2,-230,-2.71,8480,8680,8210,89803,753137520,339986212500,41210450,KSQ
092460,KR7092460005,한라IMS,KOSDAQ,우량기업부,19800,2,-750,-3.65,20100,20350,18900,56535,1112299420,338771664000,17109680,KSQ
389650,KR7389650003,넥스트바이오메디컬,KOSDAQ,기술성장기업부,40900,2,-750,-1.8,41950,43850,39800,50024,2038257600,338540997400,8277286,KSQ
091700,KR7091700005,파트론,KOSDAQ GLOBAL,우량기업부,6750,2,-240,-3.43,6990,6990,6700,259396,1768543275,337500000000,50000000,KSQ
049070,KR7049070006,인탑스,KOSDAQ,우량기업부,19590,1,820,4.37,19520,20700,19000,261106,5179060870,336948000000,17200000,KSQ
452430,KR7452430002,사피엔반도체,KOSDAQ,기술성장기업부,40800,2,-1200,-2.86,43300,43500,40350,59832,2467189550,336821176800,8255421,KSQ
376270,KR7376270005,HEM파마,KOSDAQ,기술성장기업부,46600,2,-2900,-5.86,49550,49800,46000,31262,1466342700,335668514200,7203187,KSQ
094360,KR7094360005,칩스앤미디어,KOSDAQ,벤처기업부,15710,1,210,1.35,16250,16250,15520,82405,1305835300,335491354540,21355274,KSQ
378340,KR7378340004,필에너지,KOSDAQ,중견기업부,15430,2,-930,-5.68,16010,16260,15400,72543,1131718690,333679644260,21625382,KSQ
243070,KR7243070000,휴온스,KOSDAQ,우량기업부,27850,2,-1550,-5.27,28700,29350,27800,48057,1366681825,333633670250,11979665,KSQ
089980,KR7089980007,상아프론테크,KOSDAQ,우량기업부,20850,1,400,1.96,20300,21050,19500,74540,1521648430,333371421450,15989037,KSQ
042370,KR7042370007,비츠로테크,KOSDAQ,우량기업부,12630,2,-230,-1.79,12860,13250,12200,301001,3843895565,330906315750,26200025,KSQ
445090,KR7445090004,에이직랜드,KOSDAQ,벤처기업부,30150,1,250,0.84,30400,31350,29250,87123,2656010100,329408588700,10925658,KSQ
101730,KR7101730000,위메이드맥스,KOSDAQ,중견기업부,3925,2,-205,-4.96,4100,4145,3900,104728,417109056,328927897550,83803286,KSQ
482630,KR7482630001,삼양엔씨켐,KOSDAQ,중견기업부,14970,2,-790,-5.01,15800,16040,14950,278641,4318388995,327667551600,21888280,KSQ
064820,KR7064820004,케이프,KOSDAQ,우량기업부,10590,2,-420,-3.81,10910,11000,10490,57816,617819300,326809676850,30860215,KSQ
160980,KR7160980009,싸이맥스,KOSDAQ,우량기업부,29850,2,-2250,-7.01,31050,32100,29800,73103,2241737200,326088653550,10924243,KSQ
298830,KR7298830001,슈어소프트테크,KOSDAQ,우량기업부,6090,2,-10,-0.16,6050,6400,5900,428649,2634876850,325562258910,53458499,KSQ
900290,HK0000307485,GRT,KOSDAQ,외국기업(소속부없음),3970,1,370,10.28,3730,4080,3675,1394631,5444763180,324746000000,81800000,KSQ
219130,KR7219130002,타이거일렉,KOSDAQ,벤처기업부,51400,2,-1800,-3.38,55000,55000,49550,23392,1188078050,324554506000,6314290,KSQ
069080,KR7069080000,웹젠,KOSDAQ GLOBAL,우량기업부,10460,2,-50,-0.48,10520,10600,10100,72004,747482510,323910374500,30966575,KSQ
203650,KR7203650007,드림시큐리티,KOSDAQ,중견기업부,3175,2,-315,-9.03,3380,3390,3100,3625134,11570312580,320983991000,101097320,KSQ
073490,KR7073490005,LIG아큐버,KOSDAQ,우량기업부,41950,2,-250,-0.59,42200,42950,39000,86430,3554256250,318981339700,7603846,KSQ
187870,KR7187870001,디바이스,KOSDAQ,우량기업부,23100,2,-2850,-10.98,25950,26000,23050,386961,9405758250,318088386000,13770060,KSQ
365270,KR7365270008,큐라클,KOSDAQ,기술성장기업부,14410,2,-1340,-8.51,15710,15710,14200,305393,4470214935,318057404720,22071992,KSQ
036200,KR7036200004,유니셈,KOSDAQ,우량기업부,10350,2,-590,-5.39,10550,10700,10140,289435,3018497535,317374708050,30664223,KSQ
099430,KR7099430001,바이오플러스,KOSDAQ,우량기업부,5140,2,-420,-7.55,5540,5540,5130,453042,2370130930,316833311080,61640722,KSQ
046970,KR7046970000,우리로,KOSDAQ,벤처기업부,7140,2,-570,-7.39,7710,7730,6940,1571616,11234290955,312910492860,43824999,KSQ
450950,KR7450950001,아스테라시스,KOSDAQ,벤처기업부,8300,2,-260,-3.04,8490,8700,8300,49125,411435780,312309013600,37627592,KSQ
078340,KR7078340007,컴투스,KOSDAQ GLOBAL,중견기업부,25700,2,-850,-3.2,26250,27100,25550,96593,2503627725,310746744100,12091313,KSQ
018310,KR7018310003,삼목에스폼,KOSDAQ,우량기업부,21050,2,-150,-0.71,21200,21200,21000,20265,426814550,309435000000,14700000,KSQ
228760,KR7228760005,지노믹트리,KOSDAQ,기술성장기업부,12440,2,-820,-6.18,12820,12980,12290,110891,1391381420,309248472880,24859202,KSQ
475400,KR7475400008,씨메스로보틱스,KOSDAQ,기술성장기업부,26300,1,100,0.38,27200,27800,26250,50191,1351995075,309184430600,11756062,KSQ
086390,KR7086390002,유니테스트,KOSDAQ,중견기업부,14620,2,-730,-4.76,15140,15800,14510,184617,2729623010,308980922120,21134126,KSQ
204620,KR7204620009,글로벌텍스프리,KOSDAQ,우량기업부,4395,2,-220,-4.77,4525,4615,4215,679047,2995238906,308895235350,70283330,KSQ
448280,KR7448280008,에코아이,KOSDAQ,중견기업부,10410,2,-550,-5.02,10810,10950,10330,63517,676537070,308460052890,29631129,KSQ
036890,KR7036890002,진성티이씨,KOSDAQ,우량기업부,13940,2,-370,-2.59,13940,14280,13660,143078,2006490900,307134764620,22032623,KSQ
136480,KR7136480001,하림,KOSDAQ,우량기업부,2870,2,-20,-0.69,2890,2900,2830,527938,1511824276,304821844740,106209702,KSQ
307180,KR7307180000,아이엘,KOSDAQ,벤처기업부,8260,2,-210,-2.48,9010,9500,7950,1722010,14994202740,304675683760,36885676,KSQ
200130,KR7200130003,콜마비앤에이치,KOSDAQ GLOBAL,우량기업부,10310,2,-210,-2.0,10360,10520,10100,73361,749678575,303274402980,29415558,KSQ
200670,KR7200670008,휴메딕스,KOSDAQ,우량기업부,26600,2,-850,-3.1,27050,27550,26250,29943,800996625,298716138000,11229930,KSQ
0082N0,KR70082N0008,카나프테라퓨틱스,KOSDAQ,기술성장기업부,22600,2,-2150,-8.69,24250,24250,22500,73198,1688726175,298699228000,13216780,KSQ
078150,KR7078150000,HB테크놀러지,KOSDAQ,우량기업부,3220,3,0,0.0,3235,3630,3050,7390348,24887018711,298545249520,92715916,KSQ
382900,KR7382900009,범한퓨얼셀,KOSDAQ,벤처기업부,33950,1,1300,3.98,32300,34100,32300,95268,3138715250,297435950000,8761000,KSQ
025770,KR7025770009,한국정보통신,KOSDAQ,우량기업부,7940,2,-380,-4.57,8320,8430,7900,83439,669790145,297307511740,37444271,KSQ
314930,KR7314930009,바이오다인,KOSDAQ,기술성장기업부,9960,2,-40,-0.4,10000,10070,9540,50601,495864290,296450465880,29764103,KSQ
061970,KR7061970000,LB세미콘,KOSDAQ,중견기업부,5100,2,-370,-6.76,5470,5540,5080,471972,2456783535,296223330600,58083006,KSQ
459510,KR7459510004,나우로보틱스,KOSDAQ,기술성장기업부,22700,1,700,3.18,22300,23700,22200,105920,2427405125,294609271400,12978382,KSQ
462350,KR7462350000,이노스페이스,KOSDAQ,기술성장기업부,14040,2,-1340,-8.71,15380,15380,13600,655700,9170737605,292996014480,20868662,KSQ
236200,KR7236200002,슈프리마,KOSDAQ,우량기업부,42000,2,-650,-1.52,42850,42850,41450,16026,672780200,292921062000,6974311,KSQ
035810,KR7035810001,이지홀딩스,KOSDAQ,우량기업부,4510,2,-190,-4.04,4700,4700,4465,331982,1505306217,290967994350,64516185,KSQ
053030,KR7053030003,바이넥스,KOSDAQ,중견기업부,8770,2,-120,-1.35,8710,9020,8570,102944,905655605,286640328760,32684188,KSQ
0007C0,KR70007C0003,아크릴,KOSDAQ,기술성장기업부,35600,1,3300,10.22,33500,35850,31750,430536,14648469925,285879534400,8030324,KSQ
220100,KR7220100002,퓨쳐켐,KOSDAQ,기술성장기업부,12730,2,-2370,-15.7,13710,13960,12340,381704,4973230165,285501056600,22427420,KSQ
144510,KR7144510005,지씨셀,KOSDAQ,중견기업부,18000,2,-1480,-7.6,19480,19480,17580,71343,1298119950,284406192000,15800344,KSQ
112290,KR7112290002,와이씨켐,KOSDAQ,기술성장기업부,14010,1,20,0.14,14000,15920,13750,1092961,16032052260,283297470900,20221090,KSQ
108860,KR7108860008,셀바스AI,KOSDAQ,벤처기업부,10500,2,-590,-5.32,10730,10810,10320,229631,2408414450,282605295000,26914790,KSQ
064850,KR7064850001,에프앤가이드,KOSDAQ,벤처기업부,24700,1,450,1.86,23500,24800,23100,96106,2299678325,281835200400,11410332,KSQ
092730,KR7092730001,네오팜,KOSDAQ,우량기업부,17560,2,-260,-1.46,17930,17980,16880,33114,583650430,281451486840,16027989,KSQ
061090,KR7061090007,세나테크놀로지,KOSDAQ,중견기업부,50300,1,1900,3.93,45400,51400,44000,121156,5898732500,281136760000,5589200,KSQ
019010,KR7019010008,베뉴지,KOSDAQ,중견기업부,5830,1,420,7.76,5540,5870,5290,172743,975363405,281006000000,48200000,KSQ
043150,KR7043150002,바텍,KOSDAQ,우량기업부,18910,2,-290,-1.51,19450,19450,18900,21138,402782405,280893980960,14854256,KSQ
060720,KR7060720000,KH바텍,KOSDAQ,중견기업부,11840,2,-120,-1.0,12020,12250,11790,107273,1283475705,280340913280,23677442,KSQ
355150,KR7355150004,코스텍시스,KOSDAQ,벤처기업부,35800,2,-2550,-6.65,37700,39200,35500,267263,9830143275,279145130000,7797350,KSQ
478340,KR7478340003,나라스페이스테크놀로지,KOSDAQ,기술성장기업부,24100,2,-1950,-7.49,25300,25500,23300,197697,4782413950,277959543100,11533591,KSQ
352480,KR7352480008,씨앤씨인터내셔널,KOSDAQ,우량기업부,20350,1,50,0.25,20500,21000,19720,18131,366088065,277368485350,13629901,KSQ
416180,KR7416180008,신성에스티,KOSDAQ,벤처기업부,30600,2,-2100,-6.42,32450,32750,30050,69179,2124556575,276617206800,9039778,KSQ
084850,KR7084850007,아이티엠반도체,KOSDAQ GLOBAL,중견기업부,12120,2,-550,-4.34,12690,12690,11770,42850,522154075,274917160080,22682934,KSQ
0001A0,KR70001A0001,덕양에너젠,KOSDAQ,중견기업부,11020,2,-770,-6.53,11690,11690,10830,181060,2007160545,273198968900,24791195,KSQ
194700,KR7194700001,노바렉스,KOSDAQ,우량기업부,14920,2,-250,-1.65,15290,15380,14630,84905,1264338460,272362332160,18254848,KSQ
035600,KR7035600006,KG이니시스,KOSDAQ,우량기업부,9860,2,-140,-1.4,10000,10020,9800,69019,683725250,271686719240,27554434,KSQ
180400,KR7180400004,DXVX,KOSDAQ,관리종목(소속부없음),2750,2,-250,-8.33,3000,3035,2750,176676,501673680,270680938000,98429432,KSQ
012860,KR7012860003,모베이스전자,KOSDAQ,우량기업부,3690,2,-220,-5.63,3910,3950,3675,1418072,5307664236,270231456330,73233457,KSQ
114190,KR7114190002,강원에너지,KOSDAQ,중견기업부,10330,2,-760,-6.85,10870,11000,10250,147694,1546756035,269850982540,26123038,KSQ
389260,KR7389260001,대명에너지,KOSDAQ,우량기업부,15050,2,-560,-3.59,15270,15610,14200,60522,910975815,269640691250,17916325,KSQ
357880,KR7357880004,SKAI,KOSDAQ,기술성장기업부,5160,1,80,1.57,5110,5280,4705,1848832,9155039401,268978436640,52127604,KSQ
046120,KR7046120002,오르비텍,KOSDAQ,중견기업부,7930,2,-270,-3.29,8200,8830,7790,484140,3919757770,268473583690,33855433,KSQ
309710,KR7309710002,아이티켐,KOSDAQ,관리종목(소속부없음),21000,0,0,0.0,0,0,0,0,0,268443021000,12783001,KSQ
051360,KR7051360006,토비스,KOSDAQ,우량기업부,17920,2,-460,-2.5,18460,18790,17600,33825,605750400,267327746560,14917843,KSQ
036710,KR7036710002,심텍홀딩스,KOSDAQ,중견기업부,5050,2,-360,-6.65,5420,5420,4880,612374,3090599285,266780157700,52827754,KSQ
023410,KR7023410004,유진기업,KOSDAQ,중견기업부,3445,2,-50,-1.43,3530,3530,3400,209598,721851639,266335923035,77310863,KSQ
182400,KR7182400002,엔케이젠바이오텍코리아,KOSDAQ,관리종목(소속부없음),3670,0,0,0.0,0,0,0,0,0,265496721770,72342431,KSQ
243840,KR7243840006,신흥에스이씨,KOSDAQ,우량기업부,6870,2,-300,-4.18,7050,7300,6850,385437,2701813670,264895074450,38558235,KSQ
041920,KR7041920000,메디아나,KOSDAQ,우량기업부,14240,2,-3120,-17.97,17290,17290,14040,265639,4011504110,264838695520,18598223,KSQ
394800,KR7394800007,쓰리빌리언,KOSDAQ,기술성장기업부,8310,2,-520,-5.89,8630,8790,8300,120436,1021562590,263937865560,31761476,KSQ
215000,KR7215000001,골프존,KOSDAQ GLOBAL,우량기업부,42000,2,-1250,-2.89,43600,43600,41800,24361,1025981625,263567430000,6275415,KSQ
251370,KR7251370003,와이엠티,KOSDAQ,벤처기업부,14620,1,1020,7.5,13700,16270,13290,582714,8904403650,263353174060,18013213,KSQ
308080,KR7308080001,바이젠셀,KOSDAQ,기술성장기업부,12810,2,-780,-5.74,14000,14210,12460,607299,7982868035,262595520600,20499260,KSQ
014940,KR7014940001,오리엔탈정공,KOSDAQ,우량기업부,5760,2,-260,-4.32,5780,6030,5700,151626,883659350,262504287360,45573661,KSQ
054950,KR7054950001,제이브이엠,KOSDAQ,우량기업부,21700,3,0,0.0,21550,21850,21250,47601,1025993125,262350656400,12089892,KSQ
036800,KR7036800001,나이스정보통신,KOSDAQ,우량기업부,26200,2,-750,-2.78,26500,26600,25600,38775,1012521225,262000000000,10000000,KSQ
091580,KR7091580001,상신이디피,KOSDAQ,우량기업부,19640,2,-1360,-6.48,20850,20900,19510,269877,5357014800,261766221160,13328219,KSQ
043370,KR7043370006,피에이치에이,KOSDAQ,우량기업부,12450,2,-100,-0.8,12670,12750,12330,48641,605183160,261450000000,21000000,KSQ
394420,KR7394420004,리센스메디컬,KOSDAQ,기술성장기업부,23900,2,-2400,-9.13,26300,26850,23700,221103,5493228975,261345018200,10934938,KSQ
051500,KR7051500007,CJ프레시웨이,KOSDAQ,우량기업부,22000,2,-850,-3.72,23350,23350,21950,49304,1095783225,261174892000,11871586,KSQ
389020,KR7389020009,자람테크놀로지,KOSDAQ,기술성장기업부,37750,2,-1950,-4.91,39700,40000,37000,67036,2558966250,260666845500,6905082,KSQ
065660,KR7065660003,안트로젠,KOSDAQ,기술성장기업부,26050,2,-1150,-4.23,26600,28150,25400,40434,1066091150,260658905000,10006100,KSQ
084990,KR7084990001,헬릭스미스,KOSDAQ,기술성장기업부,5650,2,-720,-11.3,5970,6150,5200,1113802,6200416630,260424303050,46092797,KSQ
093520,KR7093520005,매커스,KOSDAQ,우량기업부,21850,2,-400,-1.8,22050,22700,21800,27662,610369925,260055138450,11901837,KSQ
267980,KR7267980001,매일유업,KOSDAQ,우량기업부,33800,2,-400,-1.17,34750,34800,33700,10856,370997625,259030964400,7663638,KSQ
199820,KR7199820002,제일일렉트릭,KOSDAQ,우량기업부,11650,2,-150,-1.27,11790,12160,11310,356483,4189487755,258863000000,22220000,KSQ
0015G0,KR70015G0009,그린광학,KOSDAQ,기술성장기업부,22100,2,-900,-3.91,22900,23300,21900,145172,3237133425,258626156100,11702541,KSQ
308430,KR7308430008,셀비온,KOSDAQ,기술성장기업부,20000,2,-1500,-6.98,21000,21100,19500,95980,1951186640,258105020000,12905251,KSQ
451760,KR7451760003,컨텍,KOSDAQ,기술성장기업부,16110,2,-1330,-7.63,17400,17450,16000,251365,4146875955,257627962440,15991804,KSQ
190510,KR7190510008,나무가,KOSDAQ,우량기업부,18250,1,770,4.41,17280,19230,16870,78273,1434374090,257057035250,14085317,KSQ
121800,KR7121800007,비덴트,KOSDAQ,관리종목(소속부없음),3320,0,0,0.0,0,0,0,0,0,256309348520,77201611,KSQ
054210,KR7054210000,이랜텍,KOSDAQ,우량기업부,10120,2,-490,-4.62,10610,10640,10070,200638,2055904040,255947045200,25291210,KSQ
0008Z0,KR70008Z0005,에스엔시스,KOSDAQ,벤처기업부,27100,2,-1150,-4.07,28100,28500,27000,74515,2048748325,255730884400,9436564,KSQ
217730,KR7217730001,강스템바이오텍,KOSDAQ,기술성장기업부,2700,2,-320,-10.6,3015,3050,2665,1013506,2814620111,253946202300,94054149,KSQ
017890,KR7017890005,한국알콜,KOSDAQ,우량기업부,11910,2,-90,-0.75,12000,12170,11800,61561,735940665,253367456460,21273506,KSQ
151860,KR7151860004,KG에코솔루션,KOSDAQ,우량기업부,5320,2,-290,-5.17,5620,5720,5300,165866,892488275,253247970640,47603002,KSQ
377460,KR7377460001,큐에이드,KOSDAQ,관리종목(소속부없음),4080,0,0,0.0,0,0,0,0,0,253187202960,62055687,KSQ
474650,KR7474650009,링크솔루션,KOSDAQ,기술성장기업부,43900,2,-2850,-6.1,46750,47300,43850,83426,3774700400,252297997300,5747107,KSQ
018000,KR7018000000,유니슨,KOSDAQ,중견기업부,970,2,-43,-4.24,1013,1024,968,1445701,1426491006,251713335480,259498284,KSQ
094480,KR7094480001,갤럭시아머니트리,KOSDAQ,우량기업부,6380,1,80,1.27,6350,6610,6070,219446,1400004480,250286366440,39229838,KSQ
067390,KR7067390005,아스트,KOSDAQ,중견기업부,602,2,-81,-11.86,683,684,602,2517827,1574313830,249924862558,415157579,KSQ
012210,KR7012210001,삼미금속,KOSDAQ,중견기업부,11250,2,-640,-5.38,11650,11900,11140,143290,1630109040,249660135000,22192012,KSQ
125020,KR7125020008,티씨머티리얼즈,KOSDAQ,중견기업부,7100,2,-300,-4.05,7290,7470,7040,940017,6786872310,248773705000,35038550,KSQ
095500,KR7095500005,미래나노텍,KOSDAQ,우량기업부,8000,2,-370,-4.42,8210,8370,7990,112962,913927840,248079992000,31009999,KSQ
101360,KR7101360006,에코앤드림,KOSDAQ,벤처기업부,13930,2,-120,-0.85,13730,14290,13400,54180,745492875,247760568020,17786114,KSQ
051370,KR7051370005,인터플렉스,KOSDAQ,우량기업부,10620,1,60,0.57,10750,10770,10150,97481,1021164675,247737752640,23327472,KSQ
950170,KR8392080006,JTC,KOSDAQ,외국기업(소속부없음),4775,2,-135,-2.75,4905,4905,4605,74664,355772700,247088811700,51746348,KSQ
304100,KR7304100001,솔트룩스,KOSDAQ,기술성장기업부,19590,1,790,4.2,20350,20400,19000,137889,2679501665,246713619450,12593855,KSQ
314130,KR7314130006,지놈앤컴퍼니,KOSDAQ,기술성장기업부,5510,2,-610,-9.97,6070,6120,5270,698652,3946635525,246340446350,44707885,KSQ
0088M0,KR70088M0003,메쥬,KOSDAQ,기술성장기업부,24900,2,-850,-3.3,25000,25200,23950,77539,1899166475,246055575000,9881750,KSQ
272110,KR7272110008,케이엔제이,KOSDAQ,우량기업부,30650,2,-1650,-5.11,32500,32500,29850,109248,3378299950,245978356750,8025395,KSQ
098120,KR7098120009,마이크로컨텍솔,KOSDAQ,우량기업부,29550,2,-1450,-4.68,31000,31000,28800,164570,4902987925,245642235300,8312766,KSQ
232680,KR7232680009,라온로보틱스,KOSDAQ,기술성장기업부,18630,2,-900,-4.61,20200,20700,18250,747215,14492420215,244350129870,13115949,KSQ
088800,KR7088800008,에이스테크,KOSDAQ,중견기업부,3225,2,-255,-7.33,3490,3490,3150,359314,1176453068,243508249650,75506434,KSQ
338840,KR7338840002,와이바이오로직스,KOSDAQ,기술성장기업부,15750,2,-1140,-6.75,16200,16840,15300,175381,2816201195,242025225750,15366681,KSQ
357550,KR7357550003,석경에이티,KOSDAQ,기술성장기업부,44150,2,-2750,-5.86,46400,46450,44050,6181,277694050,240838250000,5455000,KSQ
049630,KR7049630007,재영솔루텍,KOSDAQ,우량기업부,10240,2,-410,-3.85,10680,10900,10070,304194,3195792475,239406202880,23379512,KSQ
100120,KR7100120005,뷰웍스,KOSDAQ,우량기업부,26550,2,-1350,-4.84,27900,27900,26500,51047,1371169700,238190962050,8971411,KSQ
494120,KR7494120009,큐리오시스,KOSDAQ,기술성장기업부,31200,2,-1350,-4.15,32700,32700,30050,56924,1774385150,238052318400,7629882,KSQ
318060,KR7318060001,그래피,KOSDAQ,기술성장기업부,21300,2,-1750,-7.59,22450,23050,20950,153709,3347465300,237988670100,11173177,KSQ
290690,KR7290690007,소룩스,KOSDAQ,중견기업부,4740,2,-270,-5.39,5250,5320,4705,1564592,7668743892,237885721140,50186861,KSQ
023760,KR7023760002,한국캐피탈,KOSDAQ,우량기업부,748,2,-30,-3.86,782,782,746,573929,433815659,236075962848,315609576,KSQ
036170,KR7036170009,에이치엠넥스,KOSDAQ,중견기업부,3845,2,-220,-5.41,4055,4070,3650,1300163,5011088968,235950831970,61365626,KSQ
099440,KR7099440000,스맥,KOSDAQ,중견기업부,3455,2,-50,-1.43,3505,3620,3340,544131,1905414583,235780926270,68243394,KSQ
472850,KR7472850007,폰드그룹,KOSDAQ,중견기업부,4095,2,-200,-4.66,4300,4435,4080,67003,278152760,235755914940,57571652,KSQ
417010,KR7417010006,나노팀,KOSDAQ,벤처기업부,11580,2,-1570,-11.94,13100,13470,11550,1231650,15241661065,233600190240,20172728,KSQ
206640,KR7206640005,바디텍메드,KOSDAQ,우량기업부,10660,2,-270,-2.47,10930,10930,10620,30109,322222780,233538437860,21907921,KSQ
159010,KR7159010008,아스플로,KOSDAQ,벤처기업부,17430,2,-430,-2.41,17860,18100,15670,180516,3052698835,232424500770,13334739,KSQ
294570,KR7294570007,쿠콘,KOSDAQ,우량기업부,23000,2,-850,-3.56,23400,23900,22700,23212,542220050,232109836000,10091732,KSQ
322310,KR7322310004,오로스테크놀로지,KOSDAQ,벤처기업부,24750,2,-1350,-5.17,26000,26300,24350,139189,3500049725,231821914500,9366542,KSQ
419530,KR7419530001,SAMG엔터,KOSDAQ,기술성장기업부,22850,2,-1300,-5.38,24100,24100,22650,63354,1458977400,229173777950,10029487,KSQ
439090,KR7439090002,마녀공장,KOSDAQ,우량기업부,13890,2,-330,-2.32,13800,14250,13500,75929,1053415350,227702381400,16393260,KSQ
484810,KR7484810007,티엑스알로보틱스,KOSDAQ,벤처기업부,14730,2,-20,-0.14,14900,15490,14710,48150,724839515,227591977950,15450915,KSQ
402030,KR7402030001,코난테크놀로지,KOSDAQ,기술성장기업부,18100,1,1170,6.91,17950,18335,16920,47963,842905365,226566532800,12517488,KSQ
126730,KR7126730001,코칩,KOSDAQ,벤처기업부,25750,2,-4400,-14.59,29650,29700,25500,885009,23798899175,225830744500,8770126,KSQ
432720,KR7432720001,퀄리타스반도체,KOSDAQ,기술성장기업부,15880,2,-180,-1.12,16060,16840,15260,386370,6213990120,225298643360,14187572,KSQ
067080,KR7067080002,대화제약,KOSDAQ,중견기업부,12050,2,-470,-3.75,12490,12540,12000,49481,604119995,224330632500,18616650,KSQ
382800,KR7382800001,지앤비에스 에코,KOSDAQ,우량기업부,7010,2,-450,-6.03,7400,7400,6700,787175,5556096490,223135597410,31831041,KSQ
138610,KR7138610001,나이벡,KOSDAQ,기술성장기업부,19600,2,-1600,-7.55,20700,20850,19490,69196,1371967275,222808742800,11367793,KSQ
115450,KR7115450009,HLB테라퓨틱스,KOSDAQ,중견기업부,2515,2,-135,-5.09,2650,2670,2500,458789,1174035562,222778974135,88580109,KSQ
402490,KR7402490007,그린리소스,KOSDAQ,기술성장기업부,13150,2,-730,-5.26,13650,14100,12950,340325,4565598845,222698103550,16935217,KSQ
036030,KR7036030005,케이티알파,KOSDAQ,우량기업부,4510,2,-170,-3.63,4700,4700,4500,40748,185197093,221076966330,49019283,KSQ
464080,KR7464080001,에스오에스랩,KOSDAQ,기술성장기업부,12300,2,-340,-2.69,12640,13780,12250,459960,5918444255,220748653500,17947045,KSQ
064550,KR7064550007,바이오니아,KOSDAQ,중견기업부,8540,2,-380,-4.26,8880,8880,8320,123048,1053411805,220419885140,25810291,KSQ
045390,KR7045390002,대아티아이,KOSDAQ,우량기업부,3125,2,-85,-2.65,3200,3250,3080,518371,1621760519,220229303125,70473377,KSQ
119610,KR7119610004,인터로조,KOSDAQ,우량기업부,19180,2,-1220,-5.98,21300,21900,18880,228638,4591136260,218915667460,11413747,KSQ
255220,KR7255220006,SG,KOSDAQ,중견기업부,1998,2,-72,-3.48,2010,2050,1946,960713,1916296164,218907477396,109563302,KSQ
418550,KR7418550000,제이오,KOSDAQ,기술성장기업부,6820,2,-310,-4.35,7130,7190,6690,342205,2341945370,218360529860,32017673,KSQ
123860,KR7123860009,아나패스,KOSDAQ,우량기업부,18010,2,-1020,-5.36,18860,18860,17530,108196,1966868950,218342704150,12123415,KSQ
405100,KR7405100009,큐알티,KOSDAQ,중견기업부,17700,2,-170,-0.95,17870,18740,17400,82706,1491134550,217520627700,12289301,KSQ
488280,KR7488280009,에스투더블유,KOSDAQ,기술성장기업부,20000,2,-550,-2.68,21100,21400,19780,101620,2087557885,216069720000,10803486,KSQ
461300,KR7461300006,아이스크림미디어,KOSDAQ,벤처기업부,16150,2,-400,-2.42,16550,17100,16010,56585,927772050,215181517950,13323933,KSQ
054450,KR7054450002,텔레칩스,KOSDAQ,중견기업부,14200,2,-510,-3.47,14800,15170,14190,206590,3001813345,215048108600,15144233,KSQ
211270,KR7211270004,AP위성,KOSDAQ,우량기업부,14250,2,-1010,-6.62,14810,15200,14000,237370,3417594825,214922832000,15082304,KSQ
053300,KR7053300000,한국정보인증,KOSDAQ,우량기업부,5290,2,-100,-1.86,5390,5450,5200,147829,784353650,214726897840,40591096,KSQ
068930,KR7068930007,디지털대성,KOSDAQ,우량기업부,7750,2,-180,-2.27,7930,7950,7730,23776,185365665,214483900500,27675342,KSQ
011560,KR7011560000,세보엠이씨,KOSDAQ,우량기업부,20700,2,-1900,-8.41,22600,22750,20600,39954,848475500,214245000000,10350000,KSQ
119830,KR7119830008,아이텍,KOSDAQ,중견기업부,8120,1,380,4.91,7750,8270,7650,331239,2667640155,213954066760,26349023,KSQ
214180,KR7214180002,헥토이노베이션,KOSDAQ,우량기업부,16440,2,-260,-1.56,16800,17210,16250,31697,527124810,213610953480,12993367,KSQ
065710,KR7065710006,서호전기,KOSDAQ,우량기업부,41100,1,300,0.74,40800,41700,39800,9269,379653400,211665000000,5150000,KSQ
126600,KR7126600006,BGF에코머티리얼즈,KOSDAQ,우량기업부,3370,2,-120,-3.44,3445,3490,3330,175316,592204309,211524449630,62766899,KSQ
083310,KR7083310003,엘오티베큠,KOSDAQ,우량기업부,11850,2,-480,-3.89,12320,12500,11830,114240,1371901910,211048891050,17810033,KSQ
092070,KR7092070002,디엔에프,KOSDAQ,중견기업부,18220,2,-880,-4.61,19140,19240,17660,67313,1251740930,210839252760,11571858,KSQ
149950,KR7149950008,아바텍,KOSDAQ,우량기업부,15400,2,-300,-1.91,14730,15900,13100,1054567,15094898830,210482626200,13667703,KSQ
192440,KR7192440006,슈피겐코리아,KOSDAQ,우량기업부,33750,1,1600,4.98,32000,34200,31700,45042,1492665150,209802251250,6216363,KSQ
446540,KR7446540007,메가터치,KOSDAQ,중견기업부,7200,2,-340,-4.51,7600,7600,6950,377063,2709919675,209369599200,29079111,KSQ
418420,KR7418420006,라온텍,KOSDAQ,기술성장기업부,6800,2,-220,-3.13,7020,7090,6540,867550,5912464330,208766344400,30700933,KSQ
094820,KR7094820008,일진파워,KOSDAQ,우량기업부,13820,2,-240,-1.71,13930,14580,13500,221050,3097720080,208387758380,15078709,KSQ
457550,KR7457550002,우진엔텍,KOSDAQ,중견기업부,22300,1,250,1.13,22000,22700,21000,119519,2606943250,207812763400,9318958,KSQ
013120,KR7013120001,동원개발,KOSDAQ,우량기업부,2280,2,-85,-3.59,2350,2390,2265,156885,360530878,207042468000,90808100,KSQ
264850,KR7264850009,이랜시스,KOSDAQ,중견기업부,6830,1,340,5.24,6570,7210,6500,1274032,8810687825,206912199960,30294612,KSQ
353810,KR7353810005,이지바이오,KOSDAQ,우량기업부,6250,2,-120,-1.88,6420,6420,6210,109933,691034780,206762000000,33081920,KSQ
380540,KR7380540005,옵티코어,KOSDAQ,관리종목(소속부없음),8450,0,0,0.0,0,0,0,0,0,206658126350,24456583,KSQ
256840,KR7256840000,한국비엔씨,KOSDAQ,우량기업부,3010,2,-55,-1.79,2980,3065,2925,501473,1494740474,205868606860,68394886,KSQ
372170,KR7372170001,윤성에프앤씨,KOSDAQ,우량기업부,25750,2,-1250,-4.63,26550,27450,25650,18660,486076700,205460486000,7979048,KSQ
474170,KR7474170008,루미르,KOSDAQ,기술성장기업부,11380,1,280,2.52,10860,11440,10810,298301,3317933875,202765380480,17817696,KSQ
042600,KR7042600007,새로닉스,KOSDAQ,중견기업부,16310,2,-1780,-9.84,18090,18090,16010,47053,777603115,202628491940,12423574,KSQ
005710,KR7005710009,대원산업,KOSDAQ,우량기업부,10110,2,-710,-6.56,10920,11000,9880,24080,249267585,202580136000,20037600,KSQ
138360,KR7138360003,앤로보틱스,KOSDAQ,벤처기업부,2625,2,-25,-0.94,2585,2850,2550,1213011,3258957197,202103270250,76991722,KSQ
078070,KR7078070000,유비쿼스홀딩스,KOSDAQ,중견기업부,11470,2,-580,-4.81,11990,12040,11400,58218,675548320,201926734840,17604772,KSQ
034810,KR7034810002,해성산업,KOSDAQ,중견기업부,6390,2,-310,-4.63,6700,6700,6370,40555,261055490,201797171280,31580152,KSQ
321550,KR7321550006,티움바이오,KOSDAQ,기술성장기업부,6650,2,-360,-5.14,7020,7190,6600,265559,1823105110,199755858750,30038475,KSQ
293580,KR7293580007,나우IB,KOSDAQ,중견기업부,2100,1,102,5.11,1990,2490,1892,14170496,31963698360,199352895000,94929950,KSQ
237880,KR7237880000,클리오,KOSDAQ,우량기업부,11000,2,-540,-4.68,11450,11450,10970,46161,510463085,198784883000,18071353,KSQ
041020,KR7041020009,폴라리스오피스,KOSDAQ,벤처기업부,4000,2,-110,-2.68,4110,4150,3935,465147,1865861381,198735172000,49683793,KSQ
102120,KR7102120003,어보브반도체,KOSDAQ,벤처기업부,11170,2,-220,-1.93,11410,12000,11110,341724,3908440860,198611011010,17780753,KSQ
052330,KR7052330008,코텍,KOSDAQ,우량기업부,11090,2,-370,-3.23,11460,11750,11020,39060,434963480,196976022010,17761589,KSQ
122990,KR7122990005,와이솔,KOSDAQ,중견기업부,7390,2,-300,-3.9,7690,7690,7230,133497,986132015,196862808590,26639081,KSQ
199430,KR7199430000,케이엔알시스템,KOSDAQ,기술성장기업부,17630,2,-120,-0.68,17470,18680,17000,71855,1290782695,196469478090,11144043,KSQ
481070,KR7481070001,에이유브랜즈,KOSDAQ,중견기업부,13670,2,-360,-2.57,14200,14750,13350,26722,371107110,195894517500,14330250,KSQ
126700,KR7126700004,하이비젼시스템,KOSDAQ,우량기업부,13100,2,-590,-4.31,13700,13700,13000,114129,1504899145,195741667200,14942112,KSQ
361390,KR7361390008,제노코,KOSDAQ,벤처기업부,20100,2,-900,-4.29,21250,21250,19800,109364,2233437330,195701258100,9736381,KSQ
036560,KR7036560001,KZ정밀,KOSDAQ,우량기업부,12370,2,-380,-2.98,12750,12750,12220,11561,142822770,194827500000,15750000,KSQ
489500,KR7489500009,엘케이켐,KOSDAQ,벤처기업부,30450,2,-1500,-4.69,31950,32200,30000,66195,2043849350,194613197100,6391238,KSQ
123410,KR7123410003,코리아에프티,KOSDAQ,우량기업부,6950,1,90,1.31,6900,7050,6690,130341,906063140,193495394800,27841064,KSQ
462860,KR7462860008,더즌,KOSDAQ,벤처기업부,2695,2,-40,-1.46,2715,2810,2640,217212,589252980,193383829485,71756523,KSQ
194480,KR7194480000,데브시스터즈,KOSDAQ,벤처기업부,15850,2,-340,-2.1,16280,16380,15650,39042,620603430,192247027500,12129150,KSQ
083930,KR7083930008,아바코,KOSDAQ,우량기업부,13090,2,-330,-2.46,13420,13730,12910,109593,1444164330,192125189410,14677249,KSQ
452450,KR7452450000,피아이이,KOSDAQ,벤처기업부,5300,1,20,0.38,5280,5770,5150,266501,1441907235,190951050000,36028500,KSQ
108380,KR7108380007,대양전기공업,KOSDAQ,우량기업부,19910,2,-840,-4.05,20400,21050,19910,45771,923154705,190485600030,9567333,KSQ
024840,KR7024840001,KBI메탈,KOSDAQ,중견기업부,4655,2,-715,-13.31,5130,5310,4620,2628305,12854232604,189560211750,40721850,KSQ
039840,KR7039840004,디오,KOSDAQ,중견기업부,14050,2,-830,-5.58,14860,14880,14000,25477,362365405,188492383400,13415828,KSQ
024060,KR7024060006,흥구석유,KOSDAQ,중견기업부,12520,1,40,0.32,12490,12750,11950,706591,8814241015,187800000000,15000000,KSQ
016790,KR7016790008,현대사료,KOSDAQ,관리종목(소속부없음),994,0,0,0.0,0,0,0,0,0,187340898626,188471729,KSQ
039830,KR7039830005,오로라,KOSDAQ,우량기업부,17350,2,-280,-1.59,17800,17850,16050,63106,1069375290,186736141500,10762890,KSQ
264450,KR7264450008,유비쿼스,KOSDAQ,우량기업부,12630,2,-460,-3.51,12850,12890,12310,75581,955397410,185225176590,14665493,KSQ
121440,KR7121440002,골프존홀딩스,KOSDAQ,우량기업부,4320,2,-175,-3.89,4495,4495,4295,32933,143687256,185055053760,42836818,KSQ
176750,KR7176750008,듀켐바이오,KOSDAQ,기술성장기업부,6490,2,-520,-7.42,6820,6990,6340,43475,284940120,184891792800,28488720,KSQ
270660,KR7270660004,에브리봇,KOSDAQ,벤처기업부,14540,1,440,3.12,14330,15160,14320,66815,995885605,184521076820,12690583,KSQ
388050,KR7388050007,지투파워,KOSDAQ,우량기업부,9830,2,-150,-1.5,9980,10370,9550,396095,3934647185,183913765710,18709437,KSQ
039860,KR7039860002,나노엔텍,KOSDAQ,중견기업부,4815,2,-195,-3.89,5010,5040,4740,264965,1284180355,183418050195,38093053,KSQ
032580,KR7032580003,피델릭스,KOSDAQ,중견기업부,5530,2,-360,-6.11,5710,6170,5140,2022549,11198025540,183220313920,33132064,KSQ
950140,KR8840110108,잉글우드랩,KOSDAQ,외국기업(소속부없음),9190,2,-270,-2.85,9210,9470,9090,24377,224145750,182585688540,19867866,KSQ
484120,KR7484120001,도우인시스,KOSDAQ,중견기업부,16640,2,-710,-4.09,17700,17700,16500,10648,178455230,182331502080,10957422,KSQ
036190,KR7036190007,금화피에스시,KOSDAQ,우량기업부,30150,2,-1050,-3.37,31200,31425,29950,15966,486681775,180900000000,6000000,KSQ
066620,KR7066620006,국보디자인,KOSDAQ,우량기업부,24050,2,-1450,-5.69,24850,25200,23350,8000,194643050,180375000000,7500000,KSQ
216080,KR7216080002,제테마,KOSDAQ,벤처기업부,4830,2,-860,-15.11,5680,5680,4735,678811,3372017991,180096688170,37287099,KSQ
024800,KR7024800005,유성티엔에스,KOSDAQ,우량기업부,4825,2,-175,-3.5,5000,5220,4790,491350,2462507039,178774992900,37051812,KSQ
371950,KR7371950007,풍원정밀,KOSDAQ,기술성장기업부,7840,2,-70,-0.88,7920,8090,7490,65089,500049460,177674376320,22662548,KSQ
209640,KR7209640002,와이제이링크,KOSDAQ,중견기업부,6240,2,-510,-7.56,6600,6820,6020,812096,5176913535,177485231040,28443146,KSQ
115500,KR7115500001,케이씨에스,KOSDAQ,중견기업부,14790,2,-1710,-10.36,15600,15970,14360,388700,5804457770,177480000000,12000000,KSQ
114840,KR7114840002,아이패밀리에스씨,KOSDAQ,우량기업부,10230,2,-260,-2.48,10500,10660,10010,77218,795510930,177182577000,17319900,KSQ
118990,KR7118990001,모트렉스,KOSDAQ,우량기업부,7200,2,-320,-4.26,7520,7540,7130,127842,925893615,176669071200,24537371,KSQ
037030,KR7037030004,파워넷,KOSDAQ,우량기업부,6920,2,-520,-6.99,7420,7470,6840,862491,6145202720,176549904640,25512992,KSQ
086820,KR7086820008,바이오솔루션,KOSDAQ,기술성장기업부,6800,2,-1130,-14.25,7930,7930,6690,346957,2473032705,176283778000,25924085,KSQ
058820,KR7058820002,CMG제약,KOSDAQ,중견기업부,1192,2,-44,-3.56,1236,1266,1181,888083,1066475183,176227882136,147842183,KSQ
071200,KR7071200000,인피니트헬스케어,KOSDAQ,중견기업부,7210,2,-410,-5.38,7780,7780,7150,58088,426044145,175898462180,24396458,KSQ
080160,KR7080160005,모두투어,KOSDAQ,우량기업부,9300,2,-280,-2.92,9580,9580,9220,59470,554494195,175770000000,18900000,KSQ
226590,KR7226590008,엠디바이스,KOSDAQ,기술성장기업부,16350,2,-1080,-6.2,17420,17540,16130,123346,2040415465,175219418400,10716784,KSQ
123330,KR7123330003,제닉,KOSDAQ,우량기업부,21900,2,-850,-3.74,21350,22500,21350,57813,1254085775,174514092000,7968680,KSQ
187790,KR7187790001,나노,KOSDAQ,벤처기업부,5640,2,-770,-12.01,6410,6410,5450,699150,3996530155,173942281200,30840830,KSQ
377450,KR7377450002,리파인,KOSDAQ,우량기업부,10030,1,10,0.1,10020,10080,9870,53052,529507410,173819900000,17330000,KSQ
300080,KR7300080009,플리토,KOSDAQ,기술성장기업부,10470,2,-480,-4.38,10950,10950,9800,573563,5887713010,172812071970,16505451,KSQ
042420,KR7042420000,네오위즈홀딩스,KOSDAQ,우량기업부,21150,2,-850,-3.86,22000,22150,21150,16258,352677975,172209285450,8142283,KSQ
403850,KR7403850001,더핑크퐁컴퍼니,KOSDAQ,중견기업부,11960,2,-350,-2.84,12150,12320,11800,45494,545229690,171638079600,14351010,KSQ
458650,KR7458650009,성우,KOSDAQ,벤처기업부,11400,2,-600,-5.0,11990,11990,10800,95098,1072755375,171520638000,15045670,KSQ
285490,KR7285490009,노바텍,KOSDAQ,벤처기업부,16170,2,-270,-1.64,16440,16720,15900,49895,808798880,171011187270,10575831,KSQ
267320,KR7267320000,나인테크,KOSDAQ,벤처기업부,2975,2,-20,-0.67,3000,3090,2945,650902,1962192713,170810502625,57415295,KSQ
146320,KR7146320007,비씨엔씨,KOSDAQ,벤처기업부,13330,2,-1210,-8.32,14500,14500,13300,61172,834548025,170596313590,12797923,KSQ
259630,KR7259630002,엠플러스,KOSDAQ,우량기업부,13930,2,-1070,-7.13,15040,15040,13820,207107,2936931490,170257976280,12222396,KSQ
445180,KR7445180003,퓨릿,KOSDAQ,우량기업부,9890,2,-360,-3.51,10000,10240,9600,74195,734360650,170001069320,17189188,KSQ
032620,KR7032620007,GC메디아이,KOSDAQ,우량기업부,3255,2,-145,-4.26,3400,3400,3245,126176,413910791,169901687445,52197139,KSQ
079960,KR7079960001,동양이엔피,KOSDAQ,우량기업부,21600,2,-600,-2.7,22300,22450,21450,38261,832039425,169776000000,7860000,KSQ
092130,KR7092130004,이크레더블,KOSDAQ,중견기업부,14080,2,-140,-0.98,14230,14270,14050,9145,128746290,169573888000,12043600,KSQ
147830,KR7147830004,제룡산업,KOSDAQ,벤처기업부,8470,2,-250,-2.87,8640,9030,8410,333967,2900110025,169400000000,20000000,KSQ
140670,KR7140670001,알에스오토메이션,KOSDAQ,중견기업부,13170,2,-290,-2.15,13290,14190,13140,323905,4389832680,169100692800,12839840,KSQ
053080,KR7053080008,케이엔솔,KOSDAQ,중견기업부,13000,1,430,3.42,12580,13290,12080,224640,2879211400,168997491000,12999807,KSQ
0011A0,KR70011A0009,액스비스,KOSDAQ,벤처기업부,18010,2,-1000,-5.26,19010,19010,17500,118311,2127767470,168100657400,9333740,KSQ
380550,KR7380550004,뉴로핏,KOSDAQ,기술성장기업부,13750,2,-730,-5.04,14480,14710,13740,164735,2307006620,167734407500,12198866,KSQ
086980,KR7086980000,쇼박스,KOSDAQ,중견기업부,2655,2,-10,-0.38,2665,2680,2570,275231,718974655,166303890000,62638000,KSQ
166480,KR7166480004,코아스템켐온,KOSDAQ,벤처기업부,3145,2,-525,-14.31,3670,3745,3030,1029257,3369657924,166277332520,52870376,KSQ
143160,KR7143160000,아이디스,KOSDAQ,우량기업부,15430,2,-530,-3.32,15960,15960,15410,10488,164255330,165353897700,10716390,KSQ
104480,KR7104480009,티케이케미칼,KOSDAQ,중견기업부,1819,2,-51,-2.73,1890,1890,1802,415237,761497390,165338794446,90895434,KSQ
083500,KR7083500009,에프엔에스테크,KOSDAQ,우량기업부,19220,1,20,0.1,19360,20450,18810,203063,3984811125,164825376840,8575722,KSQ
234690,KR7234690006,녹십자웰빙,KOSDAQ,우량기업부,9100,2,-370,-3.91,9330,9500,9050,144813,1330800460,163465939000,17963290,KSQ
049430,KR7049430002,코메론,KOSDAQ,우량기업부,18050,1,50,0.28,18000,18650,17990,23157,425961415,163316400000,9048000,KSQ
038390,KR7038390001,레드캡투어,KOSDAQ,우량기업부,9760,2,-40,-0.41,9810,9890,9680,15178,148187865,163195222720,16720822,KSQ
396300,KR7396300006,세아메카닉스,KOSDAQ,우량기업부,6130,1,950,18.34,5160,6260,5040,3913115,23174237280,162380635000,26489500,KSQ
007330,KR7007330004,푸른저축은행,KOSDAQ,투자주의환기종목(소속부없음),10760,2,-390,-3.5,11150,11210,10740,11975,130215425,162290928000,15082800,KSQ
101170,KR7101170009,우림피티에스,KOSDAQ,벤처기업부,12020,2,-1270,-9.56,13300,13690,11980,314724,4008573705,162270000000,13500000,KSQ
013990,KR7013990007,아가방컴퍼니,KOSDAQ,우량기업부,4930,1,150,3.14,4790,4950,4625,348077,1681851528,162135552480,32887536,KSQ
049960,KR7049960008,쎌바이오텍,KOSDAQ,벤처기업부,17150,2,-350,-2.0,17420,17680,16760,19416,331515990,161210000000,9400000,KSQ
142210,KR7142210004,유니트론텍,KOSDAQ,우량기업부,7730,2,-440,-5.39,8350,8400,7630,856843,6838849855,160408345190,20751403,KSQ
051980,KR7051980001,중앙첨단소재,KOSDAQ,중견기업부,1442,2,-121,-7.74,1562,1562,1425,1592555,2328174811,160194244378,111091709,KSQ
062970,KR7062970009,한국첨단소재,KOSDAQ,중견기업부,2805,2,-300,-9.66,3025,3035,2725,3145019,8861833488,160133562270,57088614,KSQ
060150,KR7060150000,인선이엔티,KOSDAQ,중견기업부,3510,2,-85,-2.36,3595,3645,3500,107594,380606783,159928278120,45563612,KSQ
040160,KR7040160004,누리플렉스,KOSDAQ,중견기업부,13260,2,-770,-5.49,14030,14040,13000,36933,491638950,159856394100,12055535,KSQ
289080,KR7289080004,SV인베스트먼트,KOSDAQ,중견기업부,2655,2,-15,-0.56,2655,2850,2395,1280156,3413261396,159667008615,60138233,KSQ
066410,KR7066410002,버킷스튜디오,KOSDAQ,투자주의환기종목(소속부없음),1153,0,0,0.0,0,0,0,0,0,159637252154,138453818,KSQ
203400,KR7203400007,에이비온,KOSDAQ,기술성장기업부,1770,2,-113,-6.0,1883,1939,1725,850966,1541663684,159479308080,90101304,KSQ
046070,KR7046070009,코다코,KOSDAQ,관리종목(소속부없음),10280,0,0,0.0,0,0,0,0,0,159196994920,15486089,KSQ
095700,KR7095700001,제넥신,KOSDAQ,기술성장기업부,3495,2,-165,-4.51,3660,3660,3465,233509,822962922,159164026530,45540494,KSQ
469610,KR7469610000,이노테크,KOSDAQ,중견기업부,17780,2,-480,-2.63,18420,18420,17390,54084,961877760,159004762000,8942900,KSQ
282880,KR7282880004,코윈테크,KOSDAQ,우량기업부,13570,2,-460,-3.28,14060,14090,13530,60924,834222035,158688692740,11694082,KSQ
381620,KR7381620004,제닉스로보틱스,KOSDAQ,중견기업부,12070,1,460,3.96,11950,13450,11940,1053383,13316330470,158333294400,13117920,KSQ
260970,KR7260970009,에스앤디,KOSDAQ,우량기업부,54700,1,700,1.3,53800,57500,50700,36303,1998392800,158233643800,2892754,KSQ
023910,KR7023910003,대한약품,KOSDAQ,우량기업부,26300,2,-400,-1.5,26700,26700,26150,11546,304144850,157800000000,6000000,KSQ
125210,KR7125210005,아모그린텍,KOSDAQ,우량기업부,9510,2,-750,-7.31,10240,10240,9450,293632,2877756135,156884472900,16496790,KSQ
047310,KR7047310008,파워로직스,KOSDAQ,우량기업부,4285,2,-315,-6.85,4560,4560,4260,288377,1251837390,156877085175,36610755,KSQ
046440,KR7046440004,KG파이낸셜,KOSDAQ,우량기업부,4120,2,-15,-0.36,4100,4190,4065,97576,401546622,156604504240,38010802,KSQ
011040,KR7011040003,경동제약,KOSDAQ,중견기업부,5080,2,-130,-2.5,5210,5210,4960,22740,116296360,156305331280,30768766,KSQ
143240,KR7143240000,사람인,KOSDAQ,우량기업부,14530,2,-350,-2.35,14880,14880,14450,9223,134698070,155946581430,10732731,KSQ
039560,KR7039560008,다산네트웍스,KOSDAQ,중견기업부,3635,2,-225,-5.83,3860,3860,3580,309175,1132692515,155899581180,42888468,KSQ
289930,KR7289930000,웨이비스,KOSDAQ,기술성장기업부,11840,2,-650,-5.2,12490,12830,11800,143371,1738368325,155684278400,13149010,KSQ
073010,KR7073010001,케이에스피,KOSDAQ,우량기업부,3870,2,-140,-3.49,3980,4050,3685,360720,1396326020,155540137500,40191250,KSQ
264660,KR7264660002,씨앤지하이테크,KOSDAQ,우량기업부,15970,2,-140,-0.87,16050,16900,15700,103520,1673713970,155247116840,9721172,KSQ
179290,KR7179290002,엠아이텍,KOSDAQ,우량기업부,4770,2,-65,-1.34,4815,4895,4625,138455,653476775,154384284060,32365678,KSQ
293780,KR7293780003,압타바이오,KOSDAQ,기술성장기업부,5490,2,-500,-8.35,5800,6000,5230,168358,936434650,154232793450,28093405,KSQ
221800,KR7221800006,지구홀딩스,KOSDAQ,투자주의환기종목(소속부없음),9410,2,-1290,-12.06,10410,10410,9360,214663,2075487590,153560387910,16318851,KSQ
222040,KR7222040008,코스맥스엔비티,KOSDAQ,중견기업부,7410,2,-460,-5.84,7700,7940,7380,165059,1250805680,152853480000,20628000,KSQ
059120,KR7059120006,아진엑스텍,KOSDAQ,벤처기업부,8340,2,-180,-2.11,8510,8920,8230,565062,4836039260,152705950440,18310066,KSQ
001540,KR7001540004,안국약품,KOSDAQ,우량기업부,11690,1,190,1.65,11450,11690,10810,121785,1367758000,152465889800,13042420,KSQ
036010,KR7036010007,아비코전자,KOSDAQ,중견기업부,11420,2,-360,-3.06,11510,11990,10900,303668,3467296910,151805306280,13292934,KSQ
048870,KR7048870000,시너지이노베이션,KOSDAQ,중견기업부,1721,2,-64,-3.59,1787,1793,1700,270085,464233256,151632083323,88106963,KSQ
054800,KR7054800008,아이디스홀딩스,KOSDAQ,중견기업부,14610,2,-350,-2.34,14840,14940,14180,26801,387066460,151180715160,10347756,KSQ
101970,KR7101970002,우양에이치씨,KOSDAQ,중견기업부,10190,2,-660,-6.08,10860,10860,10050,25020,255816255,150710191710,14790009,KSQ
220260,KR7220260004,켐트로스,KOSDAQ,벤처기업부,4680,2,-215,-4.39,4850,4890,4600,195997,925358575,150097217400,32072055,KSQ
158430,KR7158430009,아톤,KOSDAQ,벤처기업부,6130,2,-240,-3.77,6160,6320,5960,292575,1791312110,150075223960,24482092,KSQ
473980,KR7473980001,노머스,KOSDAQ,기술성장기업부,13560,2,-290,-2.09,13570,13870,13400,50707,686641310,149964406320,11059322,KSQ
005990,KR7005990007,매일홀딩스,KOSDAQ,우량기업부,11190,2,-810,-6.75,11910,12000,11000,10857,122303290,148808021760,13298304,KSQ
106190,KR7106190002,하이텍팜,KOSDAQ,우량기업부,13890,2,-110,-0.79,13890,13950,13110,75400,1013849760,147694772970,10633173,KSQ
067280,KR7067280008,멀티캠퍼스,KOSDAQ,우량기업부,24900,2,-300,-1.19,25000,25350,24900,5571,139593250,147576797100,5926779,KSQ
021080,KR7021080007,에이티넘인베스트,KOSDAQ,우량기업부,3055,3,0,0.0,3060,3250,2935,555559,1735618823,146640000000,48000000,KSQ
072870,KR7072870009,메가스터디,KOSDAQ,우량기업부,12300,2,-140,-1.13,12450,12540,12240,28517,352127310,146627795700,11920959,KSQ
331920,KR7331920009,셀레믹스,KOSDAQ,기술성장기업부,17950,1,860,5.03,17090,18240,16110,127494,2234063450,146546456600,8164148,KSQ
017510,KR7017510009,세명전기,KOSDAQ,벤처기업부,9600,2,-290,-2.93,9890,10110,9550,304474,2975733195,146361600000,15246000,KSQ
321370,KR7321370009,센서뷰,KOSDAQ,기술성장기업부,2825,2,-290,-9.31,3115,3115,2820,2172134,6339763838,145953359450,51664906,KSQ
008830,KR7008830002,대동기어,KOSDAQ,중견기업부,16150,2,-560,-3.35,16570,16570,15610,53137,851968265,145148448000,8987520,KSQ
299030,KR7299030007,하나기술,KOSDAQ,벤처기업부,18150,2,-1360,-6.97,19200,19400,18000,35406,655502970,145107616500,7994910,KSQ
041440,KR7041440009,현대에버다임,KOSDAQ,우량기업부,8120,2,-600,-6.88,8220,8400,7930,209981,1712597840,144874701440,17841712,KSQ
307750,KR7307750000,국전,KOSDAQ,중견기업부,2680,2,-110,-3.94,2790,2850,2645,265042,716978757,144683251840,53986288,KSQ
054920,KR7054920004,한컴위드,KOSDAQ,중견기업부,5120,2,-250,-4.66,5350,5360,5000,381245,1971224580,144471454720,28217081,KSQ
475230,KR7475230009,엔알비,KOSDAQ,벤처기업부,13230,2,-710,-5.09,13510,13850,12550,176118,2315222245,144189576090,10898683,KSQ
108230,KR7108230004,톱텍,KOSDAQ,우량기업부,3790,2,-135,-3.44,4080,4080,3770,111244,428235211,144108098550,38023245,KSQ
474610,KR7474610003,RF시스템즈,KOSDAQ,벤처기업부,10040,2,-490,-4.65,10200,10750,9840,210370,2120070330,143648785920,14307648,KSQ
263860,KR7263860009,지니언스,KOSDAQ,벤처기업부,15810,2,-130,-0.82,15940,16090,15120,46916,730247225,143548476000,9079600,KSQ
056090,KR7056090004,시지메드텍,KOSDAQ,벤처기업부,1390,2,-89,-6.02,1479,1510,1380,1372602,1938077311,143530060040,103259036,KSQ
192410,KR7192410009,오늘이엔엠,KOSDAQ,중견기업부,5690,2,-410,-6.72,6100,6260,5500,173580,1014310715,143307822210,25185909,KSQ
205500,KR7205500002,넥써쓰,KOSDAQ,중견기업부,2230,1,290,14.95,1930,2235,1881,1449432,3015464150,142969980770,64112099,KSQ
093190,KR7093190007,빅솔론,KOSDAQ,우량기업부,7420,1,120,1.64,7300,7690,7170,28229,209421160,142752675100,19238905,KSQ
163730,KR7163730005,핑거,KOSDAQ,벤처기업부,15140,2,-1560,-9.34,16820,16820,15140,169697,2675230145,142415439520,9406568,KSQ
047560,KR7047560008,이스트소프트,KOSDAQ,중견기업부,12110,1,550,4.76,11560,12190,11000,61463,712139135,142329823020,11753082,KSQ
204610,KR7204610000,티쓰리,KOSDAQ,벤처기업부,2560,2,-145,-5.36,2705,2715,2510,199292,515516432,142134323200,55521220,KSQ
452190,KR7452190002,한빛레이저,KOSDAQ,벤처기업부,5930,1,140,2.42,5790,6820,5620,2882271,18196313040,141848903010,23920557,KSQ
023600,KR7023600000,삼보판지,KOSDAQ,우량기업부,8860,2,-100,-1.12,8900,9000,8730,13332,117976540,141833538000,16008300,KSQ
240550,KR7240550004,동방메디컬,KOSDAQ,중견기업부,6730,2,-150,-2.18,6990,6990,6530,94339,639761530,140885416200,20933940,KSQ
297890,KR7297890006,HB솔루션,KOSDAQ,우량기업부,1922,2,-76,-3.8,2000,2025,1901,423094,827076594,140576836708,73140914,KSQ
005160,KR7005160007,동국산업,KOSDAQ,중견기업부,2590,1,5,0.19,2585,2660,2505,135562,350885427,140493208380,54244482,KSQ
306620,KR7306620006,지아이에스,KOSDAQ,벤처기업부,2930,2,-285,-8.86,3215,3240,2920,1146140,3472496709,140470599120,47942184,KSQ
105330,KR7105330005,케이엔더블유,KOSDAQ,중견기업부,8710,2,-750,-7.93,9100,9170,8700,56169,503313995,139530019200,16019520,KSQ
217270,KR7217270008,넵튠,KOSDAQ,중견기업부,2960,2,-45,-1.5,3005,3015,2845,100243,292521945,138337503280,46735643,KSQ
086670,KR7086670007,비엠티,KOSDAQ,우량기업부,13880,2,-390,-2.73,14270,14480,13790,56595,791861260,137771283800,9925885,KSQ
322180,KR7322180001,LS티라유텍,KOSDAQ,벤처기업부,6570,1,20,0.31,6740,6910,6500,232619,1548747920,137457434880,20921984,KSQ
408920,KR7408920007,메쎄이상,KOSDAQ,우량기업부,3175,2,-80,-2.46,3255,3255,3100,20712,65441805,137263044625,43232455,KSQ
082800,KR7082800004,비보존 제약,KOSDAQ,중견기업부,2260,2,-25,-1.09,2300,2540,2240,349028,809769795,137226445160,60719666,KSQ
032940,KR7032940009,원익,KOSDAQ,우량기업부,7540,1,150,2.03,7390,7690,7080,103562,761966340,137176954200,18193230,KSQ
334970,KR7334970001,프레스티지바이오로직스,KOSDAQ,기술성장기업부,1763,2,-63,-3.45,1826,1880,1701,134035,231595731,137077899031,77752637,KSQ
038290,KR7038290003,마크로젠,KOSDAQ,중견기업부,12580,2,-410,-3.16,12880,12980,12470,36138,456796490,136384812000,10841400,KSQ
049720,KR7049720006,고려신용정보,KOSDAQ,우량기업부,9530,2,-160,-1.65,9690,9690,9470,56060,535313535,136279000000,14300000,KSQ
297090,KR7297090003,씨에스베어링,KOSDAQ,투자주의환기종목(소속부없음),4985,2,-145,-2.83,5050,5290,4880,217150,1092666505,135940950000,27270000,KSQ
453450,KR7453450009,그리드위즈,KOSDAQ,중견기업부,17070,2,-1100,-6.05,18150,18150,16900,78526,1360490085,135582742500,7942750,KSQ
396270,KR7396270001,넥스트칩,KOSDAQ,벤처기업부,4115,2,-560,-11.98,4750,4750,4070,733629,3104301087,135331778565,32887431,KSQ
0004V0,KR70004V0003,엔비알모션,KOSDAQ,기술성장기업부,13000,2,-600,-4.41,13330,14210,12900,279171,3714182105,135258084000,10404468,KSQ
037350,KR7037350006,성도이엔지,KOSDAQ,우량기업부,8890,2,-420,-4.51,9320,9340,8850,141597,1274356690,135216900000,15210000,KSQ
115310,KR7115310005,인포바인,KOSDAQ,벤처기업부,8430,2,-430,-4.85,8860,8860,8300,18436,155376975,134580018450,15964415,KSQ
212560,KR7212560007,네오오토,KOSDAQ,우량기업부,11310,2,-400,-3.42,12240,12240,11050,159544,1852893395,133596445710,11812241,KSQ
357580,KR7357580000,아모센스,KOSDAQ,기술성장기업부,11320,2,-890,-7.29,12170,12290,11200,203163,2354653390,133460105840,11789762,KSQ
148150,KR7148150006,세경하이테크,KOSDAQ,우량기업부,3735,2,-195,-4.96,3835,3930,3655,211980,798060725,132752425230,35542818,KSQ
215100,KR7215100009,로보로보,KOSDAQ,벤처기업부,6520,1,900,16.01,5860,6940,5860,2688205,17617277340,132671920080,20348454,KSQ
950250,KR8826050005,테라뷰,KOSDAQ,기술성장기업부,3730,2,-325,-8.01,3900,4010,3680,488499,1843883935,132481136630,35517731,KSQ
053700,KR7053700001,삼보모터스,KOSDAQ,우량기업부,5200,2,-450,-7.96,5600,5620,5190,501959,2672362960,132307593600,25443768,KSQ
269620,KR7269620001,시스웍,KOSDAQ,관리종목(소속부없음),889,0,0,0.0,0,0,0,0,0,132090012299,148582691,KSQ
340450,KR7340450006,지씨지놈,KOSDAQ,기술성장기업부,5580,2,-440,-7.31,6020,6150,5480,267338,1511509385,131971424940,23650793,KSQ
290740,KR7290740000,액트로,KOSDAQ,벤처기업부,13110,2,-540,-3.96,13650,13760,12500,62453,829210640,131952294210,10065011,KSQ
068790,KR7068790005,DMS,KOSDAQ,우량기업부,5840,2,-430,-6.86,6260,6260,5820,126534,757429055,131810108160,22570224,KSQ
086890,KR7086890001,이수앱지스,KOSDAQ,중견기업부,3230,2,-250,-7.18,3565,3565,3200,290793,952565661,131702106580,40774646,KSQ
109740,KR7109740001,디에스케이,KOSDAQ,벤처기업부,5080,1,125,2.52,4955,5280,4760,88205,447984550,130608781200,25710390,KSQ
382840,KR7382840007,원준,KOSDAQ,중견기업부,8550,2,-1460,-14.59,9990,9990,8520,682886,6054997525,130572017550,15271581,KSQ
122450,KR7122450000,KX,KOSDAQ,중견기업부,2910,2,-155,-5.06,3025,3055,2900,85631,252352779,130425716940,44819834,KSQ
331740,KR7331740001,아우토크립트,KOSDAQ,기술성장기업부,13350,1,640,5.04,12710,14260,11500,213315,2887371745,130158374850,9749691,KSQ
088130,KR7088130000,동아엘텍,KOSDAQ,우량기업부,7400,2,-400,-5.13,7730,7770,7300,278077,2098252675,129391323600,17485314,KSQ
003100,KR7003100005,선광,KOSDAQ,우량기업부,19400,2,-750,-3.72,20150,20350,19320,34602,681852260,128040000000,6600000,KSQ
323350,KR7323350009,다원넥스뷰,KOSDAQ,기술성장기업부,15950,2,-410,-2.51,16360,16540,14800,69628,1107113190,127771813400,8010772,KSQ
136540,KR7136540002,윈스테크넷,KOSDAQ,우량기업부,10380,2,-380,-3.53,10760,10770,10360,54835,574829795,127463763480,12279746,KSQ
333430,KR7333430007,일승,KOSDAQ,중견기업부,4145,2,-70,-1.66,4100,4355,4015,64101,267283222,127362366315,30726747,KSQ
069510,KR7069510006,에스텍,KOSDAQ,우량기업부,11590,2,-630,-5.16,12220,12220,11460,28938,342320635,126446900000,10910000,KSQ
080420,KR7080420003,모다이노칩,KOSDAQ,중견기업부,1586,2,-24,-1.49,1573,1616,1572,7592,11990564,126438492492,79721622,KSQ
095190,KR7095190005,신화프리텍,KOSDAQ,중견기업부,1936,2,-139,-6.7,2075,2075,1936,270356,534378909,126344254432,65260462,KSQ
388790,KR7388790008,라이콤,KOSDAQ,벤처기업부,4125,2,-610,-12.88,4700,4700,4030,709273,2982749664,126283410000,30614160,KSQ
002230,KR7002230001,피에스텍,KOSDAQ,우량기업부,6750,2,-320,-4.53,7070,7090,6700,150224,1022395910,126260910000,18705320,KSQ
036690,KR7036690006,코맥스,KOSDAQ,관리종목(소속부없음),2885,0,0,0.0,0,0,0,0,0,125692107675,43567455,KSQ
307930,KR7307930008,컴퍼니케이,KOSDAQ,중견기업부,8050,1,50,0.63,7740,8510,7600,129647,1056597500,125660500000,15610000,KSQ
093640,KR7093640001,케이알엠,KOSDAQ,벤처기업부,3845,2,-435,-10.16,4280,4280,3800,191430,757230154,125637089870,32675446,KSQ
037070,KR7037070000,파세코,KOSDAQ,중견기업부,6280,2,-10,-0.16,6320,6770,6250,167577,1088977850,125600000000,20000000,KSQ
051160,KR7051160000,지어소프트,KOSDAQ,중견기업부,8100,1,220,2.79,7900,8160,7690,105798,851049985,125342883000,15474430,KSQ
078890,KR7078890001,가온그룹,KOSDAQ,중견기업부,6780,2,-200,-2.87,6980,7230,6610,374530,2580072690,124921113540,18424943,KSQ
040300,KR7040300006,YTN,KOSDAQ,중견기업부,2610,2,-70,-2.61,2650,2675,2610,59852,157835150,124436917800,47676980,KSQ
323990,KR7323990002,박셀바이오,KOSDAQ,기술성장기업부,5350,2,-390,-6.79,5740,5800,5320,161794,878418525,124426795750,23257345,KSQ
487580,KR7487580003,폴레드,KOSDAQ,벤처기업부,4920,2,-150,-2.96,4990,5160,4845,481900,2396978909,123899676120,25182861,KSQ
205100,KR7205100001,엑셈,KOSDAQ,벤처기업부,1750,1,9,0.52,1741,1756,1680,502188,863173860,123701240250,70686423,KSQ
366030,KR7366030005,공구우먼,KOSDAQ,중견기업부,5440,2,-170,-3.03,5980,5990,5400,151827,868166845,123236944000,22653850,KSQ
107600,KR7107600009,새빗켐,KOSDAQ,벤처기업부,21800,2,-850,-3.75,22200,22650,21000,17960,393550950,122972797200,5640954,KSQ
256940,KR7256940008,킵스파마,KOSDAQ,벤처기업부,6120,2,-320,-4.97,6320,6440,5960,110699,677315310,122878259640,20078147,KSQ
336680,KR7336680004,탑런토탈솔루션,KOSDAQ,중견기업부,3135,2,-105,-3.24,3210,3225,3065,70498,220421643,122721324330,39145558,KSQ
036630,KR7036630002,세종텔레콤,KOSDAQ,우량기업부,12260,1,930,8.21,11340,12440,11340,32948,391255635,122600000000,10000000,KSQ
086960,KR7086960002,MDS테크,KOSDAQ,우량기업부,2980,2,-235,-7.31,3220,3250,2970,1381562,4209206538,122409364640,41076968,KSQ
027710,KR7027710003,팜스토리,KOSDAQ,우량기업부,1095,2,-37,-3.27,1132,1132,1046,809853,889740301,122001177000,111416600,KSQ
067990,KR7067990002,도이치모터스,KOSDAQ,우량기업부,4170,2,-210,-4.79,4300,4370,4110,242529,1012474856,121687063500,29181550,KSQ
090850,KR7090850009,현대이지웰,KOSDAQ,우량기업부,5400,2,-250,-4.42,5610,5655,5370,51169,279251420,121380676200,22477903,KSQ
089600,KR7089600001,KT나스미디어,KOSDAQ,우량기업부,10480,2,-310,-2.87,10750,10750,10460,22451,237059285,121234348240,11568163,KSQ
365330,KR7365330000,에스와이스틸텍,KOSDAQ,우량기업부,2415,2,-210,-8.0,2550,2550,2380,783603,1915298957,121162965000,50171000,KSQ
115440,KR7115440000,우리넷,KOSDAQ,우량기업부,11210,2,-1380,-10.96,12380,12500,11120,446730,5107245750,121004013320,10794292,KSQ
172670,KR7172670002,에이엘티,KOSDAQ,벤처기업부,13490,2,-520,-3.71,13920,13960,12800,111593,1509356710,120873893910,8960259,KSQ
338220,KR7338220007,뷰노,KOSDAQ,기술성장기업부,8590,2,-380,-4.24,8880,8910,8210,59655,514548180,120275659570,14001823,KSQ
040350,KR7040350001,크레오에스지,KOSDAQ,벤처기업부,6130,4,1410,29.87,5000,6130,4925,1794322,10650515480,119660861160,19520532,KSQ
071280,KR7071280002,로체시스템즈,KOSDAQ,우량기업부,7800,2,-300,-3.7,8100,8390,7780,77490,618936770,119313503400,15296603,KSQ
123040,KR7123040008,엠에스오토텍,KOSDAQ,중견기업부,1905,2,-67,-3.4,1871,1999,1830,525403,980187402,119306909595,62628299,KSQ
054540,KR7054540000,삼영엠텍,KOSDAQ,우량기업부,9170,2,-370,-3.88,9530,9570,8900,108407,1000692490,119210000000,13000000,KSQ
013310,KR7013310008,아진산업,KOSDAQ,우량기업부,3070,2,-90,-2.85,3160,3195,3055,398531,1235990229,119136206740,38806582,KSQ
066430,KR7066430000,아이로보틱스,KOSDAQ,중견기업부,3030,1,130,4.48,2950,3175,2930,1933308,5911055644,118635032280,39153476,KSQ
006620,KR7006620009,동구바이오제약,KOSDAQ,우량기업부,4160,2,-110,-2.58,4240,4300,4110,135908,569761430,118414366720,28464992,KSQ
156100,KR7156100000,엘앤케이바이오,KOSDAQ,벤처기업부,5260,2,-310,-5.57,5570,5610,5200,153589,819830995,117567064780,22351153,KSQ
255440,KR7255440000,야스,KOSDAQ,벤처기업부,9000,2,-400,-4.26,9400,9410,8870,34446,310246950,117522000000,13058000,KSQ
317770,KR7317770006,엑스페릭스,KOSDAQ,벤처기업부,3205,2,-195,-5.74,3395,3420,3155,610582,1993322603,116939376725,36486545,KSQ
412350,KR7412350001,레이저쎌,KOSDAQ,기술성장기업부,8090,2,-610,-7.01,8500,8630,7940,631984,5204538935,116781431380,14435282,KSQ
475580,KR7475580007,에이럭스,KOSDAQ,벤처기업부,8530,2,-540,-5.95,9070,9070,8320,153317,1318409290,116220397000,13624900,KSQ
041590,KR7041590001,플래스크,KOSDAQ,관리종목(소속부없음),2370,0,0,0.0,0,0,0,0,0,116064014460,48972158,KSQ
047770,KR7047770003,코데즈컴바인,KOSDAQ,중견기업부,3065,1,25,0.82,3070,3085,2865,326223,970434355,115987575130,37842602,KSQ
063570,KR7063570006,NICE인프라,KOSDAQ,우량기업부,3385,2,-125,-3.56,3525,3525,3335,111646,379881775,115590059280,34147728,KSQ
041520,KR7041520008,이엘씨,KOSDAQ,투자주의환기종목(소속부없음),9450,2,-510,-5.12,10000,10010,9020,63248,592900420,115183498500,12188730,KSQ
059270,KR7059270009,해성에어로보틱스,KOSDAQ,기술성장기업부,10300,1,1770,20.75,8530,10720,8530,1066139,10795761400,115002579700,11165299,KSQ
235980,KR7235980000,메드팩토,KOSDAQ,기술성장기업부,3355,2,-175,-4.96,3560,3595,3220,205041,690750935,114993030955,34275121,KSQ
212710,KR7212710008,아이에스티이,KOSDAQ,기술성장기업부,11940,2,-340,-2.77,11990,13100,11600,219293,2674410715,114898357320,9622978,KSQ
309960,KR7309960003,LB인베스트먼트,KOSDAQ,중견기업부,4945,2,-5,-0.1,4970,5230,4785,177499,891026350,114809246855,23217239,KSQ
053260,KR7053260006,금강철강,KOSDAQ,우량기업부,6130,1,140,2.34,5940,6200,5550,140474,835667890,114753600000,18720000,KSQ
250060,KR7250060001,모비스,KOSDAQ,기술성장기업부,3560,2,-90,-2.47,3650,3670,3430,417641,1482614069,114529877840,32171314,KSQ
049520,KR7049520000,유아이엘,KOSDAQ,우량기업부,3710,2,-95,-2.5,3805,3805,3675,80103,297974635,114426138750,30842625,KSQ
234030,KR7234030005,싸이닉솔루션,KOSDAQ,중견기업부,4835,2,-225,-4.45,4905,5100,4805,146689,718040525,114130175000,23605000,KSQ
417500,KR7417500006,제이아이테크,KOSDAQ,우량기업부,3475,2,-165,-4.53,3640,3640,3330,318527,1113187356,113926985400,32784744,KSQ
493330,KR7493330005,지에프아이,KOSDAQ,벤처기업부,14830,1,470,3.27,14360,15010,13700,26676,387077520,113926225180,7682146,KSQ
039980,KR7039980008,폴라리스AI,KOSDAQ,중견기업부,7920,2,-510,-6.05,8510,8590,7910,357047,2893210800,113899214880,14381214,KSQ
389030,KR7389030008,지니너스,KOSDAQ,기술성장기업부,3390,2,-90,-2.59,3480,3795,3290,446034,1568866141,113864828550,33588445,KSQ
052260,KR7052260007,현대바이오랜드,KOSDAQ,우량기업부,3795,2,-135,-3.44,4000,4000,3770,114259,436848097,113850000000,30000000,KSQ
129920,KR7129920005,대성하이텍,KOSDAQ,벤처기업부,7000,2,-360,-4.89,7500,7600,6890,161806,1141446960,113740872000,16248696,KSQ
339950,KR7339950008,아이비김영,KOSDAQ,우량기업부,2530,1,10,0.4,2520,2535,2455,102763,256603190,113715037150,44946655,KSQ
054050,KR7054050000,NH농우바이오,KOSDAQ,우량기업부,7090,2,-90,-1.25,7180,7190,7020,26783,190313900,113656677490,16030561,KSQ
223250,KR7223250002,드림씨아이에스,KOSDAQ,벤처기업부,4620,2,-330,-6.67,4860,4935,4600,309506,1460581577,113654051280,24600444,KSQ
052900,KR7052900008,KX하이텍,KOSDAQ,우량기업부,1635,2,-103,-5.93,1745,1745,1616,2171463,3613526602,113601814320,69481232,KSQ
214680,KR7214680001,디알텍,KOSDAQ,벤처기업부,1353,2,-66,-4.65,1419,1433,1345,414320,571396297,112944456768,83477056,KSQ
049950,KR7049950009,미래컴퍼니,KOSDAQ,중견기업부,12800,2,-560,-4.19,13100,13590,12750,62520,810895735,112868915200,8817884,KSQ
067900,KR7067900001,와이엔텍,KOSDAQ,우량기업부,6200,2,-240,-3.73,6400,6580,6200,31081,194672180,112837885800,18199659,KSQ
263720,KR7263720005,디앤씨미디어,KOSDAQ,우량기업부,9080,2,-260,-2.78,9540,9540,9060,11503,105384450,112706326280,12412591,KSQ
396470,KR7396470007,워트,KOSDAQ,중견기업부,6990,2,-220,-3.05,7230,7260,6880,185832,1311413495,112678800000,16120000,KSQ
018120,KR7018120006,진로발효,KOSDAQ,우량기업부,17000,1,20,0.12,16900,17000,16900,1565,26559180,112559040000,6621120,KSQ
042510,KR7042510008,라온시큐어,KOSDAQ,벤처기업부,10060,2,-340,-3.27,10370,10400,9790,136236,1366687110,111724629680,11105828,KSQ
310200,KR7310200001,애니플러스,KOSDAQ,중견기업부,2140,2,-60,-2.73,2200,2235,2125,231786,501354014,111628469040,52162836,KSQ
456070,KR7456070002,이엔셀,KOSDAQ,기술성장기업부,10070,2,-350,-3.36,10450,10600,9930,69538,704679555,111059180190,11028717,KSQ
217820,KR7217820000,원익피앤이,KOSDAQ,중견기업부,2340,2,-205,-8.06,2510,2515,2270,456394,1088380502,111043668060,47454559,KSQ
065450,KR7065450009,빅텍,KOSDAQ,벤처기업부,3740,2,-90,-2.35,3830,3905,3715,414854,1571040731,110314303220,29495803,KSQ
085670,KR7085670008,뉴프렉스,KOSDAQ,우량기업부,4500,2,-240,-5.06,4730,4730,4460,281557,1282276670,110253424500,24500761,KSQ
025950,KR7025950007,동신건설,KOSDAQ,우량기업부,13100,2,-520,-3.82,13500,13500,12910,15787,206855765,110040000000,8400000,KSQ
052860,KR7052860004,아이앤씨,KOSDAQ,벤처기업부,6160,2,-70,-1.12,6230,6260,5900,62566,380352660,110035180640,17862854,KSQ
021320,KR7021320007,KCC건설,KOSDAQ,우량기업부,5130,2,-180,-3.39,5310,5360,5110,43567,227319770,109782000000,21400000,KSQ
141000,KR7141000000,비아트론,KOSDAQ,벤처기업부,9060,2,-430,-4.53,9490,9490,9010,63147,576468990,109759272600,12114710,KSQ
288180,KR7288180003,케이피항공산업,KOSDAQ,중견기업부,14800,1,20,0.14,14250,16670,14000,714961,11031471460,109420277600,7393262,KSQ
005860,KR7005860002,한일사료,KOSDAQ,우량기업부,2760,2,-115,-4.0,2875,2880,2725,563763,1569798939,108754170600,39403685,KSQ
322510,KR7322510009,제이엘케이,KOSDAQ,기술성장기업부,4215,2,-160,-3.66,4375,4415,4150,193603,818898435,108434634780,25725892,KSQ
225190,KR7225190008,LK삼양,KOSDAQ,중견기업부,1537,2,-128,-7.69,1665,1695,1520,846318,1335414268,108309992280,70468440,KSQ
330730,KR7330730003,스톤브릿지벤처스,KOSDAQ,벤처기업부,5940,2,-190,-3.1,6030,6130,5650,104730,625572290,108213910200,18217830,KSQ
131030,KR7131030009,옵투스제약,KOSDAQ,우량기업부,6130,2,-270,-4.22,6410,6410,5980,107891,667179880,108173596700,17646590,KSQ
009780,KR7009780008,엠에스씨,KOSDAQ,우량기업부,6140,2,-210,-3.31,6300,6340,6090,48216,298490315,108064000000,17600000,KSQ
228850,KR7228850004,레이언스,KOSDAQ,우량기업부,6460,2,-400,-5.83,6640,6820,6380,26853,174528335,107177950440,16591014,KSQ
038540,KR7038540001,상상인,KOSDAQ,중견기업부,1935,2,-43,-2.17,2000,2070,1921,110684,218106531,107060285655,55328313,KSQ
360070,KR7360070007,탑머티리얼,KOSDAQ,중견기업부,13040,2,-940,-6.72,13250,13930,13000,30534,405997955,106772080720,8188043,KSQ
377480,KR7377480009,마음AI,KOSDAQ,기술성장기업부,15000,1,1690,12.7,13840,15950,13400,659032,9790203725,106654125000,7110275,KSQ
038110,KR7038110003,에코플라스틱,KOSDAQ,우량기업부,2575,2,-65,-2.46,2610,2655,2545,466961,1207532909,106011127750,41169370,KSQ
282720,KR7282720002,금양그린파워,KOSDAQ,중견기업부,8740,2,-390,-4.27,9100,9280,8630,96529,850984790,105924430000,12119500,KSQ
045970,KR7045970001,코아시아,KOSDAQ,중견기업부,4025,2,-275,-6.4,4300,4415,4000,164699,677165092,105917375900,26314876,KSQ
389140,KR7389140005,포바이포,KOSDAQ,벤처기업부,7420,2,-950,-11.35,8030,8650,7360,894675,6969723895,105881433700,14269735,KSQ
0007J0,KR70007J0006,인벤테라,KOSDAQ,기술성장기업부,13430,2,-640,-4.55,14070,14100,13100,50500,681780410,105636539020,7865714,KSQ
950190,KR8344390008,고스트스튜디오,KOSDAQ,외국기업(소속부없음),8110,1,40,0.5,8120,8650,8080,98728,826245005,105568348490,13017059,KSQ
073560,KR7073560005,우리손에프앤지,KOSDAQ,우량기업부,1524,2,-53,-3.36,1570,1575,1522,126859,194806757,105518167932,69237643,KSQ
029480,KR7029480001,광무,KOSDAQ,중견기업부,1761,2,-103,-5.53,1871,1871,1733,276951,489834156,105165391452,59719132,KSQ
189330,KR7189330004,씨이랩,KOSDAQ,기술성장기업부,11200,1,470,4.38,11020,11590,10370,728815,7948354365,105081580800,9382284,KSQ
066310,KR7066310004,큐에스아이,KOSDAQ,벤처기업부,11320,2,-610,-5.11,11760,11870,10780,246237,2779337170,104954749720,9271621,KSQ
096250,KR7096250006,와이즈넛,KOSDAQ,기술성장기업부,8000,2,-600,-6.98,8640,8930,7980,87669,723121415,104842752000,13105344,KSQ
182360,KR7182360008,큐브엔터,KOSDAQ,우량기업부,6740,2,-280,-3.99,7060,7090,6360,50492,339672495,104805982260,15549849,KSQ
044990,KR7044990000,에이치엔에스하이텍,KOSDAQ,기술성장기업부,13600,2,-410,-2.93,14000,14180,13590,43653,598858305,104521780000,7685425,KSQ
066980,KR7066980004,한성크린텍,KOSDAQ,벤처기업부,2010,2,-235,-10.47,2215,2215,1951,2423025,4908719066,104389601250,51935125,KSQ
092040,KR7092040005,아미코젠,KOSDAQ,기술성장기업부,1471,2,-104,-6.6,1575,1585,1452,548724,821286986,103934074277,70655387,KSQ
413630,KR7413630005,씨피시스템,KOSDAQ,벤처기업부,2850,2,-75,-2.56,2925,2980,2775,137937,392842401,103844384100,36436626,KSQ
109610,KR7109610006,에스와이,KOSDAQ,중견기업부,2120,2,-150,-6.61,2240,2245,2105,346988,746751100,103683688000,48907400,KSQ
035080,KR7035080001,그래디언트,KOSDAQ,중견기업부,9010,2,-490,-5.16,9410,9500,8940,37817,343826515,102995868840,11431284,KSQ
049080,KR7049080005,기가레인,KOSDAQ,벤처기업부,1204,2,-87,-6.74,1291,1350,1165,3384169,4072432560,102199549788,84883347,KSQ
136150,KR7136150000,원일티엔아이,KOSDAQ,벤처기업부,12170,2,-690,-5.37,12860,12890,12000,35030,431291690,101997135100,8381030,KSQ
443670,KR7443670005,에스피소프트,KOSDAQ,중견기업부,4120,1,30,0.73,4090,4335,4070,160552,668677933,101934535040,24741392,KSQ
290720,KR7290720002,푸드나무,KOSDAQ,중견기업부,2895,2,-130,-4.3,3030,3060,2815,58285,172365515,101678601090,35122142,KSQ
090470,KR7090470006,제이스로보틱스,KOSDAQ,벤처기업부,5810,2,-200,-3.33,6010,6160,5620,41306,242755660,101539011140,17476594,KSQ
000440,KR7000440008,중앙에너비스,KOSDAQ,중견기업부,16300,2,-140,-0.85,16440,16700,15800,19929,322060390,101502219000,6227130,KSQ
063080,KR7063080006,컴투스홀딩스,KOSDAQ,중견기업부,15370,2,-550,-3.45,15920,15920,15000,22428,342217860,101368101040,6595192,KSQ
417970,KR7417970001,모델솔루션,KOSDAQ,우량기업부,15830,2,-520,-3.18,16610,16990,15510,60331,981586045,101259761000,6396700,KSQ
039340,KR7039340005,한국경제TV,KOSDAQ,우량기업부,4600,2,-70,-1.5,4690,4690,4600,1558,7224320,101200000000,22000000,KSQ
217330,KR7217330000,싸이토젠,KOSDAQ,기술성장기업부,4370,1,115,2.7,4260,4800,4260,267998,1231960796,101076120390,23129547,KSQ
076610,KR7076610005,해성옵틱스,KOSDAQ,벤처기업부,1830,2,-99,-5.13,1920,2010,1740,1591336,3000670339,100971055200,55175440,KSQ
023900,KR7023900004,풍국주정,KOSDAQ,우량기업부,8010,2,-220,-2.67,8210,8290,8000,34886,282980155,100926000000,12600000,KSQ
104460,KR7104460001,디와이피엔에프,KOSDAQ,우량기업부,9590,2,-760,-7.34,10280,10440,9510,83588,813201705,100868588590,10518101,KSQ
0015S0,KR70015S0005,페스카로,KOSDAQ,기술성장기업부,10220,2,-160,-1.54,10280,10730,10020,52511,543098270,100837980600,9866730,KSQ
032300,KR7032300006,한국파마,KOSDAQ,중견기업부,9130,2,-310,-3.28,9440,9570,9090,29081,269888270,99578180130,10906701,KSQ
059210,KR7059210005,메타바이오메드,KOSDAQ,우량기업부,3660,2,-180,-4.69,3760,3830,3600,205863,753761555,99447488700,27171445,KSQ
246720,KR7246720007,아스타,KOSDAQ,관리종목(소속부없음),6070,0,0,0.0,0,0,0,0,0,99434491000,16381300,KSQ
120240,KR7120240007,대정화금,KOSDAQ,우량기업부,13810,2,-130,-0.93,13960,13990,13600,25699,353592170,99299299710,7190391,KSQ
348350,KR7348350000,위드텍,KOSDAQ,벤처기업부,9930,2,-640,-6.05,10570,10600,9750,52150,527026470,99087498000,9978600,KSQ
131370,KR7131370009,알서포트,KOSDAQ,벤처기업부,1857,2,-85,-4.38,1942,1946,1855,233269,440264792,98916973131,53267083,KSQ
357230,KR7357230002,에이치피오,KOSDAQ,우량기업부,2395,2,-175,-6.81,2570,2590,2370,271467,665139524,98897875020,41293476,KSQ
950130,KR8840090003,엑세스바이오,KOSDAQ,외국기업(소속부없음),2810,2,-240,-7.87,3050,3050,2800,138115,394577190,98838473540,35173834,KSQ
100590,KR7100590009,머큐리,KOSDAQ,중견기업부,5760,2,-340,-5.57,6040,6040,5500,334653,1925141785,98723779200,17139545,KSQ
047820,KR7047820006,초록뱀미디어,KOSDAQ,중견기업부,4010,2,-190,-4.52,4170,4205,3985,47068,190380565,98060259300,24453930,KSQ
226400,KR7226400000,오스테오닉,KOSDAQ,기술성장기업부,4740,2,-350,-6.88,5090,5130,4705,406161,1948021835,97935988740,20661601,KSQ
100700,KR7100700004,세운메디칼,KOSDAQ,우량기업부,2230,2,-75,-3.25,2305,2305,2220,190450,428952658,97674000000,43800000,KSQ
099750,KR7099750002,이지케어텍,KOSDAQ,벤처기업부,7130,2,-180,-2.46,7300,7300,6980,37625,268682850,97389903490,13659173,KSQ
101330,KR7101330009,모베이스,KOSDAQ,중견기업부,4205,2,-150,-3.44,4355,4400,4170,153456,650825720,97333256945,23147029,KSQ
066790,KR7066790007,씨씨에스,KOSDAQ,관리종목(소속부없음),1493,0,0,0.0,0,0,0,0,0,97271994227,65152039,KSQ
149980,KR7149980005,하이로닉,KOSDAQ,중견기업부,4580,2,-260,-5.37,4980,4980,4485,68186,317934866,97070182540,21194363,KSQ
352090,KR7352090005,스톰테크,KOSDAQ,우량기업부,3610,2,-85,-2.3,3710,3710,3560,48661,175822305,97011522780,26872998,KSQ
078140,KR7078140001,대봉엘에스,KOSDAQ,우량기업부,8740,2,-190,-2.13,8930,8930,8640,24887,217412000,96896700460,11086579,KSQ
173130,KR7173130006,오파스넷,KOSDAQ,중견기업부,7420,1,230,3.2,7190,7480,7050,176514,1293022530,96804829660,13046473,KSQ
024880,KR7024880007,케이피에프,KOSDAQ,우량기업부,4800,2,-155,-3.13,4955,4975,4690,183835,888988309,96781219200,20162754,KSQ
033340,KR7033340001,좋은사람들,KOSDAQ,중견기업부,998,2,-60,-5.67,1020,1020,971,1505351,1495178015,96756656884,96950558,KSQ
068240,KR7068240001,다원시스,KOSDAQ,관리종목(소속부없음),2530,0,0,0.0,0,0,0,0,0,96553495610,38163437,KSQ
042500,KR7042500009,링네트,KOSDAQ,우량기업부,4330,2,-60,-1.37,4380,4490,4280,186393,808403162,96520653520,22291144,KSQ
246710,KR7246710008,티앤알바이오팹,KOSDAQ,기술성장기업부,2020,2,-20,-0.98,2085,2140,1997,265499,539530345,96282298080,47664504,KSQ
321260,KR7321260002,프로이천,KOSDAQ,벤처기업부,3415,2,-355,-9.42,3625,3775,3360,1136532,4010236660,96275966860,28192084,KSQ
464490,KR7464490002,쿼드메디슨,KOSDAQ,기술성장기업부,8380,2,-730,-8.01,9110,9110,8220,102863,876573465,96220106940,11482113,KSQ
096240,KR7096240007,크레버스,KOSDAQ,우량기업부,8960,2,-240,-2.61,9140,9190,8900,23431,211514800,96214092800,10738180,KSQ
074430,KR7074430000,아미노로직스,KOSDAQ,중견기업부,1095,2,-98,-8.21,1194,1195,1094,295297,334027341,96170394180,87826844,KSQ
265740,KR7265740001,엔에프씨,KOSDAQ,벤처기업부,5380,2,-190,-3.41,5560,5630,5360,79462,433192710,96106168000,17863600,KSQ
451220,KR7451220008,아이엠티,KOSDAQ,기술성장기업부,12200,2,-820,-6.3,12980,12980,12200,85133,1061091490,96070254200,7874611,KSQ
063170,KR7063170005,서울옥션,KOSDAQ,중견기업부,5400,2,-230,-4.09,5650,5650,5350,76664,418649980,95981041800,17774267,KSQ
086710,KR7086710001,선진뷰티사이언스,KOSDAQ,우량기업부,7850,2,-270,-3.33,8250,8250,7500,35468,279529245,95795748000,12203280,KSQ
033290,KR7033290008,로젠,KOSDAQ,우량기업부,1700,2,-3,-0.18,1719,1719,1648,64679,109034749,95465711700,56156301,KSQ
408470,KR7408470003,한패스,KOSDAQ,중견기업부,9010,2,-430,-4.56,9440,9440,8970,53845,491479695,95253720000,10572000,KSQ
411080,KR7411080005,샌즈랩,KOSDAQ,기술성장기업부,6200,2,-200,-3.13,6330,6390,6060,84478,521542975,94659355600,15267638,KSQ
489460,KR7489460006,바이오비쥬,KOSDAQ,벤처기업부,6260,1,50,0.81,6070,6260,5610,64469,382055995,94178131800,15044430,KSQ
094840,KR7094840006,슈프리마에이치큐,KOSDAQ,벤처기업부,9590,2,-390,-3.91,9980,10020,9400,24970,240376810,94040585310,9806109,KSQ
311320,KR7311320006,지오엘리먼트,KOSDAQ,기술성장기업부,7450,2,-460,-5.82,7910,7980,7380,89908,686212260,93978472000,12614560,KSQ
036220,KR7036220002,오상헬스케어,KOSDAQ,우량기업부,6560,2,-270,-3.95,6790,6820,6500,34125,225242505,93869768960,14309416,KSQ
117670,KR7117670000,알파칩스,KOSDAQ,벤처기업부,14040,2,-860,-5.77,14900,14990,14020,30678,439758935,93530857680,6661742,KSQ
067000,KR7067000000,조이시티,KOSDAQ,중견기업부,1337,2,-84,-5.91,1421,1448,1321,432482,584142834,93460907302,69903446,KSQ
072950,KR7072950009,빛샘전자,KOSDAQ,벤처기업부,11570,2,-460,-3.82,12040,12140,10810,301772,3453473820,93168697700,8052610,KSQ
035610,KR7035610005,솔본,KOSDAQ,투자주의환기종목(소속부없음),3400,2,-115,-3.27,3500,3500,3340,36698,124475970,92976389800,27345997,KSQ
460940,KR7460940000,피앤에스로보틱스,KOSDAQ,기술성장기업부,6900,1,150,2.22,6810,7210,6730,108313,750584485,92841432000,13455280,KSQ
052420,KR7052420007,오성첨단소재,KOSDAQ,우량기업부,9510,2,-800,-7.76,10010,10280,9500,156151,1525564120,92646505590,9742009,KSQ
225530,KR7225530005,HC보광산업,KOSDAQ,우량기업부,2540,2,-100,-3.79,2630,2640,2410,78819,195104425,92300366580,36338727,KSQ
040910,KR7040910002,아이씨디,KOSDAQ,중견기업부,5070,3,0,0.0,5070,5490,4980,109175,572323300,92143574250,18174275,KSQ
088390,KR7088390000,이녹스,KOSDAQ,중견기업부,9770,2,-540,-5.24,9850,10220,9510,20309,199190175,91699695880,9385844,KSQ
262260,KR7262260003,에이프로,KOSDAQ,우량기업부,6080,2,-550,-8.3,6700,6700,6020,254411,1591200860,91672172800,15077660,KSQ
298540,KR7298540006,더네이쳐홀딩스,KOSDAQ,우량기업부,6320,2,-530,-7.74,6800,6800,6290,63997,407862375,91553959520,14486386,KSQ
053580,KR7053580007,웹케시,KOSDAQ,우량기업부,7050,2,-120,-1.67,7800,7800,6820,42424,300953090,91328773800,12954436,KSQ
303810,KR7303810006,동국생명과학,KOSDAQ,중견기업부,2845,2,-40,-1.39,2865,2935,2780,130285,371277984,90994878300,31984140,KSQ
100130,KR7100130004,동국S&C,KOSDAQ,중견기업부,1592,2,-143,-8.24,1735,1750,1576,192520,310059209,90971656000,57143000,KSQ
131400,KR7131400004,이브이첨단소재,KOSDAQ,벤처기업부,1524,2,-201,-11.65,1709,1711,1510,3137751,5003833980,90818028168,59591882,KSQ
101670,KR7101670008,하이드로리튬,KOSDAQ,중견기업부,1596,2,-123,-7.16,1714,1714,1566,952487,1534383028,90616390452,56777187,KSQ
079810,KR7079810008,APS이노베이션,KOSDAQ,우량기업부,4205,2,-245,-5.51,4450,4450,4185,191278,817376519,90525635270,21528094,KSQ
382480,KR7382480002,지아이텍,KOSDAQ,벤처기업부,2300,2,-65,-2.75,2365,2400,2235,444290,1025992190,90521422000,39357140,KSQ
066700,KR7066700006,테라젠이텍스,KOSDAQ,중견기업부,2435,2,-100,-3.94,2480,2560,2430,154539,380449120,90466035560,37152376,KSQ
476040,KR7476040001,오가노이드사이언스,KOSDAQ,기술성장기업부,13680,2,-1090,-7.38,14770,14990,13650,76313,1075484860,90093196800,6585760,KSQ
142280,KR7142280007,녹십자엠에스,KOSDAQ,중견기업부,4140,2,-300,-6.76,4360,4500,4110,805493,3391547754,90011573640,21741926,KSQ
330350,KR7330350000,위더스제약,KOSDAQ,우량기업부,6760,2,-190,-2.73,6950,6950,6670,50178,339611950,89246459640,13202139,KSQ
041930,KR7041930009,SY동아,KOSDAQ,우량기업부,5870,2,-90,-1.51,6110,6180,5840,54374,325206000,89224000000,15200000,KSQ
203690,KR7203690003,아크솔루션스,KOSDAQ,관리종목(소속부없음),4425,0,0,0.0,0,0,0,0,0,89196141000,20157320,KSQ
039010,KR7039010004,현대에이치티,KOSDAQ,우량기업부,10330,1,550,5.62,9780,10560,9690,93098,954340270,89096250000,8625000,KSQ
011370,KR7011370004,서한,KOSDAQ,우량기업부,879,2,-20,-2.22,899,902,866,209988,184970216,88686586335,100894865,KSQ
040420,KR7040420002,정상제이엘에스,KOSDAQ,우량기업부,5650,2,-40,-0.7,5680,5720,5620,49545,280263280,88578168800,15677552,KSQ
419050,KR7419050000,삼기에너지솔루션즈,KOSDAQ,중견기업부,1548,2,-46,-2.89,1594,1595,1527,197511,305873476,88539779520,57196240,KSQ
263800,KR7263800005,데이타솔루션,KOSDAQ,중견기업부,5450,1,410,8.13,5120,5800,5120,1420049,7823317055,88428321000,16225380,KSQ
294630,KR7294630009,서남,KOSDAQ,기술성장기업부,3350,2,-100,-2.9,3610,3610,3260,328038,1110048500,88327168650,26366319,KSQ
424960,KR7424960003,스마트레이더시스템,KOSDAQ,기술성장기업부,5340,2,-320,-5.65,5660,5760,5320,150760,822317265,88030487400,16485110,KSQ
123010,KR7123010001,알엔티엑스,KOSDAQ,기술성장기업부,2615,2,-170,-6.1,2800,2830,2525,611410,1598875680,87922228205,33622267,KSQ
072020,KR7072020001,중앙백신,KOSDAQ,벤처기업부,9290,2,-160,-1.69,9530,9530,9200,38809,360261740,87871202230,9458687,KSQ
251120,KR7251120002,바이오에프디엔씨,KOSDAQ,기술성장기업부,10100,2,-220,-2.13,10520,10520,9600,23469,234954230,87826570000,8695700,KSQ
418470,KR7418470001,KT밀리의서재,KOSDAQ,우량기업부,10240,2,-290,-2.75,10410,10520,10130,31342,320621090,87713679360,8565789,KSQ
302430,KR7302430004,이노메트리,KOSDAQ,벤처기업부,8920,1,260,3.0,8660,9860,8640,136176,1267785255,87712215360,9833208,KSQ
475430,KR7475430005,키스트론,KOSDAQ,중견기업부,4910,2,-100,-2.0,5000,5100,4785,308321,1517341276,87634220100,17848110,KSQ
302550,KR7302550009,리메드,KOSDAQ,기술성장기업부,2830,2,-60,-2.08,2890,2895,2800,118391,335079265,87467234500,30907150,KSQ
347890,KR7347890006,엠엑스온,KOSDAQ,벤처기업부,5140,2,-270,-4.99,5500,5500,5030,45826,237645050,87190868560,16963204,KSQ
093920,KR7093920007,서원인텍,KOSDAQ,우량기업부,4685,2,-115,-2.4,4870,4870,4675,50381,237918131,87141000000,18600000,KSQ
253840,KR7253840003,수젠텍,KOSDAQ,중견기업부,5200,2,-410,-7.31,5570,5590,5120,425909,2241881430,87064640000,16743200,KSQ
337930,KR7337930002,젝시믹스,KOSDAQ,우량기업부,2930,2,-75,-2.5,3010,3040,2900,155335,458493404,86952071750,29676475,KSQ
457370,KR7457370005,한켐,KOSDAQ,중견기업부,10760,2,-1210,-10.11,11850,12350,10600,888537,10012101950,86748561840,8062134,KSQ
432470,KR7432470003,케이엔에스,KOSDAQ,벤처기업부,9880,2,-350,-3.42,10230,10380,9780,32330,321883700,86662973280,8771556,KSQ
010280,KR7010280006,아이티센엔텍,KOSDAQ,우량기업부,6650,1,90,1.37,6550,6870,6200,107003,705019210,86614634050,13024757,KSQ
009300,KR7009300005,삼아제약,KOSDAQ,우량기업부,13590,2,-920,-6.34,14600,14600,13510,18758,260546750,86568300000,6370000,KSQ
043610,KR7043610005,KT지니뮤직,KOSDAQ,중견기업부,1485,2,-33,-2.17,1518,1540,1482,47739,71650234,86301425430,58115438,KSQ
011320,KR7011320009,유니크,KOSDAQ,우량기업부,4465,3,0,0.0,4460,4510,4280,109493,483811350,86266903175,19320695,KSQ
130580,KR7130580004,나이스디앤비,KOSDAQ,우량기업부,5600,2,-40,-0.71,5600,5650,5530,7663,42883270,86240000000,15400000,KSQ
208370,KR7208370007,셀바스헬스케어,KOSDAQ,벤처기업부,3350,2,-155,-4.42,3460,3535,3320,173829,588482126,86230889400,25740564,KSQ
370090,KR7370090003,퓨런티어,KOSDAQ,기술성장기업부,10050,2,-150,-1.47,10200,10500,9800,62271,625547950,85996141500,8556830,KSQ
205470,KR7205470008,휴마시스,KOSDAQ,중견기업부,3475,2,-85,-2.39,3500,3560,3375,176686,610644736,85745628475,24675001,KSQ
058630,KR7058630005,엠게임,KOSDAQ,우량기업부,4460,2,-275,-5.81,4615,4695,4425,119386,537339140,85643480040,19202574,KSQ
317830,KR7317830008,에스피시스템스,KOSDAQ,벤처기업부,7930,2,-70,-0.88,8070,8420,7890,111095,903594915,85436376740,10773818,KSQ
004590,KR7004590006,한국가구,KOSDAQ,중견기업부,5680,2,-430,-7.04,6110,6110,5600,92079,537577220,85200000000,15000000,KSQ
004650,KR7004650008,창해에탄올,KOSDAQ,우량기업부,9230,2,-140,-1.49,9370,9390,9150,38835,357823220,84831868550,9190885,KSQ
066590,KR7066590001,스모트로닉,KOSDAQ,중견기업부,2190,2,-30,-1.35,2220,2275,2100,183620,405842060,84704682030,38677937,KSQ
024830,KR7024830002,세원물산,KOSDAQ,관리종목(소속부없음),10130,2,-160,-1.55,10100,10300,10100,739,7484870,84585500000,8350000,KSQ
054670,KR7054670005,대한뉴팜,KOSDAQ,우량기업부,5890,2,-90,-1.51,5990,6020,5850,44776,265440130,84550478800,14354920,KSQ
003310,KR7003310000,대주산업,KOSDAQ,우량기업부,2380,2,-90,-3.64,2475,2505,2355,581306,1396693495,84233793000,35392350,KSQ
048530,KR7048530000,인트론바이오,KOSDAQ,기술성장기업부,2720,2,-75,-2.68,2800,2895,2660,173782,478590037,84025581760,30891758,KSQ
950220,KR8840140006,네오이뮨텍,KOSDAQ,기술성장기업부,501,0,0,0.0,0,0,0,0,0,83987339400,167639400,KSQ
049180,KR7049180003,셀루메드,KOSDAQ,투자주의환기종목(소속부없음),1009,0,0,0.0,0,0,0,0,0,83975227728,83226192,KSQ
183490,KR7183490002,엔지켐생명과학,KOSDAQ,관리종목(소속부없음),990,0,0,0.0,0,0,0,0,0,83793832650,84640235,KSQ
048770,KR7048770002,TPC로보틱스,KOSDAQ,벤처기업부,5320,2,-120,-2.21,5580,6430,5310,2070232,12249366855,83513312120,15697991,KSQ
019550,KR7019550003,SBI인베스트먼트,KOSDAQ,중견기업부,1030,2,-106,-9.33,1105,1180,1027,1169972,1250065934,83464285610,81033287,KSQ
277880,KR7277880001,티에스아이,KOSDAQ,우량기업부,4180,2,-245,-5.54,4425,4425,4150,116918,495342163,82944626160,19843212,KSQ
362320,KR7362320004,청담글로벌,KOSDAQ,중견기업부,3915,2,-170,-4.16,4000,4080,3800,61569,243294314,82807300350,21151290,KSQ
273640,KR7273640003,와이엠텍,KOSDAQ,벤처기업부,7540,2,-460,-5.75,8000,8120,7500,79176,614924345,82683640000,10966000,KSQ
091120,KR7091120006,이엠텍,KOSDAQ,중견기업부,4800,2,-220,-4.38,4980,5080,4705,96816,469549840,82238092800,17132936,KSQ
007820,KR7007820004,엠엑스로보틱스,KOSDAQ,중견기업부,4100,2,-155,-3.64,4255,4415,4100,167758,709430376,82139178600,20033946,KSQ
170030,KR7170030001,현대공업,KOSDAQ,우량기업부,5350,2,-100,-1.83,5390,5600,5300,75456,403794130,82069000000,15340000,KSQ
037760,KR7037760006,쎄니트,KOSDAQ,중견기업부,2425,2,-10,-0.41,2425,2435,2370,10110,24192600,82044833425,33832921,KSQ
019540,KR7019540004,일지테크,KOSDAQ,우량기업부,6070,2,-30,-0.49,6490,6740,5980,243409,1543677215,82026945000,13513500,KSQ
089230,KR7089230007,THE E&M,KOSDAQ,중견기업부,2190,2,-360,-14.12,2500,2500,2180,814803,1859296320,81952765260,37421354,KSQ
234300,KR7234300002,에스트래픽,KOSDAQ,우량기업부,3005,2,-5,-0.17,3020,3070,2975,86447,260146357,81759378900,27207780,KSQ
347860,KR7347860009,알체라,KOSDAQ,중견기업부,1979,1,108,5.77,1920,2375,1915,2599090,5482145585,81734585987,41300953,KSQ
238090,KR7238090005,앤디포스,KOSDAQ,벤처기업부,2680,2,-175,-6.13,2855,2880,2610,86709,233880526,81714379200,30490440,KSQ
265560,KR7265560003,영화테크,KOSDAQ,우량기업부,7640,2,-400,-4.98,8040,8040,7590,45611,354057290,81672975200,10690180,KSQ
175250,KR7175250000,아이큐어,KOSDAQ,관리종목(소속부없음),2170,0,0,0.0,0,0,0,0,0,81501658560,37558368,KSQ
299660,KR7299660001,셀리드,KOSDAQ,기술성장기업부,2760,2,-240,-8.0,3095,3095,2725,417864,1182264873,81428216520,29502977,KSQ
030960,KR7030960009,양지사,KOSDAQ,중견기업부,5090,2,-410,-7.45,5460,5560,5000,50829,261371870,81338200000,15980000,KSQ
307870,KR7307870006,비투엔,KOSDAQ,벤처기업부,1093,2,-10,-0.91,1115,1179,1070,373267,412701015,81209118505,74299285,KSQ
094940,KR7094940004,푸른로보틱스,KOSDAQ,벤처기업부,9700,1,130,1.36,9800,10440,9590,345671,3430772760,81105444200,8361386,KSQ
412540,KR7412540007,제일엠앤에스,KOSDAQ,관리종목(소속부없음),3935,0,0,0.0,0,0,0,0,0,81063616775,20600665,KSQ
413390,KR7413390006,엠오티,KOSDAQ,중견기업부,7000,2,-80,-1.13,7090,7240,6950,49028,345883850,81061260000,11580180,KSQ
060590,KR7060590007,씨티씨바이오,KOSDAQ,중견기업부,3345,2,-145,-4.15,3460,3480,3250,102073,339645280,80885511900,24181020,KSQ
463020,KR7463020008,뉴엔AI,KOSDAQ,기술성장기업부,9090,2,-690,-7.06,9780,9980,9060,45757,428235895,80711928000,8879200,KSQ
054620,KR7054620000,APS,KOSDAQ,중견기업부,4375,2,-345,-7.31,4655,4715,4340,112703,500566325,80474716875,18394221,KSQ
452200,KR7452200009,민테크,KOSDAQ,기술성장기업부,3320,2,-180,-5.14,3480,3965,3290,628252,2234128877,80452896000,24232800,KSQ
448710,KR7448710004,코츠테크놀로지,KOSDAQ,벤처기업부,15220,2,-680,-4.28,15680,15970,15010,37823,581592145,80442144240,5285292,KSQ
054040,KR7054040001,한국컴퓨터,KOSDAQ,우량기업부,4990,2,-50,-0.99,5040,5110,4900,51914,258856725,80195737100,16071290,KSQ
084730,KR7084730001,팅크웨어,KOSDAQ,중견기업부,7200,2,-140,-1.91,7340,7340,6930,55893,395362480,79987852800,11109424,KSQ
024740,KR7024740003,한일단조,KOSDAQ,우량기업부,2430,2,-110,-4.33,2490,2525,2400,291581,715305259,79939829070,32897049,KSQ
056360,KR7056360001,코위버,KOSDAQ,벤처기업부,8150,2,-460,-5.34,8610,8650,7930,196519,1601923440,79843920000,9796800,KSQ
006140,KR7006140008,피제이전자,KOSDAQ,우량기업부,5370,2,-220,-3.94,5600,5630,5340,55357,302307290,79825050000,14865000,KSQ
014970,KR7014970008,삼륭물산,KOSDAQ,중견기업부,5380,2,-180,-3.24,5450,5610,5200,37258,199928820,79758500000,14825000,KSQ
222160,KR7222160004,NPX,KOSDAQ,관리종목(소속부없음),8040,0,0,0.0,0,0,0,0,0,79551289560,9894439,KSQ
102370,KR7102370004,케이옥션,KOSDAQ,기술성장기업부,2920,1,105,3.73,2815,2985,2700,92236,265584900,79509293200,27229210,KSQ
041910,KR7041910001,폴라리스AI파마,KOSDAQ,우량기업부,5980,2,-410,-6.42,6390,6390,5910,190352,1156298165,79434433000,13283350,KSQ
048550,KR7048550008,SM C&C,KOSDAQ,중견기업부,819,2,-61,-6.93,881,883,800,433106,360154883,79209273780,96714620,KSQ
201490,KR7201490000,미투온,KOSDAQ,중견기업부,2420,2,-45,-1.83,2455,2500,2350,219689,534033455,78877020200,32593810,KSQ
020710,KR7020710000,시공테크,KOSDAQ,우량기업부,3930,2,-35,-0.88,3870,3985,3825,137535,532493575,78788522100,20047970,KSQ
228670,KR7228670006,레이,KOSDAQ,벤처기업부,5020,2,-270,-5.1,5250,5300,4920,134415,675293440,78512905420,15640021,KSQ
065510,KR7065510000,휴비츠,KOSDAQ,우량기업부,6800,2,-140,-2.02,7040,7040,6720,45601,310818325,78103868400,11485863,KSQ
261780,KR7261780001,아리바이오랩,KOSDAQ,기술성장기업부,2900,2,-305,-9.52,3040,3105,2840,1532813,4497376191,78047688400,26912996,KSQ
060310,KR7060310000,3S,KOSDAQ,벤처기업부,1470,2,-55,-3.61,1480,1541,1424,925978,1362016998,77996788800,53059040,KSQ
026150,KR7026150003,특수건설,KOSDAQ,중견기업부,4445,2,-305,-6.42,4705,4745,4410,137106,617567364,77993441295,17546331,KSQ
340360,KR7340360007,다보링크,KOSDAQ,투자주의환기종목(소속부없음),1498,2,-86,-5.43,1585,1585,1489,348855,531963804,77990032456,52062772,KSQ
082850,KR7082850009,우리바이오,KOSDAQ,중견기업부,1609,2,-82,-4.85,1657,1691,1594,294234,477494946,77966634002,48456578,KSQ
081180,KR7081180002,쎄크,KOSDAQ,기술성장기업부,8830,2,-670,-7.05,9490,9490,8710,189924,1685495030,77929474050,8825535,KSQ
017650,KR7017650003,대림제지,KOSDAQ,우량기업부,8860,2,-370,-4.01,9140,9140,8800,58665,526625730,77835100000,8785000,KSQ
058400,KR7058400003,KNN,KOSDAQ,우량기업부,587,2,-19,-3.14,589,600,577,281211,165605797,77736245640,132429720,KSQ
044340,KR7044340008,위닉스,KOSDAQ,중견기업부,4340,2,-95,-2.14,4355,4540,4325,51882,228560424,77570664500,17873425,KSQ
459100,KR7459100004,위츠,KOSDAQ,중견기업부,5750,2,-240,-4.01,5990,6070,5690,65251,380368470,77430075000,13466100,KSQ
315640,KR7315640003,딥노이드,KOSDAQ,기술성장기업부,2635,2,-195,-6.89,2830,2830,2575,278368,741309658,77395831320,29372232,KSQ
025550,KR7025550005,한국선재,KOSDAQ,중견기업부,3030,2,-95,-3.04,3100,3140,3000,183715,563375720,77307432120,25514004,KSQ
049480,KR7049480007,오픈베이스,KOSDAQ,우량기업부,2460,1,10,0.41,2460,2605,2380,612522,1534176039,77299062180,31422383,KSQ
014470,KR7014470009,부방,KOSDAQ,벤처기업부,1287,2,-36,-2.72,1315,1323,1278,190312,246178994,77287258620,60052260,KSQ
171120,KR7171120009,라이온켐텍,KOSDAQ,우량기업부,2150,2,-10,-0.46,2155,2180,2080,187890,399192065,77188784000,35901760,KSQ
067170,KR7067170001,오텍,KOSDAQ,중견기업부,3080,2,-275,-8.2,3260,3270,3000,734666,2288278620,76984131840,24994848,KSQ
110790,KR7110790003,크리스에프앤씨,KOSDAQ,우량기업부,3285,2,-170,-4.92,3455,3455,3230,10719,35518380,76970703600,23430960,KSQ
067570,KR7067570002,엔브이에이치코리아,KOSDAQ,중견기업부,1824,2,-100,-5.2,1918,1923,1820,182823,340885531,76918080000,42170000,KSQ
036640,KR7036640001,HRS,KOSDAQ,우량기업부,4695,2,-115,-2.39,4820,4850,4675,101314,478415611,76785786000,16354800,KSQ
251630,KR7251630000,브이원텍,KOSDAQ,벤처기업부,4810,2,-170,-3.41,4980,5240,4770,52340,256435860,76685281660,15942886,KSQ
038680,KR7038680005,에스넷,KOSDAQ,우량기업부,3850,1,15,0.39,3830,4200,3775,276103,1080962694,76663671700,19912642,KSQ
092300,KR7092300003,현우산업,KOSDAQ,우량기업부,3835,2,-150,-3.76,4100,4100,3630,271250,1043426557,76551627685,19961311,KSQ
067290,KR7067290007,JW신약,KOSDAQ,중견기업부,1362,2,-83,-5.74,1445,1469,1359,271511,376603249,76322534286,56037103,KSQ
263600,KR7263600009,덕우전자,KOSDAQ,중견기업부,4790,2,-130,-2.64,4920,5060,4735,82538,397823927,76306184900,15930310,KSQ
128660,KR7128660008,피제이메탈,KOSDAQ,우량기업부,3070,1,5,0.16,3070,3110,2970,115133,351886194,76146342830,24803369,KSQ
064800,KR7064800006,포니링크,KOSDAQ,중견기업부,2970,2,-420,-12.39,3350,3350,2925,107647,325247100,75917533230,25561459,KSQ
348150,KR7348150004,고바이오랩,KOSDAQ,기술성장기업부,3905,3,0,0.0,3905,3985,3700,104156,396229779,75830761545,19418889,KSQ
0015N0,KR70015N0000,아로마티카,KOSDAQ,벤처기업부,5960,2,-450,-7.02,6240,6410,5900,133658,810161850,75781698000,12715050,KSQ
096350,KR7096350004,대창솔루션,KOSDAQ,벤처기업부,2055,2,-40,-1.91,2055,2200,2000,560825,1161810780,75736535910,36854762,KSQ
900260,HK0000295359,로스웰,KOSDAQ,외국기업(소속부없음),1644,1,10,0.61,1650,1681,1635,14055,23382652,75672836664,46029706,KSQ
012700,KR7012700001,리드코프,KOSDAQ,우량기업부,2885,2,-95,-3.19,2965,3000,2880,89552,261993738,75572148020,26194852,KSQ
124560,KR7124560004,태웅로직스,KOSDAQ,우량기업부,1950,2,-42,-2.11,1992,1998,1900,129832,254290531,75505581450,38720811,KSQ
217190,KR7217190008,제너셈,KOSDAQ,벤처기업부,5740,2,-160,-2.71,5840,5880,5580,138315,790179040,75502588140,13153761,KSQ
038460,KR7038460002,바이오스마트,KOSDAQ,우량기업부,2985,2,-140,-4.48,3070,3145,2970,236796,720455545,75444507870,25274542,KSQ
388870,KR7388870008,파로스아이바이오,KOSDAQ,기술성장기업부,5800,2,-500,-7.94,6300,6350,5800,77636,464600940,75086405600,12945932,KSQ
391710,KR7391710001,코닉오토메이션,KOSDAQ,벤처기업부,1757,2,-57,-3.14,1814,1890,1749,129039,232201818,74884165790,42620470,KSQ
017480,KR7017480005,삼현철강,KOSDAQ,우량기업부,4760,2,-95,-1.96,4780,4880,4725,42089,201806114,74745756400,15702890,KSQ
241690,KR7241690007,유니테크노,KOSDAQ,우량기업부,3045,2,-35,-1.14,3080,3125,3020,75057,229805960,74513299770,24470706,KSQ
900250,KYG2115T1076,크리스탈신소재,KOSDAQ,외국기업(소속부없음),519,0,0,0.0,0,0,0,0,0,74351942076,143260004,KSQ
191420,KR7191420009,테고사이언스,KOSDAQ,벤처기업부,9150,2,-650,-6.63,10360,10360,8920,36814,339837130,74195831100,8108834,KSQ
208140,KR7208140004,정다운,KOSDAQ,우량기업부,2270,2,-40,-1.73,2305,2310,2250,44111,100394415,74193238420,32684246,KSQ
246690,KR7246690002,TS인베스트먼트,KOSDAQ,중견기업부,1559,1,32,2.1,1650,1810,1530,16966428,27993007136,74103315605,47532595,KSQ
094860,KR7094860004,네오리진,KOSDAQ,중견기업부,1394,1,39,2.88,1350,1408,1325,160434,222038672,74035359516,53110014,KSQ
081150,KR7081150005,티플랙스,KOSDAQ,중견기업부,3050,2,-100,-3.17,3195,3195,3040,229784,710339385,74018626100,24268402,KSQ
032850,KR7032850000,비트컴퓨터,KOSDAQ,벤처기업부,4450,1,85,1.95,4420,4545,4355,92585,411945349,73973653850,16623293,KSQ
083790,KR7083790006,CG인바이츠,KOSDAQ,벤처기업부,961,2,-130,-11.92,1091,1091,863,1075382,1005391761,73895308902,76894182,KSQ
045660,KR7045660008,에이텍,KOSDAQ,우량기업부,8940,2,-260,-2.83,9200,9250,8860,35205,314959140,73844400000,8260000,KSQ
168330,KR7168330009,내츄럴엔도텍,KOSDAQ,투자주의환기종목(소속부없음),2325,2,-190,-7.55,2445,2485,2320,45738,108867125,73830142500,31754900,KSQ
036000,KR7036000008,예림당,KOSDAQ,중견기업부,3205,2,-45,-1.38,3250,3315,3055,43938,139595180,73824857785,23034277,KSQ
439580,KR7439580002,블루엠텍,KOSDAQ,기술성장기업부,2180,2,-130,-5.63,2280,2365,2150,238024,524173680,73785472460,33846547,KSQ
126640,KR7126640002,화신정공,KOSDAQ,우량기업부,2095,2,-165,-7.3,2260,2260,2030,914882,1934321447,73442131450,35055910,KSQ
140070,KR7140070004,서플러스글로벌,KOSDAQ,벤처기업부,1984,2,-26,-1.29,2010,2050,1909,66015,131437873,73384192000,36988000,KSQ
048430,KR7048430003,유라테크,KOSDAQ,우량기업부,6360,2,-100,-1.55,6460,6470,6250,38640,245124875,73267200000,11520000,KSQ
053280,KR7053280004,예스24,KOSDAQ,중견기업부,2930,2,-45,-1.51,2990,2990,2905,44140,129879155,73250000000,25000000,KSQ
175140,KR7175140003,휴먼테크놀로지,KOSDAQ,투자주의환기종목(소속부없음),2930,2,-225,-7.13,3155,3255,2890,135930,403861675,73086661290,24944253,KSQ
137950,KR7137950002,제이씨케미칼,KOSDAQ,우량기업부,3270,2,-110,-3.25,3360,3380,3215,107853,356414775,72815751780,22267814,KSQ
478560,KR7478560006,블랙야크아이앤씨,KOSDAQ,벤처기업부,2815,2,-65,-2.26,2940,2940,2790,33492,94464919,72712288870,25830298,KSQ
002800,KR7002800001,신신제약,KOSDAQ,우량기업부,4785,2,-255,-5.06,5070,5100,4755,70470,342041180,72590842500,15170500,KSQ
065530,KR7065530008,와이어블,KOSDAQ,우량기업부,1516,2,-110,-6.77,1626,1626,1505,259284,395585631,72523558644,47838759,KSQ
126880,KR7126880004,제이엔케이글로벌,KOSDAQ,우량기업부,3120,2,-15,-0.48,3135,3180,3025,152102,474048878,72399297360,23204903,KSQ
061040,KR7061040002,알에프텍,KOSDAQ,중견기업부,8000,1,1580,24.61,6410,8120,6320,129874,942680350,72385784000,9048223,KSQ
105740,KR7105740005,디케이락,KOSDAQ,우량기업부,7100,2,-380,-5.08,7450,7480,7020,73345,526861140,72196442300,10168513,KSQ
033230,KR7033230004,인성정보,KOSDAQ,중견기업부,1428,2,-72,-4.8,1500,1521,1423,290529,421135300,72135962640,50515380,KSQ
234920,KR7234920007,자이글,KOSDAQ,관리종목(소속부없음),5310,0,0,0.0,0,0,0,0,0,71849132100,13530910,KSQ
147760,KR7147760003,피엠티,KOSDAQ,벤처기업부,6610,1,20,0.3,6590,7280,5520,328597,2024700085,71519314260,10819866,KSQ
091440,KR7091440008,한울소재과학,KOSDAQ,투자주의환기종목(소속부없음),2200,2,-165,-6.98,2360,2365,2130,219817,489189540,71436290200,32471041,KSQ
067370,KR7067370007,선바이오,KOSDAQ,기술성장기업부,5840,2,-350,-5.65,6180,6190,5620,14397,83910630,71210361200,12193555,KSQ
033130,KR7033130006,디지틀조선,KOSDAQ,중견기업부,1918,2,-39,-1.99,1957,1999,1851,89794,170985307,71187082106,37115267,KSQ
463480,KR7463480004,모티브링크,KOSDAQ,중견기업부,5730,2,-340,-5.6,5990,6090,5680,85754,499323740,70996751340,12390358,KSQ
039610,KR7039610001,화성밸브,KOSDAQ,우량기업부,6800,2,-410,-5.69,7120,7150,6630,84255,575581910,70790720000,10410400,KSQ
451250,KR7451250005,삐아,KOSDAQ,벤처기업부,6920,2,-270,-3.76,7220,7230,6600,35194,244554600,70763068840,10225877,KSQ
185490,KR7185490000,아이진,KOSDAQ,벤처기업부,1632,2,-78,-4.56,1709,1709,1600,477630,782656792,70551007488,43229784,KSQ
204840,KR7204840003,지엘팜텍,KOSDAQ,기술성장기업부,907,2,-48,-5.03,955,955,899,233844,212747468,70336948442,77549006,KSQ
037440,KR7037440005,희림,KOSDAQ,우량기업부,5050,2,-670,-11.71,5280,5350,4945,492398,2506959890,70308498750,13922475,KSQ
222420,KR7222420002,쎄노텍,KOSDAQ,벤처기업부,1445,2,-30,-2.03,1474,1570,1410,551489,823537040,69964765735,48418523,KSQ
215360,KR7215360009,우리산업,KOSDAQ,우량기업부,7640,2,-480,-5.91,8120,8120,7530,56215,433502890,69769725320,9132163,KSQ
053450,KR7053450003,세코닉스,KOSDAQ,우량기업부,4715,1,75,1.62,4640,4830,4520,69279,324457905,69748066145,14792803,KSQ
290660,KR7290660000,다이나믹솔루션,KOSDAQ,기술성장기업부,818,2,-34,-3.99,845,851,800,1281527,1059276581,69737151956,85253242,KSQ
073640,KR7073640005,테라사이언스,KOSDAQ,관리종목(소속부없음),654,0,0,0.0,0,0,0,0,0,69571715580,106378770,KSQ
043710,KR7043710003,코스리거글로벌,KOSDAQ,중견기업부,4010,2,-250,-5.87,4260,4400,4005,6323,25884590,69423133020,17312502,KSQ
192250,KR7192250009,케이사인,KOSDAQ,벤처기업부,9800,2,-380,-3.73,10000,10180,9640,37835,372145750,69257825000,7067125,KSQ
196490,KR7196490007,디에이테크놀로지,KOSDAQ,투자주의환기종목(소속부없음),6090,0,0,0.0,0,0,0,0,0,69131518050,11351645,KSQ
033320,KR7033320003,제이씨현시스템,KOSDAQ,벤처기업부,3610,2,-220,-5.74,3800,3830,3590,208181,762380974,69003099520,19114432,KSQ
347000,KR7347000002,센코,KOSDAQ,기술성장기업부,1815,2,-67,-3.56,1875,1875,1798,153434,280157624,68626685490,37810846,KSQ
217500,KR7217500008,러셀,KOSDAQ,벤처기업부,2150,2,-45,-2.05,2135,2290,2135,241317,532462990,68395800000,31812000,KSQ
123420,KR7123420002,위메이드플레이,KOSDAQ,우량기업부,6480,2,-200,-2.99,6680,6800,6390,20232,131423240,68379124320,10552334,KSQ
332370,KR7332370006,아이디피,KOSDAQ,벤처기업부,5150,1,10,0.19,5140,5250,5080,47246,244010770,68359688900,13273726,KSQ
111710,KR7111710000,남화산업,KOSDAQ,중견기업부,3320,2,-120,-3.49,3545,3545,3320,8130,27280895,68352160000,20588000,KSQ
032540,KR7032540007,TJ미디어,KOSDAQ,우량기업부,3270,2,-25,-0.76,3270,3295,3235,3334,10860537,68334540510,20897413,KSQ
145170,KR7145170007,노브랜드,KOSDAQ,중견기업부,4040,2,-190,-4.49,4165,4215,3845,176878,712883490,68309956200,16908405,KSQ
109080,KR7109080002,옵티시스,KOSDAQ,벤처기업부,12120,2,-800,-6.19,12930,13800,11610,70960,867573270,68308320000,5636000,KSQ
373200,KR7373200005,엑스플러스,KOSDAQ,벤처기업부,2725,2,-170,-5.87,2995,2995,2715,85358,238639190,68242820825,25043237,KSQ
443250,KR7443250006,레뷰코퍼레이션,KOSDAQ,벤처기업부,6120,2,-570,-8.52,6630,6680,6120,23290,145987210,68163091200,11137760,KSQ
299170,KR7299170001,더블유에스아이,KOSDAQ,중견기업부,1639,2,-73,-4.26,1680,1687,1610,445761,729992416,68037001032,41511288,KSQ
320000,KR7320000003,한울반도체,KOSDAQ,중견기업부,10190,2,-1410,-12.16,11990,12340,9910,381786,4139928615,67955173900,6668810,KSQ
080010,KR7080010002,이상네트웍스,KOSDAQ,중견기업부,6900,1,20,0.29,6900,7170,6650,9230,63262490,67861989900,9835071,KSQ
187420,KR7187420005,HLB제넥스,KOSDAQ,기술성장기업부,2080,2,-55,-2.58,2135,2145,2025,86626,178980695,67712914880,32554286,KSQ
024910,KR7024910002,경창산업,KOSDAQ,중견기업부,1880,1,64,3.52,1816,1891,1735,190549,339317539,67339729400,35819005,KSQ
216050,KR7216050005,인크로스,KOSDAQ,중견기업부,5520,2,-270,-4.66,5790,5810,5510,79731,447021310,67336393440,12198622,KSQ
198080,KR7198080004,캐프,KOSDAQ,우량기업부,3110,2,-30,-0.96,3140,3340,3090,189905,605161389,66974425350,21535185,KSQ
417790,KR7417790003,트루엔,KOSDAQ,벤처기업부,6390,2,-200,-3.03,6590,6590,6330,25711,164954900,66893018490,10468391,KSQ
352910,KR7352910004,오비고,KOSDAQ,기술성장기업부,5280,2,-90,-1.68,5370,5370,5060,20003,102727400,66727594560,12637802,KSQ
065440,KR7065440000,이루온,KOSDAQ,벤처기업부,2445,2,-150,-5.78,2510,2565,2400,662973,1646826047,66687423900,27275020,KSQ
019990,KR7019990001,에너토크,KOSDAQ,중견기업부,6830,2,-200,-2.84,7030,7190,6710,57126,393911450,66634081040,9756088,KSQ
382150,KR7382150001,온코크로스,KOSDAQ,기술성장기업부,5460,2,-410,-6.98,5810,6080,5410,88478,493091710,66589925220,12195957,KSQ
153710,KR7153710009,옵티팜,KOSDAQ,기술성장기업부,4535,2,-220,-4.63,4755,4755,4510,12527,58058285,66528259530,14669958,KSQ
061250,KR7061250007,화일약품,KOSDAQ,우량기업부,7900,2,-210,-2.59,8110,8480,7580,38061,296017250,66498913600,8417584,KSQ
084650,KR7084650001,랩지노믹스,KOSDAQ,중견기업부,892,1,6,0.68,886,964,880,1231216,1122873439,66222071080,74239990,KSQ
155650,KR7155650005,와이엠씨,KOSDAQ,우량기업부,3485,2,-185,-5.04,3890,3890,3420,116089,412264250,66125637630,18974358,KSQ
048910,KR7048910004,대원미디어,KOSDAQ,우량기업부,5250,2,-180,-3.31,5440,5590,5100,44540,234895600,66039466500,12578946,KSQ
045340,KR7045340007,토탈소프트,KOSDAQ,벤처기업부,7680,1,530,7.41,7160,7790,7040,102102,764569075,65725747200,8558040,KSQ
039020,KR7039020003,이건홀딩스,KOSDAQ,중견기업부,2910,2,-150,-4.9,3060,3060,2900,54044,158906720,65721503190,22584709,KSQ
162300,KR7162300008,신스틸,KOSDAQ,우량기업부,1580,1,70,4.64,1510,1660,1510,199581,321305398,65524783560,41471382,KSQ
099220,KR7099220006,SDN,KOSDAQ,중견기업부,1008,2,-47,-4.45,1055,1062,1006,302686,307586234,65463904800,64944350,KSQ
071670,KR7071670004,에이테크솔루션,KOSDAQ,중견기업부,6540,2,-150,-2.24,6710,6840,6410,48084,316280725,65400000000,10000000,KSQ
060570,KR7060570009,드림어스컴퍼니,KOSDAQ,중견기업부,882,2,-21,-2.33,895,900,860,67690,59996180,65357587386,74101573,KSQ
109860,KR7109860007,동일금속,KOSDAQ,우량기업부,7180,2,-150,-2.05,7330,7330,7180,2253,16310080,65338000000,9100000,KSQ
311690,KR7311690002,CJ 바이오사이언스,KOSDAQ,기술성장기업부,5000,2,-160,-3.1,5160,5200,4895,28040,140083632,65327310000,13065462,KSQ
041460,KR7041460007,한국전자인증,KOSDAQ,중견기업부,3430,2,-45,-1.29,3475,3480,3340,80809,274477905,65170000000,19000000,KSQ
043650,KR7043650001,국순당,KOSDAQ,중견기업부,3640,2,-90,-2.41,3705,3730,3620,26110,95704846,65004226560,17858304,KSQ
288620,KR7288620008,에스프리즘,KOSDAQ,벤처기업부,9290,2,-420,-4.33,9710,9710,9110,32802,304750115,64837845640,6979316,KSQ
453860,KR7453860009,에이에스텍,KOSDAQ,벤처기업부,10050,2,-320,-3.09,10370,10630,9900,9558,96223675,64766451150,6444423,KSQ
331380,KR7331380006,포커스에이아이,KOSDAQ,투자주의환기종목(소속부없음),1993,2,-97,-4.64,2060,2085,1918,101001,202516852,64596097577,32411489,KSQ
461030,KR7461030009,아이엠비디엑스,KOSDAQ,기술성장기업부,4505,2,-340,-7.02,4795,4795,4425,66602,302005900,64576999085,14334517,KSQ
215790,KR7215790007,이노인스트루먼트,KOSDAQ,중견기업부,1602,2,-156,-8.87,1760,1760,1566,2591055,4222196135,64533604698,40283149,KSQ
222110,KR7222110009,팬젠,KOSDAQ,기술성장기업부,4755,2,-315,-6.21,5100,5100,4730,33124,159572585,64261490295,13514509,KSQ
088280,KR7088280003,쏘닉스,KOSDAQ,기술성장기업부,3710,2,-370,-9.07,3930,3995,3630,271299,1016029586,64207077900,17306490,KSQ
046940,KR7046940003,우원개발,KOSDAQ,우량기업부,3530,2,-225,-5.99,3755,3795,3500,276537,986780919,63802455500,18074350,KSQ
089850,KR7089850002,유비벨록스,KOSDAQ,우량기업부,4320,2,-100,-2.26,4420,4420,4125,60782,256939570,63634459680,14730199,KSQ
104620,KR7104620000,노랑풍선,KOSDAQ,중견기업부,3780,2,-220,-5.5,3920,4000,3755,96794,370483766,63543886560,16810552,KSQ
095270,KR7095270005,웨이브일렉트로,KOSDAQ,벤처기업부,4415,2,-345,-7.25,4765,4835,4315,203483,924626036,63454172490,14372406,KSQ
065130,KR7065130007,탑엔지니어링,KOSDAQ,중견기업부,3955,2,-240,-5.72,4185,4195,3820,144959,578435759,63295820000,16004000,KSQ
012790,KR7012790002,신일제약,KOSDAQ,우량기업부,5280,2,-140,-2.58,5400,5420,5200,58233,308568970,63288271200,11986415,KSQ
046210,KR7046210001,HLB파나진,KOSDAQ,벤처기업부,1390,2,-76,-5.18,1460,1530,1388,145751,205415386,63283864400,45527960,KSQ
016250,KR7016250003,SGC E&C,KOSDAQ,중견기업부,12530,2,-910,-6.77,13500,13500,12300,7896,100366615,63113434580,5036986,KSQ
241790,KR7241790005,티이엠씨씨엔에스,KOSDAQ,우량기업부,6300,2,-280,-4.26,6580,6590,6220,47260,300530910,63016594200,10002634,KSQ
094850,KR7094850005,참좋은여행,KOSDAQ,우량기업부,4500,2,-170,-3.64,4670,4675,4450,46021,208940053,63000000000,14000000,KSQ
452400,KR7452400005,이닉스,KOSDAQ,우량기업부,6930,2,-370,-5.07,7300,7300,6700,35149,243426940,62864996040,9071428,KSQ
039240,KR7039240007,경남스틸,KOSDAQ,우량기업부,2330,2,-75,-3.12,2380,2400,2300,237800,557444299,62862477320,26979604,KSQ
027830,KR7027830009,대성창투,KOSDAQ,중견기업부,1164,2,-16,-1.36,1181,1231,1148,231285,272596198,62856000000,54000000,KSQ
100030,KR7100030006,인지소프트,KOSDAQ,중견기업부,19100,2,-90,-0.47,19190,19190,18720,13569,258380430,62718937400,3283714,KSQ
001840,KR7001840008,이화공영,KOSDAQ,관리종목(소속부없음),2215,0,0,0.0,0,0,0,0,0,62588831935,28256809,KSQ
053050,KR7053050001,지에스이,KOSDAQ,우량기업부,2085,1,45,2.21,2040,2110,1984,189324,389265294,62524139745,29987597,KSQ
446840,KR7446840001,지슨,KOSDAQ,기술성장기업부,1133,2,-77,-6.36,1157,1209,1110,138205,157743828,62409133039,55083083,KSQ
317690,KR7317690006,퀀타매트릭스,KOSDAQ,기술성장기업부,3095,2,-35,-1.12,3050,3330,3035,61723,191057262,62317914755,20135029,KSQ
294090,KR7294090006,이오플로우,KOSDAQ,관리종목(소속부없음),1490,0,0,0.0,0,0,0,0,0,62295566450,41809105,KSQ
010470,KR7010470003,오리콤,KOSDAQ,우량기업부,5200,2,-130,-2.44,5330,5420,5070,63207,331239115,62270260000,11975050,KSQ
317530,KR7317530004,에피소드컴퍼니,KOSDAQ,기술성장기업부,3555,2,-25,-0.7,3600,3600,3320,35760,120988420,62194305510,17494882,KSQ
317850,KR7317850006,대모,KOSDAQ,벤처기업부,7440,2,-370,-4.74,7550,7590,7200,74990,553652540,61933684800,8324420,KSQ
333620,KR7333620003,엔시스,KOSDAQ,벤처기업부,5630,2,-160,-2.76,5910,5910,5550,19919,112218990,61918233300,10997910,KSQ
067920,KR7067920009,이글루,KOSDAQ,우량기업부,5630,2,-260,-4.41,5890,5890,5620,47690,271628580,61908149970,10996119,KSQ
134580,KR7134580000,탑코미디어,KOSDAQ,중견기업부,1254,2,-69,-5.22,1312,1397,1230,61988,77972519,61814862846,49294149,KSQ
033310,KR7033310004,엠투엔,KOSDAQ,중견기업부,1543,2,-52,-3.26,1595,1595,1501,48062,73803961,61677499608,39972456,KSQ
163280,KR7163280001,에어레인,KOSDAQ,기술성장기업부,4530,2,-215,-4.53,4720,4730,4490,90389,410671350,61621943340,13603078,KSQ
321820,KR7321820003,아티스트컴퍼니,KOSDAQ,기술성장기업부,3945,2,-170,-4.13,4130,4415,3905,143650,588143935,61507978320,15591376,KSQ
039420,KR7039420005,케이엘넷,KOSDAQ,중견기업부,2680,2,-25,-0.92,2680,2730,2620,92346,248162660,61497943920,22946994,KSQ
005670,KR7005670005,푸드웰,KOSDAQ,우량기업부,6140,3,0,0.0,6150,6250,6040,54300,331599730,61400000000,10000000,KSQ
214260,KR7214260002,라파스,KOSDAQ,기술성장기업부,6880,2,-190,-2.69,7300,7300,6680,19143,133005450,61386545440,8922463,KSQ
049550,KR7049550007,잉크테크,KOSDAQ,우량기업부,3125,2,-125,-3.85,3250,3260,3100,22008,69358820,61269615625,19606277,KSQ
010240,KR7010240000,흥국,KOSDAQ,우량기업부,5230,2,-90,-1.69,5320,5380,5180,24213,127590925,61222380000,11706000,KSQ
246960,KR7246960009,SCL사이언스,KOSDAQ,기술성장기업부,1798,1,18,1.01,1795,1816,1719,67056,117607975,61162650506,34017047,KSQ
198440,KR7198440000,강동씨앤엘,KOSDAQ,중견기업부,1000,2,-18,-1.77,1018,1018,941,52304,50729146,60931896000,60931896,KSQ
042110,KR7042110007,에스씨디,KOSDAQ,우량기업부,1258,2,-11,-0.87,1269,1318,1211,202760,255715019,60798591512,48329564,KSQ
054930,KR7054930003,유신,KOSDAQ,우량기업부,20250,2,-750,-3.57,20750,21100,20000,24492,499680550,60750000000,3000000,KSQ
136410,KR7136410008,아셈스,KOSDAQ,벤처기업부,5490,2,-260,-4.52,5780,5780,5410,48501,266475980,60494891940,11019106,KSQ
460870,KR7460870009,에스엠씨지,KOSDAQ,벤처기업부,3005,1,110,3.8,2890,3140,2785,211279,635296420,60320278520,20073304,KSQ
095910,KR7095910006,에스에너지,KOSDAQ,중견기업부,1612,2,-150,-8.51,1762,1762,1600,525213,866049784,60122617308,37296909,KSQ
053620,KR7053620001,태양,KOSDAQ,우량기업부,6980,2,-120,-1.69,7100,7140,6920,4342,30491900,60028000000,8600000,KSQ
014950,KR7014950000,삼익제약,KOSDAQ,벤처기업부,5990,2,-320,-5.07,6310,6450,5880,55945,338169600,59945452120,10007588,KSQ
008370,KR7008370009,원풍,KOSDAQ,우량기업부,4990,2,-20,-0.4,5020,5020,4810,23654,115968440,59880000000,12000000,KSQ
260930,KR7260930003,씨티케이,KOSDAQ,중견기업부,3085,2,-155,-4.78,3145,3235,3005,36219,111019135,59668808235,19341591,KSQ
004780,KR7004780003,대륙제관,KOSDAQ,우량기업부,3750,2,-155,-3.97,3905,3905,3735,37931,144797161,59636996250,15903199,KSQ
424980,KR7424980001,마이크로투나노,KOSDAQ,기술성장기업부,10060,2,-550,-5.18,10700,10870,10020,34633,352992155,59544033400,5918890,KSQ
064240,KR7064240005,홈캐스트,KOSDAQ,벤처기업부,1712,2,-42,-2.39,1754,1810,1708,103841,180419102,59396557712,34694251,KSQ
219550,KR7219550001,디와이디,KOSDAQ,관리종목(소속부없음),1532,2,-66,-4.13,1585,1598,1510,54411,83720850,59247428192,38673256,KSQ
072470,KR7072470008,우리산업홀딩스,KOSDAQ,중견기업부,3135,2,-155,-4.71,3180,3290,3080,44481,139814505,59211814035,18887341,KSQ
291650,KR7291650000,압타머사이언스,KOSDAQ,기술성장기업부,970,2,-25,-2.51,995,1030,911,184786,177585408,59208064740,61039242,KSQ
360350,KR7360350003,코셈,KOSDAQ,기술성장기업부,10270,2,-1040,-9.2,11000,11020,10260,63525,668673190,58928951900,5737970,KSQ
036670,KR7036670008,삼양케이씨아이,KOSDAQ,우량기업부,5220,2,-110,-2.06,5330,5330,5190,25718,134961270,58829400000,11270000,KSQ
347740,KR7347740003,피엔케이피부임상연구센타,KOSDAQ,벤처기업부,1953,2,-36,-1.81,1950,1988,1910,95660,185466007,58610654928,30010576,KSQ
177900,KR7177900008,쓰리에이로직스,KOSDAQ,기술성장기업부,6080,1,390,6.85,5710,6540,5670,208539,1283069630,58535808000,9627600,KSQ
199550,KR7199550005,레이저옵텍,KOSDAQ,벤처기업부,3930,2,-65,-1.63,3990,4170,3750,64408,252367760,58343958630,14845791,KSQ
027050,KR7027050004,코리아나,KOSDAQ,중견기업부,1458,2,-90,-5.81,1548,1548,1450,180705,266597615,58320000000,40000000,KSQ
099520,KR7099520009,DGI,KOSDAQ,관리종목(소속부없음),1284,0,0,0.0,0,0,0,0,0,58141862016,45281824,KSQ
290670,KR7290670009,대보마그네틱,KOSDAQ,중견기업부,7390,2,-530,-6.69,7850,7920,7300,34611,260547020,58068107400,7857660,KSQ
214270,KR7214270001,FSN,KOSDAQ,중견기업부,1281,2,-48,-3.61,1316,1317,1231,204330,257539424,57971123385,45254585,KSQ
007370,KR7007370000,진양제약,KOSDAQ,우량기업부,4090,2,-180,-4.22,4255,4260,4080,52563,217801435,57810460830,14134587,KSQ
054300,KR7054300009,팬스타엔터프라이즈,KOSDAQ,벤처기업부,997,2,-21,-2.06,1018,1020,990,163427,163045638,57697332165,57870945,KSQ
0013V0,KR70013V0002,삼진식품,KOSDAQ,중견기업부,5800,2,-170,-2.85,5960,6000,5780,54588,319431155,57528204800,9918656,KSQ
245620,KR7245620000,EDGC,KOSDAQ,관리종목(소속부없음),415,0,0,0.0,0,0,0,0,0,57474989665,138493951,KSQ
184230,KR7184230001,SGA솔루션즈,KOSDAQ,벤처기업부,3040,2,-150,-4.7,3095,3110,2900,234585,705500318,57419456160,18887979,KSQ
263690,KR7263690000,디알젬,KOSDAQ,우량기업부,5040,2,-40,-0.79,5080,5100,4950,29917,150346680,57081074400,11325610,KSQ
219420,KR7219420007,링크제니시스,KOSDAQ,기술성장기업부,4975,1,55,1.12,4840,5010,4795,57619,283197745,57060797325,11469507,KSQ
229000,KR7229000005,젠큐릭스,KOSDAQ,기술성장기업부,2430,2,-80,-3.19,2510,2560,2410,369117,908091364,56930440950,23428165,KSQ
348080,KR7348080003,큐라티스,KOSDAQ,중견기업부,493,2,-39,-7.33,534,534,481,153829,76660081,56916742033,115449781,KSQ
159580,KR7159580000,제로투세븐,KOSDAQ,중견기업부,2835,2,-120,-4.06,2945,2945,2760,48513,137156494,56792523060,20032636,KSQ
033560,KR7033560004,블루콤,KOSDAQ,중견기업부,3320,2,-180,-5.14,3500,3500,3310,38910,131183550,56772000000,17100000,KSQ
036120,KR7036120004,서울평가정보,KOSDAQ,중견기업부,1608,2,-98,-5.74,1691,1701,1595,199671,326164232,56513160000,35145000,KSQ
444530,KR7444530000,심플랫폼,KOSDAQ,기술성장기업부,8790,2,-690,-7.28,9490,9770,8750,45407,406562930,56419880760,6418644,KSQ
097800,KR7097800007,윈팩,KOSDAQ,중견기업부,2060,2,-190,-8.44,2250,2260,2030,227523,477762108,56217492700,27290045,KSQ
036090,KR7036090009,위지트,KOSDAQ,중견기업부,1424,2,-110,-7.17,1534,1535,1420,515617,751126241,56196871280,39464095,KSQ
278650,KR7278650007,HLB바이오스텝,KOSDAQ,중견기업부,3220,2,-135,-4.02,3335,3365,3005,92565,293787677,56132315120,17432396,KSQ
104540,KR7104540000,코렌텍,KOSDAQ,기술성장기업부,4380,2,-265,-5.71,4645,4645,4275,56190,245532285,56001541200,12785740,KSQ
479960,KR7479960007,위너스일렉,KOSDAQ,중견기업부,8170,2,-400,-4.67,8420,8530,8160,31837,262699135,55972670000,6851000,KSQ
015710,KR7015710007,코콤,KOSDAQ,우량기업부,3185,2,-115,-3.48,3395,3395,3175,58995,189582526,55834642500,17530500,KSQ
088910,KR7088910005,동우팜투테이블,KOSDAQ,우량기업부,2160,2,-25,-1.14,2185,2205,2110,49080,105800549,55796610240,25831764,KSQ
340930,KR7340930007,유일에너테크,KOSDAQ,관리종목(소속부없음),806,0,0,0.0,0,0,0,0,0,55513882710,68875785,KSQ
122310,KR7122310006,제노레이,KOSDAQ,우량기업부,3810,2,-160,-4.03,3970,3985,3760,27746,106746100,55450145640,14553844,KSQ
053270,KR7053270005,구영테크,KOSDAQ,우량기업부,2020,2,-65,-3.12,2085,2090,2000,63813,129639694,55369018100,27410405,KSQ
082210,KR7082210006,옵트론텍,KOSDAQ,중견기업부,1580,2,-27,-1.68,1618,1688,1553,187731,300676429,55242061400,34963330,KSQ
040610,KR7040610008,SG&G,KOSDAQ,중견기업부,3235,2,-115,-3.43,3355,3355,3185,68651,223086940,55136039530,17043598,KSQ
060560,KR7060560000,HC홈센타,KOSDAQ,중견기업부,2170,2,-165,-7.07,2330,2335,2150,50752,111164910,55091962170,25388001,KSQ
170790,KR7170790000,파이오링크,KOSDAQ,우량기업부,8600,2,-530,-5.81,9050,9050,8580,41678,361665115,55017081000,6397335,KSQ
104040,KR7104040001,디에스엠,KOSDAQ,벤처기업부,2050,2,-270,-11.64,2320,2340,2020,76954,160714495,54967808250,26813565,KSQ
072990,KR7072990005,에이치시티,KOSDAQ,우량기업부,3785,2,-215,-5.38,3995,3995,3750,66661,254738273,54875709710,14498206,KSQ
099410,KR7099410003,동방선기,KOSDAQ,벤처기업부,3915,2,-150,-3.69,4045,4120,3870,100859,400977132,54810000000,14000000,KSQ
217480,KR7217480003,에스디생명공학,KOSDAQ,투자주의환기종목(소속부없음),499,0,0,0.0,0,0,0,0,0,54756837359,109733141,KSQ
196450,KR7196450001,코아시아씨엠,KOSDAQ,중견기업부,1207,2,-68,-5.33,1274,1274,1200,249954,307140972,54700735474,45319582,KSQ
417860,KR7417860004,오브젠,KOSDAQ,벤처기업부,11640,1,2610,28.9,10500,11730,10220,692306,7595756710,54671985840,4696906,KSQ
950200,KR8840150005,소마젠,KOSDAQ,외국기업(소속부없음),2835,2,-190,-6.28,3025,3025,2800,62894,178792235,54534210255,19236053,KSQ
207760,KR7207760000,미스터블루,KOSDAQ,중견기업부,654,2,-36,-5.22,681,716,625,233727,156365146,54334178082,83079783,KSQ
050960,KR7050960004,수산아이앤티,KOSDAQ,벤처기업부,8020,2,-300,-3.61,8330,8330,7980,18725,150817930,54143020000,6751000,KSQ
471820,KR7471820001,셀로맥스사이언스,KOSDAQ,벤처기업부,4785,1,55,1.16,4695,4845,4630,29195,139651645,54084276015,11302879,KSQ
052220,KR7052220001,iMBC,KOSDAQ,중견기업부,2340,2,-85,-3.51,2400,2420,2310,72036,169535738,53820000000,23000000,KSQ
189860,KR7189860000,서전기전,KOSDAQ,벤처기업부,5540,2,-210,-3.65,5750,5860,5460,129247,727146125,53731241200,9698780,KSQ
068330,KR7068330000,일신바이오,KOSDAQ,중견기업부,1214,1,16,1.34,1187,1221,1160,217975,256480683,53678393960,44216140,KSQ
413640,KR7413640004,비아이매트릭스,KOSDAQ,벤처기업부,7420,2,-590,-7.37,7980,8380,7380,118879,930297670,53475494800,7206940,KSQ
127980,KR7127980001,화인써키트,KOSDAQ,중견기업부,4515,2,-185,-3.94,4700,4700,4415,30123,137394390,53460688260,11840684,KSQ
038010,KR7038010005,제일테크노스,KOSDAQ,우량기업부,5940,2,-380,-6.01,6400,6400,5860,58165,353840730,53460000000,9000000,KSQ
408900,KR7408900009,스튜디오미르,KOSDAQ,중견기업부,1632,2,-36,-2.16,1608,1718,1608,85550,141642994,53452780128,32752929,KSQ
273060,KR7273060004,와이즈버즈,KOSDAQ,중견기업부,1056,1,4,0.38,1080,1095,999,212916,221755211,53285318592,50459582,KSQ
073110,KR7073110009,엘엠에스,KOSDAQ,벤처기업부,5960,2,-140,-2.3,6040,6100,5650,45073,269854690,53018699800,8895755,KSQ
305090,KR7305090003,마이크로디지탈,KOSDAQ,기술성장기업부,2850,2,-220,-7.17,2970,2980,2540,632365,1738878510,52995906750,18595055,KSQ
232830,KR7232830000,아이티센피엔에스,KOSDAQ,벤처기업부,3205,2,-495,-13.38,3710,3730,3200,144363,488281805,52990591830,16533726,KSQ
435570,KR7435570007,에르코스,KOSDAQ,벤처기업부,6930,2,-410,-5.59,7320,7530,6730,94697,665143645,52785692190,7616983,KSQ
378800,KR7378800007,샤페론,KOSDAQ,기술성장기업부,1140,2,-84,-6.86,1235,1235,1132,359367,415466802,52717055340,46243031,KSQ
053350,KR7053350005,이니텍,KOSDAQ,중견기업부,2390,2,-175,-6.82,2555,2565,2300,65526,157876800,52630345350,22021065,KSQ
042940,KR7042940007,상지건설,KOSDAQ,중견기업부,7700,2,-500,-6.1,8200,8200,7600,84149,653345350,52581082400,6828712,KSQ
355390,KR7355390006,크라우드웍스,KOSDAQ,기술성장기업부,3305,4,760,29.86,2605,3305,2515,1466043,4543314613,52464706920,15874344,KSQ
294140,KR7294140009,레몬,KOSDAQ,관리종목(소속부없음),2340,2,-250,-9.65,2575,2600,2330,54599,132948681,52450674120,22414818,KSQ
393210,KR7393210000,토마토시스템,KOSDAQ,기술성장기업부,3355,2,-145,-4.14,3590,3600,3290,83340,283284027,52386795120,15614544,KSQ
063440,KR7063440002,SM Life Design,KOSDAQ,중견기업부,1154,2,-26,-2.2,1181,1199,1117,213424,243432013,52298546056,45319364,KSQ
033170,KR7033170002,시그네틱스,KOSDAQ,중견기업부,610,2,-23,-3.63,633,662,601,557920,349203973,52294274590,85728319,KSQ
065500,KR7065500001,오리엔트정공,KOSDAQ,중견기업부,1570,2,-71,-4.33,1641,1642,1555,189884,300688448,52191371840,33242912,KSQ
227950,KR7227950003,엔투텍,KOSDAQ,벤처기업부,1512,2,-226,-13.0,1738,1738,1466,419340,663866096,52176412008,34508209,KSQ
460470,KR7460470008,아이빔테크놀로지,KOSDAQ,기술성장기업부,3450,2,-250,-6.76,3705,3705,3420,98646,348302488,52161826500,15119370,KSQ
089790,KR7089790000,제이티,KOSDAQ,벤처기업부,5050,2,-250,-4.72,5300,5350,4950,97671,496430730,52093340650,10315513,KSQ
317870,KR7317870004,엔바이오니아,KOSDAQ,기술성장기업부,5890,2,-10,-0.17,5900,6210,5800,17523,103293180,52078761550,8841895,KSQ
256630,KR7256630005,포인트엔지니어링,KOSDAQ,벤처기업부,4475,2,-225,-4.79,4670,4740,4250,17548,79202460,51907377650,11599414,KSQ
038060,KR7038060000,루멘스,KOSDAQ,중견기업부,1078,2,-45,-4.01,1123,1149,1050,507588,554997064,51855108382,48103069,KSQ
114450,KR7114450000,그린생명과학,KOSDAQ,벤처기업부,2590,2,-160,-5.82,2680,2745,2580,346958,908670880,51800000000,20000000,KSQ
189690,KR7189690001,포시에스,KOSDAQ,벤처기업부,1889,2,-24,-1.25,1919,1919,1855,28882,54189658,51611199441,27321969,KSQ
261520,KR7261520001,이지스,KOSDAQ,기술성장기업부,5020,2,-140,-2.71,5160,5340,5000,30180,154281500,51594556000,10277800,KSQ
096610,KR7096610001,알에프세미,KOSDAQ,투자주의환기종목(소속부없음),2965,0,0,0.0,0,0,0,0,0,51550708615,17386411,KSQ
277070,KR7277070009,린드먼아시아,KOSDAQ,중견기업부,3765,2,-120,-3.09,3890,3975,3660,9576,36959894,51550380000,13692000,KSQ
238120,KR7238120000,얼라인드,KOSDAQ,기술성장기업부,3580,2,-120,-3.24,3700,3705,3535,38057,136712460,51476447680,14378896,KSQ
038070,KR7038070009,서린바이오,KOSDAQ,중견기업부,5520,2,-170,-2.99,5680,5680,5130,146399,799800565,51339731520,9300676,KSQ
299900,KR7299900001,위지윅스튜디오,KOSDAQ,중견기업부,300,2,-13,-4.15,313,314,296,355669,106785000,51314665200,171048884,KSQ
373160,KR7373160001,데이원컴퍼니,KOSDAQ,기술성장기업부,3715,2,-285,-7.13,3970,4025,3650,17356,65517390,51294747335,13807469,KSQ
053980,KR7053980009,오상자이엘,KOSDAQ,우량기업부,2690,2,-115,-4.1,2800,2815,2660,116575,315152589,51063686270,18982783,KSQ
303360,KR7303360002,프로티아,KOSDAQ,기술성장기업부,3955,2,-315,-7.38,4270,4500,3945,90810,367718094,50939272825,12879715,KSQ
466410,KR7466410008,사이냅소프트,KOSDAQ,벤처기업부,10110,1,40,0.4,10010,10200,9900,8494,85297790,50924302530,5037023,KSQ
007680,KR7007680002,대원,KOSDAQ,중견기업부,3780,2,-35,-0.92,3780,4000,3715,13737,51764118,50827671720,13446474,KSQ
037230,KR7037230000,한국팩키지,KOSDAQ,우량기업부,1705,2,-63,-3.56,1768,1768,1640,76798,131124107,50809557535,29800327,KSQ
318160,KR7318160009,셀바이오휴먼텍,KOSDAQ,벤처기업부,5440,2,-390,-6.69,5830,5830,5400,29482,162303500,50796070720,9337513,KSQ
105550,KR7105550008,엣지파운드리,KOSDAQ,중견기업부,646,2,-12,-1.82,660,665,627,171440,109852702,50586354946,78307051,KSQ
432430,KR7432430007,와이랩,KOSDAQ,기술성장기업부,3055,1,245,8.72,2785,3200,2785,204290,616691297,50432917600,16508320,KSQ
393970,KR7393970009,대진첨단소재,KOSDAQ,관리종목(소속부없음),2825,0,0,0.0,0,0,0,0,0,50428566500,17850820,KSQ
419080,KR7419080007,엔젯,KOSDAQ,기술성장기업부,4710,2,-220,-4.46,4950,5100,4670,89911,431821442,50326995270,10685137,KSQ
234100,KR7234100006,폴라리스세원,KOSDAQ,우량기업부,3445,2,-235,-6.39,3650,3650,3390,134801,466403877,50302636020,14601636,KSQ
384470,KR7384470001,코어라인소프트,KOSDAQ,기술성장기업부,2800,2,-105,-3.61,2920,2965,2745,132113,373568750,50250737600,17946692,KSQ
196300,KR7196300008,HLB펩,KOSDAQ,관리종목(소속부없음),5330,2,-230,-4.14,5700,5760,5250,10513,56722230,49976419870,9376439,KSQ
065170,KR7065170003,비엘팜텍,KOSDAQ,투자주의환기종목(소속부없음),1787,2,-36,-1.97,1824,1892,1708,362544,652791360,49881948091,27913793,KSQ
351330,KR7351330006,이삭엔지니어링,KOSDAQ,벤처기업부,6000,2,-100,-1.64,6210,6250,5900,22096,133439120,49731120000,8288520,KSQ
070300,KR7070300009,엑스큐어,KOSDAQ,중견기업부,1423,2,-227,-13.76,1676,1739,1420,492956,764138106,49718132965,34938955,KSQ
361570,KR7361570005,알비더블유,KOSDAQ,중견기업부,1726,2,-48,-2.71,1775,1853,1715,27878,48938838,49610920266,28743291,KSQ
458350,KR7458350006,에스팀,KOSDAQ,중견기업부,5710,2,-280,-4.67,5990,6000,5610,26422,152061315,49581072000,8683200,KSQ
094970,KR7094970001,제이엠티,KOSDAQ,벤처기업부,2955,2,-35,-1.17,2980,3040,2835,213236,624749759,49491049200,16748240,KSQ
465480,KR7465480002,인스피언,KOSDAQ,벤처기업부,4875,2,-255,-4.97,5120,5120,4805,38707,190412710,49421638500,10137772,KSQ
451700,KR7451700009,엔에이치스팩29호,KOSDAQ,SPAC(소속부없음),3440,0,0,0.0,0,0,0,0,0,49364000000,14350000,KSQ
014190,KR7014190003,원익큐브,KOSDAQ,우량기업부,1393,2,-24,-1.69,1417,1462,1385,154906,216289433,49305333903,35395071,KSQ
440290,KR7440290005,HB인베스트먼트,KOSDAQ,중견기업부,1791,2,-60,-3.24,1853,1901,1770,92593,167402538,49264016130,27506430,KSQ
037330,KR7037330008,인지디스플레,KOSDAQ,우량기업부,1122,2,-52,-4.43,1174,1174,1113,211712,239771934,49239221328,43885224,KSQ
016600,KR7016600009,큐캐피탈,KOSDAQ,중견기업부,3450,2,-420,-10.85,3830,3830,3430,274731,989411345,49196199600,14259768,KSQ
143540,KR7143540003,영우디에스피,KOSDAQ,벤처기업부,1100,2,-119,-9.76,1219,1220,1070,494587,554786867,49059884500,44599895,KSQ
219750,KR7219750007,한국비티비,KOSDAQ,중견기업부,746,1,160,27.3,586,761,586,1884743,1364782765,48808456210,65426885,KSQ
226330,KR7226330009,신테카바이오,KOSDAQ,기술성장기업부,2010,2,-150,-6.94,2150,2150,1998,241161,489532712,48759534750,24258475,KSQ
105760,KR7105760003,포스뱅크,KOSDAQ,우량기업부,4780,2,-220,-4.4,5010,5010,4725,107003,517380540,48647909860,10177387,KSQ
173940,KR7173940008,에프엔씨엔터,KOSDAQ,중견기업부,3160,2,-165,-4.96,3325,3325,3110,10132,32207291,48641273280,15392808,KSQ
137080,KR7137080008,나래나노텍,KOSDAQ,중견기업부,4395,2,-270,-5.79,4665,4665,4305,19625,86863754,48606159690,11059422,KSQ
104200,KR7104200001,NHN벅스,KOSDAQ,중견기업부,3270,2,-115,-3.4,3350,3400,3225,22745,74791749,48486088500,14827550,KSQ
189980,KR7189980006,흥국에프엔비,KOSDAQ,우량기업부,1201,2,-41,-3.3,1259,1279,1185,109458,131971973,48205530227,40137827,KSQ
082660,KR7082660002,코스나인,KOSDAQ,관리종목(소속부없음),480,0,0,0.0,0,0,0,0,0,47827617120,99640869,KSQ
418250,KR7418250007,시큐레터,KOSDAQ,관리종목(소속부없음),6550,0,0,0.0,0,0,0,0,0,47629012750,7271605,KSQ
171010,KR7171010002,램테크놀러지,KOSDAQ,벤처기업부,3325,2,-165,-4.73,3490,3575,3300,170119,575616990,47543350400,14298752,KSQ
052790,KR7052790003,액토즈소프트,KOSDAQ,중견기업부,4340,2,-270,-5.86,4610,4610,4315,33361,147099818,47412533980,10924547,KSQ
060850,KR7060850005,영림원소프트랩,KOSDAQ,벤처기업부,5800,2,-210,-3.49,6010,6010,5720,26369,154036140,47159800000,8131000,KSQ
179530,KR7179530001,애드바이오텍,KOSDAQ,기술성장기업부,2395,2,-175,-6.81,2635,2635,2350,91035,220935460,47132713850,19679630,KSQ
023440,KR7023440001,제이스코홀딩스,KOSDAQ,관리종목(소속부없음),521,0,0,0.0,0,0,0,0,0,46964378481,90142761,KSQ
150900,KR7150900009,파수AI,KOSDAQ,벤처기업부,4010,2,-155,-3.72,4120,4185,3860,167202,667916248,46932727220,11703922,KSQ
051390,KR7051390003,YW,KOSDAQ,중견기업부,4125,2,-80,-1.9,4205,4205,4050,5917,24312474,46840893000,11355368,KSQ
376930,KR7376930004,노을,KOSDAQ,기술성장기업부,913,2,-62,-6.36,975,995,888,487403,460044741,46828977899,51291323,KSQ
314140,KR7314140005,알피바이오,KOSDAQ,우량기업부,5400,2,-360,-6.25,5760,5760,5390,9236,50845860,46798349400,8666361,KSQ
450330,KR7450330006,하스,KOSDAQ,기술성장기업부,5700,2,-200,-3.39,5920,6020,5650,27305,157861150,46665005100,8186843,KSQ
053160,KR7053160008,프리엠스,KOSDAQ,중견기업부,7760,2,-260,-3.24,8020,8250,7760,28465,229297500,46560000000,6000000,KSQ
369370,KR7369370002,블리츠웨이엔터테인먼트,KOSDAQ,벤처기업부,933,2,-54,-5.47,995,996,900,138942,128865107,46530492963,49871911,KSQ
190650,KR7190650002,코리아에셋투자증권,KOSDAQ,우량기업부,7280,2,-220,-2.93,7440,7500,7250,16643,122016375,46504640000,6388000,KSQ
420570,KR7420570004,제이투케이바이오,KOSDAQ,벤처기업부,7950,2,-840,-9.56,8600,8720,7890,67764,560410680,46487489850,5847483,KSQ
024950,KR7024950008,삼천리자전거,KOSDAQ,중견기업부,3735,2,-145,-3.74,3995,3995,3600,57031,215066893,46314000000,12400000,KSQ
051490,KR7051490001,나라엠앤디,KOSDAQ,우량기업부,3260,2,-55,-1.66,3365,3430,3200,104069,340067795,46292000000,14200000,KSQ
065650,KR7065650004,하이퍼코퍼레이션,KOSDAQ,중견기업부,2110,0,0,0.0,0,0,0,0,0,46192067250,21891975,KSQ
007530,KR7007530009,와이엠,KOSDAQ,중견기업부,2060,2,-85,-3.96,2165,2165,2030,11676,24115780,45843715860,22254231,KSQ
066910,KR7066910001,손오공,KOSDAQ,중견기업부,680,0,0,0.0,0,0,0,0,0,45514551520,66933164,KSQ
286750,KR7286750005,나노실리칸첨단소재,KOSDAQ,투자주의환기종목(소속부없음),1419,2,-55,-3.73,1486,1514,1418,151470,222751387,45448948083,32028857,KSQ
097870,KR7097870000,효성오앤비,KOSDAQ,중견기업부,5350,2,-240,-4.29,5590,5600,5300,26466,142355175,45421500000,8490000,KSQ
452160,KR7452160005,제이엔비,KOSDAQ,중견기업부,4720,2,-270,-5.41,4785,4905,4555,25792,122544235,45394727440,9617527,KSQ
364950,KR7364950006,에이아이코리아,KOSDAQ,벤처기업부,5470,2,-210,-3.7,5790,5790,5230,32438,177749250,45381554150,8296445,KSQ
033540,KR7033540006,파라텍,KOSDAQ,중견기업부,868,2,-12,-1.36,881,905,820,135226,114850594,45349815308,52246331,KSQ
376290,KR7376290003,씨유테크,KOSDAQ,벤처기업부,2565,2,-75,-2.84,2640,2640,2560,5571,14377305,45291487500,17657500,KSQ
419120,KR7419120001,산돌,KOSDAQ,중견기업부,3075,2,-165,-5.09,3170,3215,3005,31170,96649285,45258963150,14718362,KSQ
090410,KR7090410002,덕신이피씨,KOSDAQ,우량기업부,981,2,-55,-5.31,1036,1036,958,266160,263244108,45208497195,46084095,KSQ
352700,KR7352700009,씨앤투스,KOSDAQ,벤처기업부,1719,2,-61,-3.43,1784,1784,1719,20471,35557903,45169989381,26276899,KSQ
079000,KR7079000006,와토스코리아,KOSDAQ,중견기업부,6260,1,370,6.28,5890,6360,5820,35438,216275680,45072000000,7200000,KSQ
066670,KR7066670001,디티씨,KOSDAQ,중견기업부,2410,2,-210,-8.02,2610,2610,2405,75768,184907836,45047522380,18691918,KSQ
049470,KR7049470008,비트플래닛,KOSDAQ,중견기업부,1911,2,-86,-4.31,1997,2075,1904,71255,139694625,44994301989,23544899,KSQ
066130,KR7066130006,하츠,KOSDAQ,우량기업부,3495,2,-180,-4.9,3690,3690,3490,43112,153043479,44736000000,12800000,KSQ
290120,KR7290120005,DH오토리드,KOSDAQ,중견기업부,2825,2,-75,-2.59,2900,2900,2730,70548,198612017,44706125025,15825177,KSQ
088340,KR7088340005,유라클,KOSDAQ,벤처기업부,10240,1,320,3.23,10050,10550,9960,57067,583821370,44691128320,4364368,KSQ
452300,KR7452300007,캡스톤파트너스,KOSDAQ,중견기업부,3145,2,-30,-0.94,3145,3365,3070,215135,690770460,44563093225,14169505,KSQ
129890,KR7129890000,앱코,KOSDAQ,벤처기업부,971,1,1,0.1,970,984,949,186691,180033653,44224779542,45545602,KSQ
002290,KR7002290005,삼일기업공사,KOSDAQ,우량기업부,3565,2,-80,-2.19,3645,3685,3565,29343,105232774,44206000000,12400000,KSQ
069410,KR7069410009,엔텔스,KOSDAQ,벤처기업부,4310,2,-290,-6.3,4600,4600,4285,31344,137568570,44155191440,10244824,KSQ
153460,KR7153460001,네이블,KOSDAQ,중견기업부,6760,2,-510,-7.02,7270,7280,6500,28306,192881705,44142894640,6530014,KSQ
288330,KR7288330004,파라택시스코리아,KOSDAQ,관리종목(소속부없음),416,0,0,0.0,0,0,0,0,0,44129674368,106080948,KSQ
100660,KR7100660000,서암기계공업,KOSDAQ,중견기업부,3495,2,-210,-5.67,3705,3710,3425,40795,145050639,44037000000,12600000,KSQ
250000,KR7250000007,보라티알,KOSDAQ,우량기업부,6510,2,-330,-4.82,6890,6890,6430,13749,90011890,43947271830,6750733,KSQ
340810,KR7340810001,시선AI,KOSDAQ,기술성장기업부,3220,1,35,1.1,3230,3365,3130,278461,896227436,43936822720,13644976,KSQ
178780,KR7178780003,일월지엠엘,KOSDAQ,벤처기업부,2355,2,-85,-3.48,2417,2445,2315,30710,72602669,43895304225,18639195,KSQ
037950,KR7037950003,엘컴텍,KOSDAQ,중견기업부,2590,2,-310,-10.69,2820,2885,2560,67849,179336495,43743812770,16889503,KSQ
263020,KR7263020000,디케이앤디,KOSDAQ,벤처기업부,3160,2,-60,-1.86,3220,3220,3100,134441,424850620,43722221360,13836146,KSQ
206400,KR7206400004,베노티앤알,KOSDAQ,중견기업부,1165,2,-86,-6.87,1251,1261,1161,147884,178073824,43699334070,37510158,KSQ
307280,KR7307280008,원바이오젠,KOSDAQ,벤처기업부,6140,2,-220,-3.46,6280,6280,6000,26535,162156790,43561009780,7094627,KSQ
059100,KR7059100008,아이컴포넌트,KOSDAQ,벤처기업부,6160,1,320,5.48,5840,6170,5760,60732,363569860,43556497600,7070860,KSQ
297570,KR7297570004,알로이스,KOSDAQ,벤처기업부,1258,2,-52,-3.97,1310,1356,1251,224995,289691849,43553492244,34621218,KSQ
0010V0,KR70010V0005,제이피아이헬스케어,KOSDAQ,벤처기업부,8530,2,-230,-2.63,9380,9380,8300,24247,209737600,43549062000,5105400,KSQ
261200,KR7261200000,덴티스,KOSDAQ,중견기업부,2750,2,-195,-6.62,2940,2940,2710,57422,161350156,43476675000,15809700,KSQ
127710,KR7127710002,아시아경제,KOSDAQ,중견기업부,984,2,-33,-3.24,1014,1014,971,46717,45790549,43344422640,44049210,KSQ
035460,KR7035460005,기산텔레콤,KOSDAQ,벤처기업부,2895,2,-225,-7.21,3120,3120,2810,302498,884039024,43194384300,14920340,KSQ
019770,KR7019770007,서연탑메탈,KOSDAQ,우량기업부,3685,2,-45,-1.21,3690,3720,3605,76466,279288405,42930250000,11650000,KSQ
056700,KR7056700008,신화인터텍,KOSDAQ,중견기업부,1473,2,-90,-5.76,1571,1571,1471,32415,48573331,42915989043,29135091,KSQ
218150,KR7218150001,미래생명자원,KOSDAQ,벤처기업부,2100,2,-135,-6.04,2220,2245,2100,107022,231122660,42873184200,20415802,KSQ
237820,KR7237820006,플레이디,KOSDAQ,중견기업부,3340,2,-145,-4.16,3445,3460,3325,20879,70363799,42842647600,12827140,KSQ
122690,KR7122690001,서진오토모티브,KOSDAQ,중견기업부,1843,2,-117,-5.97,1960,1961,1820,97294,182243876,42534902938,23079166,KSQ
204020,KR7204020002,그리티,KOSDAQ,우량기업부,2185,2,-80,-3.53,2250,2255,2160,23992,52968135,42500067920,19450832,KSQ
260660,KR7260660006,알리코제약,KOSDAQ,중견기업부,2760,2,-100,-3.5,2860,2875,2720,77984,215473710,42302577960,15327021,KSQ
033830,KR7033830001,티비씨,KOSDAQ,중견기업부,423,2,-29,-6.42,456,457,422,154974,66456318,42300000000,100000000,KSQ
101240,KR7101240000,씨큐브,KOSDAQ,우량기업부,3705,2,-70,-1.85,3775,3785,3660,64301,239029970,42077877660,11357052,KSQ
256150,KR7256150004,한독크린텍,KOSDAQ,벤처기업부,5000,2,-80,-1.57,5090,5160,4995,18100,90963320,41975000000,8395000,KSQ
044960,KR7044960003,이글벳,KOSDAQ,중견기업부,3315,2,-80,-2.36,3400,3400,3295,47495,158442055,41907842145,12641883,KSQ
215380,KR7215380007,우정바이오,KOSDAQ,벤처기업부,2490,2,-115,-4.41,2605,2760,2440,195182,487237611,41905644240,16829576,KSQ
208710,KR7208710004,포톤,KOSDAQ,중견기업부,3175,2,-650,-16.99,3475,3580,3130,2238399,7440539253,41846919100,13180132,KSQ
263810,KR7263810004,상신전자,KOSDAQ,중견기업부,2625,2,-75,-2.78,2630,2695,2515,68278,178523270,41802665625,15924825,KSQ
072770,KR7072770001,멤레이비티,KOSDAQ,중견기업부,1006,1,3,0.3,1048,1280,960,1333416,1500563356,41761170588,41512098,KSQ
087600,KR7087600003,픽셀플러스,KOSDAQ,벤처기업부,5110,1,125,2.51,4985,5140,4905,29864,150454710,41731111380,8166558,KSQ
140520,KR7140520008,대창스틸,KOSDAQ,중견기업부,1976,2,-22,-1.1,1995,1998,1972,39163,77540678,41711864168,21109243,KSQ
025880,KR7025880006,케이씨피드,KOSDAQ,우량기업부,2495,2,-30,-1.19,2520,2540,2475,111843,278815725,41706065710,16715858,KSQ
239890,KR7239890007,피엔에이치테크,KOSDAQ,기술성장기업부,4190,2,-285,-6.37,4595,4595,4185,74728,320561530,41630813450,9935755,KSQ
263770,KR7263770000,유에스티,KOSDAQ,우량기업부,1750,2,-50,-2.78,1800,1800,1750,21944,38801858,41475301000,23700172,KSQ
290090,KR7290090000,트윔,KOSDAQ,벤처기업부,5560,1,70,1.28,5490,5630,5450,3183,17752800,41369558080,7440568,KSQ
429270,KR7429270002,시지트로닉스,KOSDAQ,기술성장기업부,6410,2,-690,-9.72,7070,7070,6380,188319,1239859450,41339570710,6449231,KSQ
089150,KR7089150007,케이씨티,KOSDAQ,벤처기업부,2410,2,-135,-5.3,2545,2645,2395,121998,297517785,41331500000,17150000,KSQ
049830,KR7049830003,승일,KOSDAQ,관리종목(소속부없음),6720,2,-260,-3.72,7010,7010,6700,3572,24343020,41207792640,6132112,KSQ
271830,KR7271830002,팸텍,KOSDAQ,벤처기업부,1397,4,322,29.95,1280,1397,1212,241074,331435999,41197812194,29490202,KSQ
066900,KR7066900002,디에이피,KOSDAQ,관리종목(소속부없음),1802,2,-78,-4.15,1880,1880,1775,19752,36327090,40985594406,22744503,KSQ
052460,KR7052460003,아이크래프트,KOSDAQ,벤처기업부,2795,2,-95,-3.29,2855,2935,2760,109804,312565410,40829181120,14607936,KSQ
288980,KR7288980006,모아데이타,KOSDAQ,기술성장기업부,1115,2,-98,-8.08,1209,1209,1060,1249971,1409592107,40565237585,36381379,KSQ
122350,KR7122350002,삼기,KOSDAQ,중견기업부,1058,2,-71,-6.29,1130,1131,1049,238405,254131419,40563114824,38339428,KSQ
258610,KR7258610005,케일럼,KOSDAQ,중견기업부,1110,2,-5,-0.45,1115,1144,1006,36091,38806439,40498419930,36485063,KSQ
221840,KR7221840002,하이즈항공,KOSDAQ,중견기업부,2165,2,-155,-6.68,2380,2380,2150,35804,78586045,40486714565,18700561,KSQ
215090,KR7215090002,솔디펜스,KOSDAQ,벤처기업부,1747,2,-124,-6.63,1861,1871,1731,145088,258787567,40452939767,23155661,KSQ
091590,KR7091590000,남화토건,KOSDAQ,중견기업부,3445,2,-85,-2.41,3505,3530,3405,28578,99101655,40444300000,11740000,KSQ
198940,KR7198940009,한주라이트메탈,KOSDAQ,중견기업부,2075,2,-425,-17.0,2520,2650,2010,1355711,2961005142,40382589675,19461489,KSQ
086040,KR7086040003,바이오톡스텍,KOSDAQ,벤처기업부,2500,2,-130,-4.94,2630,2635,2500,35652,91533550,39895617500,15958247,KSQ
403490,KR7403490006,우듬지팜,KOSDAQ,벤처기업부,867,2,-25,-2.8,884,884,850,127806,110056413,39823446288,45932464,KSQ
221980,KR7221980006,케이디켐,KOSDAQ,우량기업부,9850,2,-200,-1.99,10150,10150,9610,2546,25092115,39742780000,4034800,KSQ
464500,KR7464500008,아이언디바이스,KOSDAQ,기술성장기업부,2840,2,-210,-6.89,3055,3090,2815,142276,411797723,39740866920,13993263,KSQ
064090,KR7064090004,인크레더블버즈,KOSDAQ,관리종목(소속부없음),798,0,0,0.0,0,0,0,0,0,39694710510,49742745,KSQ
153490,KR7153490008,우리이앤엘하루틴,KOSDAQ,우량기업부,771,2,-16,-2.03,779,795,766,44064,34338823,39691080000,51480000,KSQ
224110,KR7224110007,에이텍모빌리티,KOSDAQ,벤처기업부,7800,2,-240,-2.99,8050,8070,7700,28997,227634525,39627010800,5080386,KSQ
200350,KR7200350007,아티스트스튜디오,KOSDAQ,기술성장기업부,3955,2,-175,-4.24,4130,4305,3950,38967,159463244,39534278875,9996025,KSQ
464280,KR7464280007,티디에스팜,KOSDAQ,중견기업부,7130,2,-270,-3.65,7400,7570,7100,31570,227152130,39428900000,5530000,KSQ
083550,KR7083550004,케이엠,KOSDAQ,중견기업부,2900,2,-230,-7.35,3100,3100,2885,65997,192951990,39312878500,13556165,KSQ
020180,KR7020180006,대신정보통신,KOSDAQ,중견기업부,1020,1,10,0.99,1001,1039,956,1288985,1276468344,39197493300,38428915,KSQ
050860,KR7050860006,아세아텍,KOSDAQ,우량기업부,1736,2,-39,-2.2,1787,1787,1731,70450,122659553,39060000000,22500000,KSQ
434480,KR7434480000,모니터랩,KOSDAQ,기술성장기업부,3170,2,-90,-2.76,3260,3260,3005,86009,269553252,39023651000,12310300,KSQ
430690,KR7430690008,한싹,KOSDAQ,벤처기업부,3580,2,-145,-3.89,3725,3725,3465,62895,224219625,39005188320,10895304,KSQ
289220,KR7289220006,자이언트스텝,KOSDAQ,기술성장기업부,1748,2,-119,-6.37,1859,1860,1738,87417,155860506,39001762308,22312221,KSQ
200780,KR7200780005,비씨월드제약,KOSDAQ,중견기업부,3655,2,-145,-3.82,3575,3780,3575,24470,89256075,38982990955,10665661,KSQ
263700,KR7263700007,케어랩스,KOSDAQ,중견기업부,2005,2,-70,-3.37,2070,2110,1984,55056,110578644,38925471000,19414200,KSQ
064520,KR7064520000,테크엘,KOSDAQ,중견기업부,1739,2,-11,-0.63,1749,1795,1729,18861,33048821,38868496818,22351062,KSQ
469750,KR7469750004,아이비젼웍스,KOSDAQ,벤처기업부,1128,2,-32,-2.76,1150,1158,1080,301869,336103193,38866910568,34456481,KSQ
199480,KR7199480005,뱅크웨어글로벌,KOSDAQ,기술성장기업부,3800,2,-195,-4.88,3940,3975,3795,22193,85921303,38747034400,10196588,KSQ
096630,KR7096630009,에스코넥,KOSDAQ,우량기업부,2430,2,-165,-6.36,2595,2595,2400,97754,240309706,38579464890,15876323,KSQ
220180,KR7220180004,핸디소프트,KOSDAQ,벤처기업부,1612,2,-126,-7.25,1738,1762,1609,64176,104505101,38576517304,23930842,KSQ
050110,KR7050110006,캠시스,KOSDAQ,중견기업부,1319,2,-121,-8.4,1431,1435,1291,277659,376601401,38547541537,29224823,KSQ
407400,KR7407400001,꿈비,KOSDAQ,벤처기업부,2630,2,-200,-7.07,2800,2825,2600,103756,277213207,38488824420,14634534,KSQ
021880,KR7021880000,메이슨캐피탈,KOSDAQ,중견기업부,181,2,-16,-8.12,197,199,178,6718979,1239787987,38405377848,212184408,KSQ
032960,KR7032960007,동일기연,KOSDAQ,관리종목(소속부없음),10910,2,-280,-2.5,11190,11190,10800,2205,24070040,38387871450,3518595,KSQ
024120,KR7024120008,KB오토시스,KOSDAQ,중견기업부,3335,2,-110,-3.19,3550,3550,3320,52983,177950407,38352500000,11500000,KSQ
064480,KR7064480007,브리지텍,KOSDAQ,벤처기업부,3205,2,-215,-6.29,3435,3440,3205,135149,444947103,38307762500,11952500,KSQ
123570,KR7123570004,이엠넷,KOSDAQ,중견기업부,1715,2,-38,-2.17,1754,1758,1702,28480,49168741,38203473770,22276078,KSQ
335810,KR7335810008,프리시젼바이오,KOSDAQ,기술성장기업부,1738,2,-123,-6.61,1847,1847,1727,58842,102843485,38148241428,21949506,KSQ
050120,KR7050120005,ES큐브,KOSDAQ,중견기업부,2805,2,-150,-5.08,2990,2990,2785,11836,33165510,38047261230,13564086,KSQ
203450,KR7203450002,유니온바이오메트릭스,KOSDAQ,벤처기업부,2700,2,-90,-3.23,2805,2815,2670,19443,52579240,38013318900,14079007,KSQ
046310,KR7046310009,백금T&A,KOSDAQ,우량기업부,2315,2,-100,-4.14,2415,2415,2300,63941,148318133,38009153915,16418641,KSQ
383930,KR7383930005,디티앤씨알오,KOSDAQ,중견기업부,2960,2,-160,-5.13,3010,3100,2750,133766,390977964,37841018880,12784128,KSQ
128540,KR7128540002,에코캡,KOSDAQ,우량기업부,1415,2,-47,-3.21,1462,1470,1376,88241,123560406,37767000900,26690460,KSQ
351320,KR7351320007,넥사다이내믹스,KOSDAQ,중견기업부,1271,2,-105,-7.63,1376,1377,1271,63447,82701450,37746973982,29698642,KSQ
057540,KR7057540007,옴니시스템,KOSDAQ,중견기업부,634,2,-59,-8.51,673,693,628,434915,283092640,37655965912,59394268,KSQ
476080,KR7476080007,M83,KOSDAQ,중견기업부,4660,2,-285,-5.76,4905,5030,4520,33712,160320020,37638820000,8077000,KSQ
228340,KR7228340006,동양파일,KOSDAQ,중견기업부,1880,2,-28,-1.47,1908,1915,1858,15667,29503413,37600000000,20000000,KSQ
355690,KR7355690009,에이텀,KOSDAQ,기술성장기업부,3995,2,-210,-4.99,4050,4225,3995,78277,318470847,37572895100,9404980,KSQ
186230,KR7186230009,그린플러스,KOSDAQ,벤처기업부,3440,2,-260,-7.03,3700,3700,3400,66828,236960541,37565446720,10920188,KSQ
022220,KR7022220008,티케이지애강,KOSDAQ,중견기업부,725,2,-41,-5.35,724,781,723,6598,4854964,37551069775,51794579,KSQ
081580,KR7081580003,성우전자,KOSDAQ,중견기업부,2415,2,-115,-4.55,2520,2520,2400,120964,294126946,37452165345,15508143,KSQ
900340,HK0000449303,윙입푸드,KOSDAQ,외국기업(소속부없음),742,0,0,0.0,0,0,0,0,0,37345548576,50330928,KSQ
340440,KR7340440007,세림B&G,KOSDAQ,벤처기업부,1313,2,-70,-5.06,1360,1374,1266,241761,316276234,37260791932,28378364,KSQ
119500,KR7119500007,포메탈,KOSDAQ,중견기업부,3145,2,-170,-5.13,3285,3315,3120,158002,500850215,37259544640,11847232,KSQ
365590,KR7365590009,하이딥,KOSDAQ,기술성장기업부,1200,2,-142,-10.58,1342,1342,1080,135355,160321847,37206940800,31005784,KSQ
148250,KR7148250004,알엔투테크놀로지,KOSDAQ,벤처기업부,2730,2,-265,-8.85,2995,3095,2700,102075,286657273,37157221920,13610704,KSQ
103840,KR7103840005,우양,KOSDAQ,중견기업부,2270,2,-160,-6.58,2430,2430,2265,122745,285282210,37151791560,16366428,KSQ
311390,KR7311390009,네오크레마,KOSDAQ,벤처기업부,2925,2,-295,-9.16,3195,3220,2900,93530,282055930,37012332825,12653789,KSQ
376180,KR7376180006,피코그램,KOSDAQ,벤처기업부,1993,2,-52,-2.54,2030,2050,1941,86183,171213329,36992148734,18561038,KSQ
052600,KR7052600004,한네트,KOSDAQ,중견기업부,3195,2,-45,-1.39,3250,3250,3100,40262,127970605,36946021500,11563700,KSQ
475460,KR7475460002,미트박스,KOSDAQ,벤처기업부,6550,2,-360,-5.21,6860,6860,6540,16057,106351120,36765313750,5613025,KSQ
106240,KR7106240005,파인테크닉스,KOSDAQ,벤처기업부,1558,2,-55,-3.41,1670,1670,1547,175384,274661994,36660674800,23530600,KSQ
347770,KR7347770000,핌스,KOSDAQ,중견기업부,1603,1,61,3.96,1542,1620,1390,162244,243568597,36639838326,22857042,KSQ
025440,KR7025440009,DH오토웨어,KOSDAQ,투자주의환기종목(소속부없음),751,2,-15,-1.96,766,800,740,115390,87097056,36634699224,48781224,KSQ
043910,KR7043910009,자연과환경,KOSDAQ,벤처기업부,3230,2,-250,-7.18,3455,3470,3230,88354,292227765,36625438350,11339145,KSQ
031310,KR7031310006,아이즈비전,KOSDAQ,중견기업부,1231,2,-137,-10.01,1368,1439,1229,542119,691031395,36618127381,29746651,KSQ
026040,KR7026040006,제이에스티나,KOSDAQ,중견기업부,2215,2,-50,-2.21,2265,2272,2150,87493,193883852,36555894850,16503790,KSQ
459550,KR7459550000,알트,KOSDAQ,중견기업부,1447,2,-118,-7.54,1550,1565,1442,256453,378625614,36494441167,25220761,KSQ
109820,KR7109820001,진매트릭스,KOSDAQ,기술성장기업부,1788,2,-98,-5.2,1885,1886,1770,61167,109498973,36463828320,20393640,KSQ
066360,KR7066360009,체리부로,KOSDAQ,우량기업부,760,2,-51,-6.29,804,806,758,198231,152730615,36443531400,47952015,KSQ
044480,KR7044480002,빌리언스,KOSDAQ,중견기업부,1096,2,-193,-14.97,1289,1289,1090,227745,264951484,36443003936,33250916,KSQ
332290,KR7332290006,누보,KOSDAQ,벤처기업부,912,2,-52,-5.39,977,977,893,361251,336980204,36392816448,39904404,KSQ
019570,KR7019570001,플루토스,KOSDAQ,중견기업부,386,2,-11,-2.77,397,410,384,487646,192348706,36380516212,94250042,KSQ
043340,KR7043340009,에쎈테크,KOSDAQ,중견기업부,765,2,-67,-8.05,832,832,759,174308,135151293,36337500000,47500000,KSQ
475660,KR7475660007,에스켐,KOSDAQ,기술성장기업부,4580,1,340,8.02,4240,4810,4200,48969,226084130,36318644300,7929835,KSQ
187270,KR7187270004,신화콘텍,KOSDAQ,벤처기업부,3575,1,70,2.0,3535,3615,3430,30945,108078040,36264245875,10143845,KSQ
057030,KR7057030009,YBM넷,KOSDAQ,중견기업부,2215,2,-80,-3.49,2310,2310,2080,80651,173550110,36132623855,16312697,KSQ
284620,KR7284620002,카이노스메드,KOSDAQ,투자주의환기종목(소속부없음),1087,0,0,0.0,0,0,0,0,0,35965517911,33086953,KSQ
318410,KR7318410008,비비씨,KOSDAQ,중견기업부,6470,2,-210,-3.14,6680,6690,6470,7959,52199620,35942422210,5555243,KSQ
387570,KR7387570005,파인메딕스,KOSDAQ,기술성장기업부,6380,2,-420,-6.18,6750,6750,6380,6392,41684625,35893242000,5625900,KSQ
296640,KR7296640006,이노에이엑스,KOSDAQ,벤처기업부,6930,1,10,0.14,7130,7130,6540,23839,162006000,35885286360,5178252,KSQ
068940,KR7068940006,셀피글로벌,KOSDAQ,관리종목(소속부없음),778,0,0,0.0,0,0,0,0,0,35720093048,45912716,KSQ
071850,KR7071850002,캐스텍코리아,KOSDAQ,투자주의환기종목(소속부없음),1472,2,-35,-2.32,1507,1507,1472,10961,16276568,35712100736,24260938,KSQ
388610,KR7388610008,지에프씨생명과학,KOSDAQ,기술성장기업부,6700,2,-390,-5.5,7070,7300,6640,31307,211369000,35534850300,5303709,KSQ
900300,HK0000312568,오가닉티코스메틱,KOSDAQ,외국기업(소속부없음),91,0,0,0.0,0,0,0,0,0,35399443716,389004876,KSQ
078590,KR7078590007,휴림에이텍,KOSDAQ,중견기업부,3540,2,-285,-7.45,3780,4000,3515,237380,879620209,35371039260,9991819,KSQ
031510,KR7031510001,오스템,KOSDAQ,중견기업부,1262,1,132,11.68,1148,1324,1131,674119,836262514,35336000000,28000000,KSQ
263050,KR7263050007,유틸렉스,KOSDAQ,관리종목(소속부없음),959,0,0,0.0,0,0,0,0,0,35324626904,36834856,KSQ
239610,KR7239610009,에이치엘사이언스,KOSDAQ,벤처기업부,6550,2,-290,-4.24,6910,6910,6400,3072,20463820,35318353250,5392115,KSQ
014570,KR7014570006,고려제약,KOSDAQ,중견기업부,3200,2,-195,-5.74,3370,3390,3200,54564,176285752,35200000000,11000000,KSQ
047080,KR7047080007,한빛소프트,KOSDAQ,중견기업부,1416,2,-14,-0.98,1418,1475,1350,827755,1178394452,35148464592,24822362,KSQ
160550,KR7160550000,NEW,KOSDAQ,중견기업부,1259,2,-66,-4.98,1325,1325,1246,97613,123430230,35133787454,27906106,KSQ
336060,KR7336060009,웨이버스,KOSDAQ,벤처기업부,727,2,-66,-8.32,793,793,725,382820,286590681,35008830400,48155200,KSQ
450520,KR7450520002,인스웨이브,KOSDAQ,벤처기업부,2375,2,-50,-2.06,2405,2425,2250,53149,125322723,34923372750,14704578,KSQ
206560,KR7206560005,덱스터,KOSDAQ,기술성장기업부,1371,2,-152,-9.98,1523,1545,1360,294589,419712814,34839490056,25411736,KSQ
080520,KR7080520000,오디텍,KOSDAQ,벤처기업부,3025,2,-130,-4.12,3140,3340,2960,51719,157818460,34250311425,11322417,KSQ
037370,KR7037370004,EG,KOSDAQ,벤처기업부,3970,2,-355,-8.21,4325,4325,3845,48077,192666348,34241138840,8624972,KSQ
223310,KR7223310004,사토시홀딩스,KOSDAQ,중견기업부,6560,2,-440,-6.29,7030,7290,6540,33273,222561340,34142451520,5204642,KSQ
038620,KR7038620001,위즈코프,KOSDAQ,벤처기업부,2250,2,-5,-0.22,2280,2280,2190,39208,87482048,34078259250,15145893,KSQ
133750,KR7133750000,메가엠디,KOSDAQ,중견기업부,1452,2,-59,-3.9,1511,1556,1451,43791,64901271,33987075804,23407077,KSQ
060540,KR7060540002,에스에이티,KOSDAQ,중견기업부,1300,2,-54,-3.99,1354,1356,1237,67812,89326042,33973297800,26133306,KSQ
262840,KR7262840002,아이퀘스트,KOSDAQ,벤처기업부,3215,2,-65,-1.98,3300,3370,3160,57791,188698934,33972750680,10566952,KSQ
356890,KR7356890004,싸이버원,KOSDAQ,벤처기업부,2840,2,-105,-3.57,2905,2925,2735,72060,204441303,33948863000,11953825,KSQ
406820,KR7406820001,뷰티스킨,KOSDAQ,벤처기업부,2400,2,-230,-8.75,2630,2630,2390,294367,721354042,33926776800,14136157,KSQ
045060,KR7045060001,오공,KOSDAQ,우량기업부,2000,2,-40,-1.96,2000,2050,1982,142073,284447589,33883948000,16941974,KSQ
054780,KR7054780002,키이스트,KOSDAQ,중견기업부,1717,2,-92,-5.09,1780,1808,1706,53985,93355220,33752430581,19657793,KSQ
277410,KR7277410007,인산가,KOSDAQ,벤처기업부,878,2,-56,-6.0,934,935,870,166618,148515499,33725301390,38411505,KSQ
290520,KR7290520006,신도기연,KOSDAQ,벤처기업부,2115,1,80,3.93,2035,2165,1930,123615,252392718,33690600630,15929362,KSQ
097780,KR7097780001,에코볼트,KOSDAQ,중견기업부,664,0,0,0.0,0,0,0,0,0,33686528072,50732723,KSQ
159910,KR7159910009,에코글로우,KOSDAQ,중견기업부,3210,2,-290,-8.29,3500,3505,3200,26748,86812964,33599381370,10467097,KSQ
0010F0,KR70010F0005,보원케미칼,KOSDAQ,벤처기업부,3015,2,-210,-6.51,3175,3220,2975,169828,526841810,33597957015,11143601,KSQ
270870,KR7270870009,뉴트리,KOSDAQ,중견기업부,3645,2,-165,-4.33,3805,3810,3610,15574,57188534,33534816480,9200224,KSQ
900310,HK0000341732,컬러레이,KOSDAQ,외국기업(소속부없음),520,0,0,0.0,0,0,0,0,0,33301671000,64041675,KSQ
363260,KR7363260001,모비데이즈,KOSDAQ,벤처기업부,1029,2,-108,-9.5,1127,1131,1015,142396,151032481,33096518301,32163769,KSQ
373170,KR7373170000,엠아이큐브솔루션,KOSDAQ,벤처기업부,2180,2,-75,-3.33,2255,2325,2160,48809,107609886,32948062200,15113790,KSQ
075130,KR7075130005,플랜티넷,KOSDAQ,벤처기업부,1981,2,-89,-4.3,2040,2065,1960,84999,169405477,32928815920,16622320,KSQ
140430,KR7140430000,카티스,KOSDAQ,중견기업부,3070,2,-230,-6.97,3200,3295,2985,132459,407269395,32816786490,10689507,KSQ
254120,KR7254120009,자비스,KOSDAQ,기술성장기업부,1066,2,-59,-5.24,1115,1160,1061,315599,345207478,32784051820,30754270,KSQ
900070,KYG3931T1076,글로벌에스엠,KOSDAQ,외국기업(소속부없음),610,0,0,0.0,0,0,0,0,0,32783820480,53743968,KSQ
058110,KR7058110008,멕아이씨에스,KOSDAQ,기술성장기업부,2040,2,-120,-5.56,2145,2145,1957,90296,185295462,32743081200,16050530,KSQ
039740,KR7039740006,한국정보공학,KOSDAQ,벤처기업부,4075,2,-295,-6.75,4500,4500,3930,97096,394781070,32674967775,8018397,KSQ
177830,KR7177830007,파버나인,KOSDAQ,벤처기업부,2420,2,-80,-3.2,2500,2500,2390,24549,59163790,32655361420,13493951,KSQ
057680,KR7057680001,티사이언티픽,KOSDAQ,벤처기업부,2290,2,-155,-6.34,2445,2465,2205,64077,150482654,32631813000,14249700,KSQ
195990,KR7195990007,에이비프로바이오,KOSDAQ,관리종목(소속부없음),1000,2,-41,-3.94,1041,1084,994,226950,230828655,32575748000,32575748,KSQ
195500,KR7195500004,마니커에프앤지,KOSDAQ,중견기업부,2035,2,-115,-5.35,2155,2155,2005,93397,192499474,32515230000,15978000,KSQ
021650,KR7021650007,한국큐빅,KOSDAQ,중견기업부,1987,2,-58,-2.84,2045,2045,1977,11430,22747005,32488568681,16350563,KSQ
006920,KR7006920003,모헨즈,KOSDAQ,중견기업부,2975,2,-315,-9.57,3235,3325,2925,198906,602811855,32487000000,10920000,KSQ
086060,KR7086060001,진바이오텍,KOSDAQ,중견기업부,3760,2,-165,-4.2,3885,3885,3710,38352,144766450,32375807120,8610587,KSQ
075970,KR7075970004,동국알앤에스,KOSDAQ,중견기업부,1759,2,-83,-4.51,1824,1842,1723,74963,132257984,32365600000,18400000,KSQ
363250,KR7363250002,진시스템,KOSDAQ,기술성장기업부,3795,2,-95,-2.44,3860,3915,3620,42650,162261205,32289309690,8508382,KSQ
187220,KR7187220009,디티앤씨,KOSDAQ,중견기업부,2800,3,0,0.0,2800,2960,2690,41768,116242855,32269812400,11524933,KSQ
099390,KR7099390007,브레인즈컴퍼니,KOSDAQ,벤처기업부,3930,1,125,3.29,3805,4010,3805,39174,152757120,32258552190,8208283,KSQ
043200,KR7043200005,파루,KOSDAQ,벤처기업부,770,2,-27,-3.39,795,808,762,131921,103401322,32189322550,41804315,KSQ
089140,KR7089140008,넥스턴앤롤코리아,KOSDAQ,벤처기업부,2090,2,-175,-7.73,2265,2270,2075,204519,437031748,32010929060,15316234,KSQ
208860,KR7208860007,다산디엠씨,KOSDAQ,벤처기업부,939,2,-49,-4.96,988,1001,928,58088,56938878,31879024647,33949973,KSQ
114630,KR7114630007,폴라리스우노,KOSDAQ,우량기업부,1846,2,-45,-2.38,1890,1890,1830,62455,115394673,31816267808,17235248,KSQ
351870,KR7351870001,차이커뮤니케이션,KOSDAQ,중견기업부,2850,2,-85,-2.9,2935,2995,2840,8791,25312925,31807829700,11160642,KSQ
016670,KR7016670002,디모아,KOSDAQ,중견기업부,3120,2,-280,-8.24,3350,3350,3065,11917,37607370,31806010080,10194234,KSQ
038870,KR7038870002,에코심플렉스,KOSDAQ,중견기업부,2265,2,-215,-8.67,2420,2425,2195,51144,116068560,31743859485,14014949,KSQ
053950,KR7053950002,경남제약,KOSDAQ,중견기업부,2020,2,-170,-7.76,2190,2190,2000,94330,192536612,31571531420,15629471,KSQ
007720,KR7007720006,소노스퀘어,KOSDAQ,중견기업부,312,2,-2,-0.64,311,342,308,571641,186413882,31449740400,100800450,KSQ
306040,KR7306040007,에스제이그룹,KOSDAQ,중견기업부,3185,2,-255,-7.41,3405,3430,3165,143658,466749019,31422662180,9865828,KSQ
080530,KR7080530009,코디,KOSDAQ,중견기업부,2830,2,-135,-4.55,2965,3005,2705,31349,89143405,31419155250,11102175,KSQ
318020,KR7318020005,포인트모바일,KOSDAQ,벤처기업부,2550,2,-150,-5.56,2815,2815,2520,32327,84020877,31368243600,12301272,KSQ
045300,KR7045300001,성우테크론,KOSDAQ,중견기업부,2970,2,-60,-1.98,3030,3065,2935,60181,178507338,31324625640,10547012,KSQ
440320,KR7440320000,오픈놀,KOSDAQ,기술성장기업부,3185,2,-5,-0.16,3070,3230,3020,68129,213681155,31308550000,9830000,KSQ
039290,KR7039290002,인포뱅크,KOSDAQ,중견기업부,3600,2,-170,-4.51,3770,4065,3430,22447,82561335,31298320800,8693978,KSQ
258830,KR7258830009,세종메디칼,KOSDAQ,관리종목(소속부없음),412,0,0,0.0,0,0,0,0,0,31223976612,75786351,KSQ
130500,KR7130500002,GH신소재,KOSDAQ,중견기업부,2145,2,-65,-2.94,2210,2295,2135,44018,95425050,31199136540,14545052,KSQ
033200,KR7033200007,모아텍,KOSDAQ,투자주의환기종목(소속부없음),3380,2,-225,-6.24,3650,3650,3370,18059,62082365,31111308020,9204529,KSQ
073540,KR7073540007,에프알텍,KOSDAQ,벤처기업부,2725,2,-315,-10.36,3040,3040,2720,89375,249828785,31065000000,11400000,KSQ
359090,KR7359090008,씨엔알리서치,KOSDAQ,중견기업부,539,2,-30,-5.27,561,566,539,89726,49157421,30976716463,57470717,KSQ
045510,KR7045510005,정원엔시스,KOSDAQ,중견기업부,959,2,-61,-5.98,1020,1020,941,199710,195309620,30888711028,32209292,KSQ
238490,KR7238490007,힘스,KOSDAQ,벤처기업부,2725,2,-200,-6.84,2975,2975,2720,31471,86947393,30825843100,11312236,KSQ
131220,KR7131220006,대한과학,KOSDAQ,벤처기업부,4100,2,-190,-4.43,4245,4250,4095,41745,173666340,30563409000,7454490,KSQ
038880,KR7038880001,아이에이,KOSDAQ,투자주의환기종목(소속부없음),811,2,-15,-1.82,826,840,808,83622,68188003,30470986887,37572117,KSQ
068050,KR7068050004,팬엔터테인먼트,KOSDAQ,중견기업부,1098,2,-81,-6.87,1179,1179,1080,121419,135151518,30408095448,27694076,KSQ
464580,KR7464580000,닷밀,KOSDAQ,기술성장기업부,1652,2,-32,-1.9,1670,1710,1629,59593,99432936,30406859028,18406089,KSQ
225220,KR7225220003,제놀루션,KOSDAQ,벤처기업부,1583,2,-103,-6.11,1614,1680,1550,74761,120572797,30377803243,19190021,KSQ
290270,KR7290270008,휴네시온,KOSDAQ,벤처기업부,3160,2,-150,-4.53,3310,3310,3150,63625,203400362,30360243520,9607672,KSQ
012620,KR7012620001,원일특강,KOSDAQ,우량기업부,6880,2,-240,-3.37,7120,7120,6870,21263,147486320,30272000000,4400000,KSQ
246250,KR7246250005,에스엘에스바이오,KOSDAQ,관리종목(소속부없음),1969,0,0,0.0,0,0,0,0,0,30220617614,15348206,KSQ
318000,KR7318000007,KBG,KOSDAQ,벤처기업부,3450,2,-285,-7.63,3705,3705,3450,58984,209489095,30153769350,8740223,KSQ
300120,KR7300120003,라온피플,KOSDAQ,벤처기업부,609,2,-41,-6.31,649,672,609,425679,266316684,30147945744,49504016,KSQ
241840,KR7241840008,에이스토리,KOSDAQ,중견기업부,3155,2,-240,-7.07,3375,3375,3135,54677,174590389,30098681070,9539994,KSQ
065950,KR7065950008,웰크론,KOSDAQ,중견기업부,1066,2,-131,-10.94,1187,1193,1066,155614,173705059,30094567932,28231302,KSQ
169330,KR7169330008,엠브레인,KOSDAQ,중견기업부,1642,2,-153,-8.52,1798,1798,1600,112081,187881878,30076379356,18316918,KSQ
035200,KR7035200005,프럼파스트,KOSDAQ,벤처기업부,3085,2,-105,-3.29,3155,3190,2965,57388,177554553,30018870150,9730590,KSQ
069140,KR7069140002,누리플랜,KOSDAQ,벤처기업부,1981,2,-174,-8.07,2370,2560,1894,3028407,6574250463,29904787724,15095804,KSQ
263920,KR7263920001,휴엠앤씨,KOSDAQ,중견기업부,3040,2,-260,-7.88,3300,3305,3010,13300,42322675,29819439040,9809026,KSQ
032860,KR7032860009,더라미,KOSDAQ,중견기업부,737,1,13,1.8,725,767,704,118969,86285982,29771751031,40395863,KSQ
038950,KR7038950002,파인디지털,KOSDAQ,중견기업부,2905,2,-165,-5.37,3045,3045,2880,39283,114530500,29662272325,10210765,KSQ
317120,KR7317120004,라닉스,KOSDAQ,기술성장기업부,1931,2,-134,-6.49,2035,2060,1879,305249,587724774,29467060000,15260000,KSQ
017000,KR7017000001,신원종합개발,KOSDAQ,우량기업부,2520,2,-15,-0.59,2535,2540,2410,65117,161933784,29403428040,11668027,KSQ
063760,KR7063760003,이엘피,KOSDAQ,벤처기업부,3150,1,25,0.8,3125,3225,2905,130347,405790101,29374159500,9325130,KSQ
046390,KR7046390001,삼화네트웍스,KOSDAQ,중견기업부,1698,2,-23,-1.34,1721,1788,1619,86572,144899275,29323055754,17269173,KSQ
013810,KR7013810007,스페코,KOSDAQ,중견기업부,2000,2,-105,-4.99,2115,2130,1999,107146,216529131,29310940000,14655470,KSQ
131100,KR7131100000,티엔엔터테인먼트,KOSDAQ,중견기업부,905,2,-21,-2.27,929,976,900,68864,63926037,29183285220,32246724,KSQ
462510,KR7462510009,라메디텍,KOSDAQ,기술성장기업부,3315,2,-305,-8.43,3620,3620,3280,73021,243931965,29181828975,8802965,KSQ
101000,KR7101000008,KS인더스트리,KOSDAQ,중견기업부,735,1,20,2.8,715,753,693,216038,154972414,29136831780,39641948,KSQ
317240,KR7317240000,TS트릴리온,KOSDAQ,벤처기업부,996,2,-59,-5.59,986,1053,984,268685,268472795,29060004156,29176711,KSQ
115160,KR7115160004,휴맥스,KOSDAQ,중견기업부,6730,2,-270,-3.86,7000,7120,6730,15435,105425090,29020715660,4312142,KSQ
276730,KR7276730009,한울앤제주,KOSDAQ,투자주의환기종목(소속부없음),12690,2,-790,-5.86,13480,13990,12620,13538,177602350,28992957210,2284709,KSQ
131760,KR7131760001,파인텍,KOSDAQ,벤처기업부,3320,2,-490,-12.86,3655,3690,3270,623779,2133852012,28838569120,8686316,KSQ
032790,KR7032790008,엠젠솔루션,KOSDAQ,벤처기업부,1121,2,-223,-16.59,1333,1342,1025,510643,580673162,28787398826,25680106,KSQ
310870,KR7310870001,디와이씨,KOSDAQ,벤처기업부,1391,2,-98,-6.58,1499,1499,1350,421533,597310560,28775993961,20687271,KSQ
109960,KR7109960005,앱토크롬,KOSDAQ,투자주의환기종목(소속부없음),2600,2,-350,-11.86,2950,2950,2400,50471,128322930,28702603800,11039463,KSQ
065370,KR7065370009,위세아이텍,KOSDAQ,벤처기업부,3885,2,-215,-5.24,4100,4115,3820,18181,71624030,28686661290,7383954,KSQ
342870,KR7342870003,오아,KOSDAQ,중견기업부,5260,2,-340,-6.07,5600,5600,5200,11438,60945100,28668036220,5450197,KSQ
001000,KR7001000009,신라섬유,KOSDAQ,중견기업부,1180,2,-57,-4.61,1240,1245,1160,52985,63498094,28647497200,24277540,KSQ
121890,KR7121890008,에스디시스템,KOSDAQ,중견기업부,2155,2,-335,-13.45,2450,2450,2075,248444,557472055,28643066130,13291446,KSQ
073570,KR7073570004,리튬포어스,KOSDAQ,관리종목(소속부없음),2375,2,-275,-10.38,2650,2650,2325,156733,380260430,28588654000,12037328,KSQ
056730,KR7056730005,CNT85,KOSDAQ,중견기업부,1928,2,-92,-4.55,2005,2050,1926,5452,10783193,28577272936,14822237,KSQ
318010,KR7318010006,팜스빌,KOSDAQ,벤처기업부,3545,2,-30,-0.84,3540,3600,3532,4133,14668229,28109503210,7929338,KSQ
258790,KR7258790005,소프트캠프,KOSDAQ,벤처기업부,5620,2,-310,-5.23,5750,5760,5100,114898,615187170,28090198720,4998256,KSQ
079170,KR7079170007,한창산업,KOSDAQ,우량기업부,5400,2,-380,-6.57,5800,5800,5400,82284,452606330,28080000000,5200000,KSQ
091340,KR7091340000,S&K폴리텍,KOSDAQ,중견기업부,2395,2,-100,-4.01,2450,2545,2325,52823,127687372,28030411795,11703721,KSQ
008470,KR7008470007,부스타,KOSDAQ,벤처기업부,3335,2,-95,-2.77,3430,3430,3320,21116,71313215,28030008000,8404800,KSQ
006050,KR7006050009,국영지앤엠,KOSDAQ,중견기업부,803,2,-42,-4.97,830,845,793,358237,288764556,28020880129,34895243,KSQ
048470,KR7048470009,대동스틸,KOSDAQ,중견기업부,2895,2,-65,-2.2,2960,2995,2795,54432,157902205,27936750000,9650000,KSQ
027040,KR7027040005,서울전자통신,KOSDAQ,중견기업부,2005,2,-310,-13.39,2315,2390,1955,939886,1962911499,27905126845,13917769,KSQ
398120,KR7398120006,에스지헬스케어,KOSDAQ,벤처기업부,2360,1,5,0.21,2410,2410,2195,68734,157618270,27891685960,11818511,KSQ
438700,KR7438700007,버넥트,KOSDAQ,기술성장기업부,2500,2,-160,-6.02,2660,2735,2500,41853,106901935,27862225000,11144890,KSQ
353590,KR7353590003,오토앤,KOSDAQ,중견기업부,2160,2,-190,-8.09,2350,2350,2110,55677,121793780,27811231200,12875570,KSQ
131090,KR7131090003,시큐브,KOSDAQ,벤처기업부,3615,2,-240,-6.23,3930,3930,3610,48977,181018070,27684468915,7658221,KSQ
252500,KR7252500004,세화피앤씨,KOSDAQ,중견기업부,664,2,-51,-7.13,715,715,655,186913,125503100,27546962960,41486390,KSQ
274400,KR7274400001,이노시뮬레이션,KOSDAQ,기술성장기업부,3025,2,-120,-3.82,3220,3220,2950,20596,62131190,27486641325,9086493,KSQ
405920,KR7405920000,나라셀라,KOSDAQ,중견기업부,2120,2,-100,-4.5,2220,2220,2055,36802,77728112,27301521120,12878076,KSQ
068100,KR7068100007,케이웨더,KOSDAQ,기술성장기업부,2285,2,-135,-5.58,2420,2430,2270,33679,77899915,27254419760,11927536,KSQ
464680,KR7464680008,KB제27호스팩,KOSDAQ,관리종목(소속부없음),2110,3,0,0.0,2110,2115,2110,122104,257669090,27229550000,12905000,KSQ
043220,KR7043220003,티에스넥스젠,KOSDAQ,관리종목(소속부없음),1710,0,0,0.0,0,0,0,0,0,27227331360,15922416,KSQ
239340,KR7239340003,이스트에이드,KOSDAQ,중견기업부,1009,2,-152,-13.09,1150,1150,990,154601,160761602,27222450706,26979634,KSQ
333050,KR7333050003,이노테나,KOSDAQ,벤처기업부,5520,2,-310,-5.32,5810,5830,5400,17607,98139010,27173110800,4922665,KSQ
462980,KR7462980004,아이지넷,KOSDAQ,기술성장기업부,1489,1,55,3.84,1434,1583,1357,413825,615395176,27151076693,18234437,KSQ
210120,KR7210120002,캔버스엔,KOSDAQ,중견기업부,1117,2,-65,-5.5,1249,1254,1113,326076,386155202,27073262926,24237478,KSQ
001810,KR7001810001,무림SP,KOSDAQ,중견기업부,1217,2,-79,-6.1,1252,1284,1217,28155,34804724,26941337500,22137500,KSQ
027580,KR7027580000,상보,KOSDAQ,중견기업부,2275,2,-160,-6.57,2410,2535,2240,243467,571893002,26927480125,11836255,KSQ
237750,KR7237750005,피앤씨테크,KOSDAQ,벤처기업부,4140,2,-245,-5.59,4385,4440,4140,40103,169895890,26895924000,6496600,KSQ
462310,KR7462310004,뉴키즈온,KOSDAQ,중견기업부,3285,1,15,0.46,3280,3385,3165,26971,88845161,26888122485,8185121,KSQ
257370,KR7257370007,피엔티엠에스,KOSDAQ,벤처기업부,2135,2,-105,-4.69,2240,2245,2010,51950,109316625,26697878235,12504861,KSQ
373110,KR7373110006,엑셀세라퓨틱스,KOSDAQ,기술성장기업부,1541,2,-122,-7.34,1647,1800,1500,494361,799505623,26650661154,17294394,KSQ
142760,KR7142760008,모아라이프플러스,KOSDAQ,기술성장기업부,631,2,-42,-6.24,697,697,621,226939,146341491,26607364380,42166980,KSQ
397810,KR7397810003,애드포러스,KOSDAQ,벤처기업부,5150,2,-80,-1.53,5250,5280,4905,15665,80095300,26577965500,5160770,KSQ
354200,KR7354200008,엔젠바이오,KOSDAQ,기술성장기업부,991,2,-79,-7.38,1061,1069,975,140684,142813221,26568462250,26809750,KSQ
032080,KR7032080004,아즈텍WB,KOSDAQ,중견기업부,1235,2,-27,-2.14,1263,1263,1234,8046,9982067,26541420815,21491029,KSQ
032750,KR7032750002,삼진,KOSDAQ,우량기업부,2920,2,-80,-2.67,3000,3020,2905,27056,79782805,26370876240,9031122,KSQ
053290,KR7053290003,NE능률,KOSDAQ,중견기업부,1594,2,-37,-2.27,1631,1639,1590,54319,86959588,26342933358,16526307,KSQ
367000,KR7367000007,플래티어,KOSDAQ,벤처기업부,3140,2,-215,-6.41,3355,3355,3110,14566,46639580,26338969980,8388207,KSQ
900110,HK0000057197,딥커머스,KOSDAQ,외국기업(소속부없음),713,0,0,0.0,0,0,0,0,0,26291693185,36874745,KSQ
054940,KR7054940002,엑사이엔씨,KOSDAQ,중견기업부,791,1,72,10.01,740,855,702,4959202,3962045000,26240276468,33173548,KSQ
018680,KR7018680009,서울제약,KOSDAQ,벤처기업부,2245,2,-160,-6.65,2400,2400,2220,10165,23191630,26175171155,11659319,KSQ
033050,KR7033050006,제이엠아이,KOSDAQ,중견기업부,803,2,-56,-6.52,859,859,774,108007,86735822,26161211626,32579342,KSQ
043360,KR7043360007,디지아이,KOSDAQ,벤처기업부,2905,2,-320,-9.92,3220,3220,2815,39501,115697920,26145000000,9000000,KSQ
051380,KR7051380004,피씨디렉트,KOSDAQ,중견기업부,1702,2,-123,-6.74,1825,1825,1685,95867,166880704,26108802544,15340072,KSQ
007770,KR7007770001,한일화학,KOSDAQ,중견기업부,7380,2,-170,-2.25,7490,7490,7380,3850,28539850,25903800000,3510000,KSQ
019660,KR7019660000,글로본,KOSDAQ,중견기업부,1846,2,-64,-3.35,1894,1898,1815,12864,23752979,25741238718,13944333,KSQ
270520,KR7270520000,앱튼,KOSDAQ,투자주의환기종목(소속부없음),1307,2,-89,-6.38,1396,1421,1301,47364,63665238,25694200598,19658914,KSQ
424760,KR7424760007,벨로크,KOSDAQ,벤처기업부,2590,2,-110,-4.07,2510,2830,2510,230493,598891473,25612919220,9889158,KSQ
138070,KR7138070008,신진에스엠,KOSDAQ,중견기업부,1461,1,6,0.41,1495,1495,1419,32980,48229558,25572181044,17503204,KSQ
304840,KR7304840002,피플바이오,KOSDAQ,벤처기업부,1051,1,22,2.14,1029,1142,979,308589,332487713,25561013660,24320660,KSQ
290560,KR7290560002,파라택시스이더리움,KOSDAQ,벤처기업부,1134,2,-73,-6.05,1207,1212,1110,84790,97432364,25359335820,22362730,KSQ
303530,KR7303530000,이노뎁,KOSDAQ,벤처기업부,3450,2,-280,-7.51,3755,3760,3360,68402,237526345,25320581550,7339299,KSQ
331520,KR7331520007,밸로프,KOSDAQ,중견기업부,2470,2,-120,-4.63,2590,2590,2400,37852,94645328,25127008660,10172878,KSQ
291230,KR7291230001,엔피,KOSDAQ,중견기업부,568,2,-17,-2.91,585,606,555,128421,72473347,25046400200,44095775,KSQ
131180,KR7131180002,딜리,KOSDAQ,벤처기업부,4250,2,-150,-3.41,4365,4365,4250,5898,25249206,24947500000,5870000,KSQ
200230,KR7200230001,텔콘RF제약,KOSDAQ,중견기업부,348,2,-61,-14.91,400,402,333,2061120,728605216,24890189484,71523533,KSQ
036480,KR7036480002,대성미생물,KOSDAQ,중견기업부,6550,2,-90,-1.36,6630,6640,6550,21084,139194420,24890000000,3800000,KSQ
418620,KR7418620001,E8,KOSDAQ,기술성장기업부,1250,2,-54,-4.14,1292,1303,1239,102638,129062330,24813096250,19850477,KSQ
148930,KR7148930001,에이치와이티씨,KOSDAQ,중견기업부,2425,2,-175,-6.73,2600,2600,2385,42945,106244595,24674891525,10175213,KSQ
013720,KR7013720008,THE CUBE&,KOSDAQ,중견기업부,403,2,-54,-11.82,457,460,394,800409,332455852,24513741629,60828143,KSQ
093380,KR7093380004,풍강,KOSDAQ,중견기업부,2475,2,-120,-4.62,2595,2600,2445,18988,47260150,24451299675,9879313,KSQ
091970,KR7091970004,나노캠텍,KOSDAQ,중견기업부,3225,2,-405,-11.16,3640,3640,3000,252400,814884466,24299665500,7534780,KSQ
096690,KR7096690003,에이루트,KOSDAQ,중견기업부,6040,1,140,2.37,6100,6100,5510,22384,130592150,24297965680,4022842,KSQ
026910,KR7026910000,광진실업,KOSDAQ,관리종목(소속부없음),3765,2,-80,-2.08,3795,3845,3515,151278,554214285,24116349825,6405405,KSQ
301300,KR7301300000,바이브컴퍼니,KOSDAQ,기술성장기업부,1832,2,-46,-2.45,1920,1929,1815,31779,59330520,24099432384,13154712,KSQ
146060,KR7146060009,율촌,KOSDAQ,중견기업부,1001,2,-67,-6.27,1061,1071,991,124300,125620019,24039610595,24015595,KSQ
267790,KR7267790004,배럴,KOSDAQ,중견기업부,3120,2,-235,-7.0,3355,3355,3040,20543,64458120,23990644080,7689309,KSQ
115480,KR7115480006,씨유메디칼,KOSDAQ,중견기업부,1978,2,-77,-3.75,2045,2045,1929,56366,110923610,23983073958,12124911,KSQ
087260,KR7087260006,모바일어플라이언스,KOSDAQ,벤처기업부,735,2,-11,-1.47,747,769,720,378951,277824536,23926352835,32552861,KSQ
037400,KR7037400009,우리엔터프라이즈,KOSDAQ,중견기업부,910,2,-54,-5.6,965,965,905,98924,91891454,23863244860,26223346,KSQ
067730,KR7067730002,로지시스,KOSDAQ,중견기업부,2465,2,-140,-5.37,2605,2605,2450,69655,173795685,23846217730,9673922,KSQ
024940,KR7024940009,PN풍년,KOSDAQ,벤처기업부,2375,2,-110,-4.43,2485,2485,2355,67462,162039770,23750000000,10000000,KSQ
376980,KR7376980009,원티드랩,KOSDAQ,기술성장기업부,2425,2,-210,-7.97,2635,2635,2400,87722,218010105,23683505450,9766394,KSQ
208350,KR7208350009,지란지교시큐리티,KOSDAQ,벤처기업부,2910,2,-105,-3.48,3010,3020,2750,60871,177446370,23575568700,8101570,KSQ
377330,KR7377330006,이지트로닉스,KOSDAQ,기술성장기업부,2895,2,-175,-5.7,3070,3070,2885,21923,64059640,23565166830,8139954,KSQ
060380,KR7060380003,동양에스텍,KOSDAQ,중견기업부,1196,2,-25,-2.05,1221,1221,1188,76551,91583638,23561200000,19700000,KSQ
052300,KR7052300001,오션인더블유,KOSDAQ,중견기업부,1449,2,-33,-2.23,1523,1523,1445,38896,56742018,23537741472,16244128,KSQ
432980,KR7432980001,엠에프씨,KOSDAQ,기술성장기업부,2725,1,20,0.74,2705,2890,2560,29780,78326300,23412496950,8591742,KSQ
080470,KR7080470008,성창오토텍,KOSDAQ,벤처기업부,3205,2,-135,-4.04,3340,3350,3140,32992,106175140,23396500000,7300000,KSQ
038530,KR7038530002,케이바이오랩스,KOSDAQ,중견기업부,1003,2,-44,-4.2,1046,1046,985,174459,175337029,23212297607,23142869,KSQ
044780,KR7044780005,에이치케이,KOSDAQ,벤처기업부,1253,2,-95,-7.05,1348,1348,1120,216949,273106984,23187751111,18505787,KSQ
431190,KR7431190008,케이쓰리아이,KOSDAQ,기술성장기업부,3090,2,-170,-5.21,3110,3260,3075,38902,122360805,23133105780,7486442,KSQ
023770,KR7023770001,플레이위드,KOSDAQ,중견기업부,2585,2,-150,-5.48,2715,2715,2475,16423,41849440,23126689575,8946495,KSQ
065150,KR7065150005,대산F&B,KOSDAQ,관리종목(소속부없음),1450,0,0,0.0,0,0,0,0,0,23110448000,15938240,KSQ
039310,KR7039310008,세중,KOSDAQ,중견기업부,1271,1,45,3.67,1226,1297,1172,180129,221784434,23032638757,18121667,KSQ
139670,KR7139670004,키네마스터,KOSDAQ,중견기업부,1626,2,-105,-6.07,1731,1731,1610,47739,78787267,22957185060,14118810,KSQ
021040,KR7021040001,대호특수강,KOSDAQ,중견기업부,1055,1,20,1.93,1059,1110,1020,26366,27650009,22898536570,21704774,KSQ
078860,KR7078860004,아이오케이이엔엠,KOSDAQ,투자주의환기종목(소속부없음),3845,2,-245,-5.99,4090,4110,3705,30228,117567329,22824785125,5936225,KSQ
352940,KR7352940001,인바이오,KOSDAQ,벤처기업부,2095,2,-70,-3.23,2165,2165,2080,10224,21468940,22767894350,10867730,KSQ
285800,KR7285800009,진영,KOSDAQ,벤처기업부,1297,2,-52,-3.85,1348,1348,1292,50487,66113581,22668019190,17477270,KSQ
054090,KR7054090006,삼진엘앤디,KOSDAQ,중견기업부,908,2,-48,-5.02,957,1020,908,259457,242551710,22662982656,24959232,KSQ
053060,KR7053060000,세동,KOSDAQ,중견기업부,1279,2,-115,-8.25,1392,1392,1269,319349,414574210,22583838901,17657419,KSQ
197140,KR7197140007,디지캡,KOSDAQ,벤처기업부,1730,2,-45,-2.54,1774,1774,1717,8574,14882362,22512756420,13013154,KSQ
208640,KR7208640003,썸에이지,KOSDAQ,중견기업부,161,2,-9,-5.29,170,170,160,1328985,217609917,22417680894,139240254,KSQ
335870,KR7335870002,윙스풋,KOSDAQ,중견기업부,1336,2,-74,-5.25,1411,1411,1270,21486,28590587,22378631928,16750473,KSQ
298060,KR7298060005,풍전약품,KOSDAQ,관리종목(소속부없음),2530,2,-175,-6.47,2685,2715,2500,28010,71738715,22366806550,8840635,KSQ
103230,KR7103230009,에스앤더블류,KOSDAQ,중견기업부,3095,2,-235,-7.06,3330,3330,3095,49342,155579795,22284000000,7200000,KSQ
090150,KR7090150004,아이윈,KOSDAQ,중견기업부,530,2,-59,-10.02,588,588,516,265212,144628514,22193905290,41875293,KSQ
455180,KR7455180000,케이지에이,KOSDAQ,벤처기업부,1590,2,-37,-2.27,1690,1690,1513,71483,114637691,22193722440,13958316,KSQ
224060,KR7224060004,더코디,KOSDAQ,투자주의환기종목(소속부없음),4295,2,-350,-7.53,4645,4650,4085,16937,71603790,22165300990,5160722,KSQ
058450,KR7058450008,한주에이알티,KOSDAQ,투자주의환기종목(소속부없음),4400,2,-600,-12.0,5010,5380,4200,26644,123856345,22058836800,5013372,KSQ
115610,KR7115610008,이미지스,KOSDAQ,벤처기업부,1866,2,-105,-5.33,1892,1997,1826,66441,127115835,22053822954,11818769,KSQ
348030,KR7348030008,모비릭스,KOSDAQ,중견기업부,2295,2,-120,-4.97,2415,2415,2270,33417,77636028,22040721000,9603800,KSQ
322780,KR7322780008,코퍼스코리아,KOSDAQ,중견기업부,2455,3,0,0.0,2465,2545,2295,133906,323923390,22033207650,8974830,KSQ
123840,KR7123840001,뉴온,KOSDAQ,투자주의환기종목(소속부없음),3460,2,-475,-12.07,3935,3940,3460,6689,24484805,22024387800,6365430,KSQ
035620,KR7035620004,바른손이앤에이,KOSDAQ,중견기업부,1183,2,-95,-7.43,1278,1279,1161,126662,150735946,22015532994,18609918,KSQ
016920,KR7016920001,카스,KOSDAQ,중견기업부,830,2,-63,-7.05,892,892,830,130504,111081562,21989636540,26493538,KSQ
070590,KR7070590005,인티큐브,KOSDAQ,중견기업부,1582,2,-98,-5.83,1680,1680,1526,31808,49658906,21957402222,13879521,KSQ
238200,KR7238200000,비피도,KOSDAQ,벤처기업부,2680,2,-60,-2.19,2660,2755,2565,38920,103983685,21922400000,8180000,KSQ
067010,KR7067010009,이씨에스,KOSDAQ,벤처기업부,2010,2,-90,-4.29,2100,2100,1992,63984,129324182,21885885000,10888500,KSQ
123750,KR7123750002,알톤,KOSDAQ,중견기업부,1581,2,-137,-7.97,1718,1718,1507,74626,118505380,21848248479,13819259,KSQ
016100,KR7016100000,리더스코스메틱,KOSDAQ,중견기업부,1143,2,-161,-12.35,1293,1318,1123,142776,165910898,21832321842,19100894,KSQ
080720,KR7080720006,한국유니온제약,KOSDAQ,관리종목(소속부없음),2725,0,0,0.0,0,0,0,0,0,21562456300,7912828,KSQ
236810,KR7236810008,엔비티,KOSDAQ,기술성장기업부,1262,2,-101,-7.41,1363,1364,1228,112999,146945878,21422987612,16975426,KSQ
148780,KR7148780000,비큐AI,KOSDAQ,기술성장기업부,681,2,-28,-3.95,709,718,639,315549,210415588,21414538725,31445725,KSQ
377030,KR7377030002,비트맥스,KOSDAQ,관리종목(소속부없음),1999,2,-451,-18.41,2450,2455,1997,131438,275658391,21378025640,10694360,KSQ
018700,KR7018700005,졸스,KOSDAQ,투자주의환기종목(소속부없음),1811,2,-89,-4.68,1920,1958,1778,51323,96176508,21200627246,11706586,KSQ
054220,KR7054220009,비츠로시스,KOSDAQ,벤처기업부,1683,2,-133,-7.32,1816,1869,1661,159080,277165046,21190006728,12590616,KSQ
115570,KR7115570004,스타플렉스,KOSDAQ,중견기업부,2640,2,-130,-4.69,2770,2770,2605,20421,54255685,21079101120,7984508,KSQ
032680,KR7032680001,소프트센,KOSDAQ,중견기업부,1010,2,-100,-9.01,1110,1110,1000,131793,135285406,21064439810,20855881,KSQ
405000,KR7405000001,플라즈맵,KOSDAQ,벤처기업부,5470,1,240,4.59,5230,5650,4985,22058,117033200,20996288680,3838444,KSQ
085810,KR7085810000,알티캐스트,KOSDAQ,중견기업부,1597,2,-48,-2.92,1630,1638,1576,19571,31239504,20935401982,13109206,KSQ
017250,KR7017250002,인터엠,KOSDAQ,중견기업부,992,2,-16,-1.59,1008,1008,968,180466,177272437,20877103264,21045467,KSQ
377220,KR7377220009,프롬바이오,KOSDAQ,기술성장기업부,737,2,-76,-9.35,806,806,726,152643,114826800,20864470000,28310000,KSQ
415380,KR7415380005,스튜디오삼익,KOSDAQ,중견기업부,1822,2,-70,-3.7,1890,1892,1821,30985,57223869,20849100450,11442975,KSQ
279600,KR7279600001,미디어젠,KOSDAQ,벤처기업부,4450,2,-90,-1.98,4530,4530,4265,8116,35948260,20847275450,4684781,KSQ
083640,KR7083640003,인콘,KOSDAQ,벤처기업부,1338,2,-17,-1.25,1344,1355,1291,150955,197576555,20797965660,15544070,KSQ
372800,KR7372800003,아이티아이즈,KOSDAQ,벤처기업부,2945,2,-165,-5.31,3085,3085,2920,19940,59587190,20724521605,7037189,KSQ
353190,KR7353190002,휴럼,KOSDAQ,중견기업부,2630,1,30,1.15,2600,2630,2370,86134,217490135,20713048920,7875684,KSQ
154030,KR7154030001,아시아종묘,KOSDAQ,벤처기업부,1714,2,-86,-4.78,1785,1793,1705,34725,59601936,20674040038,12061867,KSQ
109670,KR7109670000,씨싸이트,KOSDAQ,중견기업부,3540,2,-220,-5.85,3760,3960,3430,28872,101235235,20661571080,5836602,KSQ
362990,KR7362990004,드림인사이트,KOSDAQ,벤처기업부,1229,2,-149,-10.81,1378,1379,1174,124032,153809509,20647905446,16800574,KSQ
365900,KR7365900000,브이씨,KOSDAQ,벤처기업부,2820,2,-25,-0.88,2850,2850,2675,15097,41732170,20615046000,7310300,KSQ
196700,KR7196700009,웹스,KOSDAQ,벤처기업부,1429,1,16,1.13,1421,1439,1326,136265,187945697,20526361776,14364144,KSQ
900100,USU652221081,파이온엑스,KOSDAQ,외국기업(소속부없음),389,0,0,0.0,0,0,0,0,0,20523835278,52760502,KSQ
034940,KR7034940007,조아제약,KOSDAQ,중견기업부,660,2,-69,-9.47,802,802,640,401455,283994997,20446685820,30979827,KSQ
084440,KR7084440007,유비온,KOSDAQ,기술성장기업부,1067,2,-51,-4.56,1118,1118,1014,111542,119192604,20414293207,19132421,KSQ
065060,KR7065060006,지엔코,KOSDAQ,중견기업부,3405,1,470,16.01,2935,3700,2935,801278,2768631547,20397264330,5990386,KSQ
222980,KR7222980005,한국맥널티,KOSDAQ,벤처기업부,1845,2,-155,-7.75,2000,2020,1805,30032,56524386,20353086135,11031483,KSQ
457600,KR7457600005,벡트,KOSDAQ,벤처기업부,1476,2,-122,-7.63,1598,1598,1401,35316,53303224,20232270000,13707500,KSQ
227610,KR7227610003,아우딘퓨쳐스,KOSDAQ,벤처기업부,1063,3,0,0.0,1069,1160,1011,202410,216958688,20222111249,19023623,KSQ
060900,KR7060900008,에이전트AI,KOSDAQ,중견기업부,5060,2,-290,-5.42,5340,5340,5040,23765,120959850,20194829380,3991073,KSQ
049120,KR7049120009,파인디앤씨,KOSDAQ,벤처기업부,1902,2,-113,-5.61,2040,2040,1875,34716,66953091,20164363026,10601663,KSQ
328380,KR7328380001,솔트웨어,KOSDAQ,벤처기업부,2920,2,-180,-5.81,3095,3140,2800,24367,72134685,20009460600,6852555,KSQ
032280,KR7032280000,삼일,KOSDAQ,중견기업부,1233,2,-63,-4.86,1285,1286,1229,52979,66228644,19991356470,16213590,KSQ
079650,KR7079650008,서산,KOSDAQ,중견기업부,998,2,-47,-4.5,1040,1071,990,38811,39333047,19960000000,20000000,KSQ
225590,KR7225590009,패션플랫폼,KOSDAQ,우량기업부,3895,2,-195,-4.77,4090,4135,3610,89875,339439639,19947759520,5121376,KSQ
083470,KR7083470005,이엠앤아이,KOSDAQ,벤처기업부,930,2,-80,-7.92,983,997,910,282434,264900592,19846505970,21340329,KSQ
020400,KR7020400008,대동금속,KOSDAQ,중견기업부,3110,2,-160,-4.89,3270,3390,3105,78430,247630645,19836612520,6378332,KSQ
188040,KR7188040000,바이오포트,KOSDAQ,벤처기업부,4235,2,-15,-0.35,4250,4360,4100,50353,210399350,19816869380,4679308,KSQ
101400,KR7101400000,엔시트론,KOSDAQ,중견기업부,1677,2,-90,-5.09,1767,1767,1661,85897,145429815,19690978476,11741788,KSQ
023790,KR7023790009,동일스틸럭스,KOSDAQ,중견기업부,1501,2,-46,-2.97,1530,1579,1405,238486,350204187,19617781808,13069808,KSQ
247660,KR7247660004,나노씨엠에스,KOSDAQ,기술성장기업부,4510,2,-195,-4.14,4725,4725,4300,19671,89492185,19591079200,4343920,KSQ
130740,KR7130740004,티피씨글로벌,KOSDAQ,중견기업부,1730,1,22,1.29,1708,1754,1651,86844,147862578,19508654670,11276679,KSQ
303030,KR7303030001,지니틱스,KOSDAQ,벤처기업부,2125,2,-200,-8.6,2325,2325,1997,53020,110776917,19459636500,9157476,KSQ
215480,KR7215480005,토박스코리아,KOSDAQ,중견기업부,2160,2,-65,-2.92,2225,2345,2140,32822,72260841,19332000000,8950000,KSQ
193250,KR7193250008,링크드,KOSDAQ,중견기업부,1440,2,-74,-4.89,1514,1530,1435,64318,94346205,19251263520,13368933,KSQ
101680,KR7101680007,한국정밀기계,KOSDAQ,중견기업부,2290,2,-160,-6.53,2440,2475,2260,80139,184715737,19245160000,8404000,KSQ
214610,KR7214610008,롤링스톤,KOSDAQ,관리종목(소속부없음),2290,0,0,0.0,0,0,0,0,0,19197807380,8383322,KSQ
050760,KR7050760008,에스폴리텍,KOSDAQ,중견기업부,1174,2,-74,-5.93,1295,1295,1160,152479,179290455,19176911972,16334678,KSQ
417180,KR7417180007,핑거스토리,KOSDAQ,중견기업부,5460,1,40,0.74,5420,5560,5150,20829,110861220,19163093040,3509724,KSQ
368600,KR7368600003,아이씨에이치,KOSDAQ,기술성장기업부,747,1,3,0.4,744,800,720,171009,126780590,19077144462,25538346,KSQ
289010,KR7289010001,아이스크림에듀,KOSDAQ,중견기업부,1346,2,-94,-6.53,1440,1441,1302,69902,96130084,18770314576,13945256,KSQ
031860,KR7031860000,디에이치엑스컴퍼니,KOSDAQ,관리종목(소속부없음),693,0,0,0.0,0,0,0,0,0,18714758139,27005423,KSQ
054410,KR7054410006,케이피티유,KOSDAQ,중견기업부,3255,2,-130,-3.84,3385,3385,3255,17070,56129060,18639575220,5726444,KSQ
389680,KR7389680000,유디엠텍,KOSDAQ,기술성장기업부,2240,2,-210,-8.57,2450,2495,2210,159881,366045805,18633424320,8318493,KSQ
226340,KR7226340008,본느,KOSDAQ,중견기업부,2220,2,-340,-13.28,2520,2585,2220,168161,400255986,18626874480,8390484,KSQ
113810,KR7113810006,디젠스,KOSDAQ,중견기업부,569,2,-31,-5.17,600,603,551,241307,136071106,18565361019,32628051,KSQ
042040,KR7042040006,케이피엠테크,KOSDAQ,중견기업부,749,0,0,0.0,0,0,0,0,0,18507312138,24709362,KSQ
312610,KR7312610009,에이에프더블류,KOSDAQ,투자주의환기종목(소속부없음),912,2,-82,-8.25,1000,1000,901,22621,21126178,18474281856,20256888,KSQ
032980,KR7032980005,바이온,KOSDAQ,관리종목(소속부없음),604,0,0,0.0,0,0,0,0,0,18354952980,30388995,KSQ
051780,KR7051780005,큐로홀딩스,KOSDAQ,중견기업부,3355,1,195,6.17,3155,3450,3020,192244,641966380,18333518280,5464536,KSQ
275630,KR7275630002,에스에스알,KOSDAQ,벤처기업부,3480,2,-200,-5.43,3650,3680,3420,18068,63836844,18283251840,5253808,KSQ
110020,KR7110020005,전진바이오팜,KOSDAQ,기술성장기업부,2015,1,26,1.31,1989,2180,1988,24882,50365272,18253405430,9058762,KSQ
076080,KR7076080001,웰크론한텍,KOSDAQ,중견기업부,801,2,-115,-12.55,908,928,800,156412,130688520,18097918956,22594156,KSQ
060230,KR7060230000,제이케이시냅스,KOSDAQ,중견기업부,322,2,-27,-7.74,349,351,317,511427,168288615,17987530190,55861895,KSQ
098660,KR7098660004,에스티오,KOSDAQ,중견기업부,1414,2,-106,-6.97,1500,1516,1386,10312,14879861,17676380064,12500976,KSQ
900270,HK0000214814,헝셩그룹,KOSDAQ,외국기업(소속부없음),723,2,-97,-11.83,799,803,721,191927,145290868,17644600992,24404704,KSQ
240600,KR7240600007,유진테크놀로지,KOSDAQ,벤처기업부,2525,2,-175,-6.48,2700,2735,2465,66219,171531490,17493581275,6928151,KSQ
014100,KR7014100002,메디앙스,KOSDAQ,중견기업부,1476,1,5,0.34,1471,1504,1455,43881,64675971,17416800000,11800000,KSQ
115530,KR7115530008,씨엔플러스,KOSDAQ,중견기업부,2205,1,80,3.76,2120,2435,2060,178052,391399845,17385060105,7884381,KSQ
065690,KR7065690000,파커스,KOSDAQ,투자주의환기종목(소속부없음),1233,2,-76,-5.81,1298,1309,1232,28619,36184983,17322825123,14049331,KSQ
065770,KR7065770000,CS,KOSDAQ,벤처기업부,1780,2,-230,-11.44,2150,2440,1745,775247,1549061544,17275905700,9705565,KSQ
134060,KR7134060003,이퓨쳐,KOSDAQ,벤처기업부,3615,2,-180,-4.74,3755,3755,3530,14114,51130625,17240838750,4769250,KSQ
060480,KR7060480001,국일신동,KOSDAQ,중견기업부,1550,2,-99,-6.0,1635,1635,1530,70454,109644975,17189500000,11090000,KSQ
048830,KR7048830004,엔피케이,KOSDAQ,중견기업부,918,2,-43,-4.47,961,961,848,193569,175678569,17188561314,18723923,KSQ
191410,KR7191410000,육일씨엔에쓰,KOSDAQ,중견기업부,1528,2,-141,-8.45,1673,1673,1509,156725,243451928,17120101640,11204255,KSQ
482680,KR7482680006,미래에셋비전스팩7호,KOSDAQ,SPAC(소속부없음),2055,0,0,0.0,0,0,0,0,0,16881825000,8215000,KSQ
241820,KR7241820000,피씨엘,KOSDAQ,관리종목(소속부없음),6040,0,0,0.0,0,0,0,0,0,16803871920,2782098,KSQ
477380,KR7477380000,미래에셋비전스팩4호,KOSDAQ,SPAC(소속부없음),2050,2,-5,-0.24,2050,2055,2045,7924,16211235,16605000000,8100000,KSQ
032800,KR7032800005,판타지오,KOSDAQ,중견기업부,1805,2,-113,-5.89,1916,1916,1759,70891,127439654,16590496855,9191411,KSQ
069330,KR7069330009,유아이디,KOSDAQ,벤처기업부,966,2,-74,-7.12,1040,1040,937,100579,99201936,16376186484,16952574,KSQ
009730,KR7009730003,이렘,KOSDAQ,투자주의환기종목(소속부없음),227,2,-13,-5.42,240,242,226,367955,85229849,16293952402,71779526,KSQ
028080,KR7028080000,휴맥스홀딩스,KOSDAQ,중견기업부,7060,2,-640,-8.31,7700,8000,7020,16564,121206175,16152863460,2287941,KSQ
067770,KR7067770008,세진티에스,KOSDAQ,중견기업부,1915,2,-51,-2.59,1966,1966,1906,15344,29463863,16079475595,8396593,KSQ
106520,KR7106520000,노블엠앤비,KOSDAQ,투자주의환기종목(소속부없음),411,0,0,0.0,0,0,0,0,0,15904036272,38695952,KSQ
344860,KR7344860002,이노진,KOSDAQ,기술성장기업부,1317,2,-93,-6.6,1410,1410,1300,91931,122580007,15843510000,12030000,KSQ
199730,KR7199730003,바이오인프라,KOSDAQ,벤처기업부,3255,2,-205,-5.92,3460,3680,3140,16655,54154160,15833514585,4864367,KSQ
192390,KR7192390003,윈하이텍,KOSDAQ,벤처기업부,1429,2,-88,-5.8,1517,1598,1394,41681,61375335,15765055241,11032229,KSQ
361670,KR7361670003,삼영에스앤씨,KOSDAQ,기술성장기업부,2775,2,-225,-7.5,2980,3000,2685,8036,22345390,15727750950,5667658,KSQ
0072Z0,KR70072Z0006,KB제33호스팩,KOSDAQ,SPAC(소속부없음),1993,2,-6,-0.3,1997,1997,1990,1781,3548257,15714805000,7885000,KSQ
045520,KR7045520004,크린앤사이언스,KOSDAQ,중견기업부,2405,2,-190,-7.32,2595,2600,2360,16105,39336200,15632500000,6500000,KSQ
096870,KR7096870001,엘디티,KOSDAQ,벤처기업부,1855,2,-165,-8.17,2000,2000,1804,62321,115598547,15485538145,8347999,KSQ
018620,KR7018620005,우진비앤지,KOSDAQ,벤처기업부,2680,2,-90,-3.25,2780,2920,2610,73735,204216036,15484659440,5777858,KSQ
137940,KR7137940003,넥스트아이,KOSDAQ,중견기업부,1812,2,-31,-1.68,1843,1852,1755,34202,62250050,15468860988,8536899,KSQ
0101C0,KR70101C0008,하나36호스팩,KOSDAQ,SPAC(소속부없음),1995,2,-5,-0.25,2000,2000,1995,4214,8408490,15441300000,7740000,KSQ
065420,KR7065420002,에스아이리소스,KOSDAQ,중견기업부,215,1,34,18.78,182,227,176,17931825,3778164448,15389119285,71577299,KSQ
0130H0,KR70130H0008,엔에이치스팩33호,KOSDAQ,SPAC(소속부없음),1995,2,-4,-0.2,1995,1999,1995,17718,35356695,15361500000,7700000,KSQ
469880,KR7469880009,하나30호스팩,KOSDAQ,SPAC(소속부없음),2100,3,0,0.0,2100,2102,2100,22297,46823716,15340500000,7305000,KSQ
308100,KR7308100007,형지글로벌,KOSDAQ,중견기업부,636,2,-45,-6.61,682,684,631,351665,226115930,15278633088,24023008,KSQ
092600,KR7092600006,앤씨앤,KOSDAQ,벤처기업부,3045,2,-280,-8.42,3400,3400,3015,88755,279699855,15275860635,5016703,KSQ
477340,KR7477340004,에이치엠씨제7호스팩,KOSDAQ,SPAC(소속부없음),2030,3,0,0.0,2030,2035,2030,878,1782345,15245300000,7510000,KSQ
030350,KR7030350003,드래곤플라이,KOSDAQ,관리종목(소속부없음),973,0,0,0.0,0,0,0,0,0,15171092867,15592079,KSQ
177350,KR7177350006,베셀,KOSDAQ,투자주의환기종목(소속부없음),771,2,-71,-8.43,842,842,770,260763,206219775,15153054357,19653767,KSQ
0044K0,KR70044K0008,삼성스팩10호,KOSDAQ,SPAC(소속부없음),2015,1,15,0.75,2000,2015,2000,4368,8757595,15152800000,7520000,KSQ
083660,KR7083660001,CSA 코스믹,KOSDAQ,중견기업부,241,2,-22,-8.37,263,265,230,542000,130264869,15141899619,62829459,KSQ
227100,KR7227100005,프로브잇,KOSDAQ,관리종목(소속부없음),612,0,0,0.0,0,0,0,0,0,14770119384,24134182,KSQ
0115H0,KR70115H0007,삼성스팩13호,KOSDAQ,SPAC(소속부없음),1998,2,-2,-0.1,2000,2000,1990,47236,94172824,14685300000,7350000,KSQ
900120,KYG2114A1094,씨엑스아이,KOSDAQ,외국기업(소속부없음),391,0,0,0.0,0,0,0,0,0,14603186473,37348303,KSQ
473050,KR7473050003,유안타제15호스팩,KOSDAQ,SPAC(소속부없음),2075,3,0,0.0,2070,2080,2070,7312,15167655,14545750000,7010000,KSQ
250930,KR7250930005,예선테크,KOSDAQ,벤처기업부,440,2,-14,-3.08,454,454,402,148187,62810711,14520193600,33000440,KSQ
478440,KR7478440001,미래에셋비전스팩6호,KOSDAQ,SPAC(소속부없음),2050,2,-5,-0.24,2055,2055,2040,7934,16262735,14206500000,6930000,KSQ
002680,KR7002680007,한탑,KOSDAQ,중견기업부,437,2,-25,-5.41,462,493,433,174275,78319106,14122441163,32316799,KSQ
479880,KR7479880007,한국제15호스팩,KOSDAQ,SPAC(소속부없음),2045,2,-10,-0.49,2050,2050,2045,5544,11339075,14049150000,6870000,KSQ
0099W0,KR70099W0008,미래에셋비전스팩11호,KOSDAQ,SPAC(소속부없음),1999,2,-6,-0.3,1989,2000,1989,1984,3962939,13993000000,7000000,KSQ
079190,KR7079190005,케스피온,KOSDAQ,벤처기업부,728,2,-70,-8.77,798,801,721,246273,185043321,13961407096,19177757,KSQ
043590,KR7043590009,웰킵스하이텍,KOSDAQ,중견기업부,1013,2,-121,-10.67,1146,1157,986,131696,136183676,13744769953,13568381,KSQ
188260,KR7188260004,세니젠,KOSDAQ,관리종목(소속부없음),1901,2,-86,-4.33,1987,2035,1900,22085,42897845,13741321470,7228470,KSQ
060260,KR7060260007,뉴보텍,KOSDAQ,벤처기업부,1028,2,-125,-10.84,1152,1152,1016,163079,173521431,13715941968,13342356,KSQ
352770,KR7352770002,셀레스트라,KOSDAQ,관리종목(소속부없음),5250,0,0,0.0,0,0,0,0,0,13610136750,2592407,KSQ
244460,KR7244460002,올리패스,KOSDAQ,관리종목(소속부없음),1651,0,0,0.0,0,0,0,0,0,13415218661,8125511,KSQ
419540,KR7419540000,비스토스,KOSDAQ,벤처기업부,2905,2,-150,-4.91,3030,3035,2885,36114,106763271,13358648310,4598502,KSQ
489480,KR7489480004,키움제11호스팩,KOSDAQ,SPAC(소속부없음),2020,3,0,0.0,2020,2020,2015,14997,30274195,13332000000,6600000,KSQ
481890,KR7481890002,엔에이치스팩31호,KOSDAQ,SPAC(소속부없음),2085,2,-25,-1.18,2110,2110,2075,11199,23297955,13229325000,6345000,KSQ
0096B0,KR70096B0006,삼성스팩12호,KOSDAQ,SPAC(소속부없음),2005,1,5,0.25,2000,2005,1995,29022,58028449,13192900000,6580000,KSQ
154040,KR7154040000,다산솔루에타,KOSDAQ,중견기업부,731,2,-104,-12.46,835,841,697,167256,125817936,13121518714,17950094,KSQ
025870,KR7025870007,신라에스지,KOSDAQ,중견기업부,3255,2,-100,-2.98,3355,3575,3205,9217,30358810,13020000000,4000000,KSQ
0097F0,KR70097F0001,미래에셋비전스팩10호,KOSDAQ,SPAC(소속부없음),1992,2,-8,-0.4,1989,2000,1989,1445,2879371,12948000000,6500000,KSQ
088290,KR7088290002,이원컴포텍,KOSDAQ,관리종목(소속부없음),1622,2,-91,-5.31,1702,1800,1554,40469,67152378,12937188784,7976072,KSQ
0093G0,KR70093G0004,미래에셋비전스팩8호,KOSDAQ,SPAC(소속부없음),1995,2,-5,-0.25,1992,1998,1990,2991,5965220,12768000000,6400000,KSQ
489730,KR7489730002,디비금융제13호스팩,KOSDAQ,SPAC(소속부없음),2015,2,-10,-0.49,2025,2025,2010,9039,18223915,12758980000,6332000,KSQ
471050,KR7471050005,대신밸런스제17호스팩,KOSDAQ,SPAC(소속부없음),2100,2,-10,-0.47,2105,2105,2085,6901,14484380,12726000000,6060000,KSQ
478390,KR7478390008,KB제29호스팩,KOSDAQ,SPAC(소속부없음),2040,2,-25,-1.21,2060,2060,2030,59364,121093105,12688800000,6220000,KSQ
054180,KR7054180005,메디콕스,KOSDAQ,관리종목(소속부없음),2295,0,0,0.0,0,0,0,0,0,12686716395,5527981,KSQ
084180,KR7084180009,수성웹툰,KOSDAQ,중견기업부,700,1,36,5.42,666,720,651,276825,188501222,12651998100,18074283,KSQ
0099X0,KR70099X0007,IBKS제25호스팩,KOSDAQ,SPAC(소속부없음),2115,2,-30,-1.4,2145,2145,2115,4471,9478245,12647700000,5980000,KSQ
0037T0,KR70037T0008,KB제32호스팩,KOSDAQ,SPAC(소속부없음),1996,2,-14,-0.7,2005,2005,1996,4425,8845841,12634680000,6330000,KSQ
0054V0,KR70054V0002,엔에이치스팩32호,KOSDAQ,SPAC(소속부없음),2030,1,5,0.25,2025,2040,2025,5321,10777530,12619495000,6216500,KSQ
492220,KR7492220009,KB제31호스팩,KOSDAQ,SPAC(소속부없음),2025,2,-15,-0.74,2040,2040,2015,2638,5328365,12575250000,6210000,KSQ
291810,KR7291810000,핀텔,KOSDAQ,기술성장기업부,1105,2,-162,-12.79,1264,1264,1100,118849,136246707,12562426760,11368712,KSQ
0131D0,KR70131D0001,키움히어로제2호스팩,KOSDAQ,SPAC(소속부없음),1979,2,-2,-0.1,1974,1982,1974,181743,359211910,12487490000,6310000,KSQ
0091W0,KR70091W0006,신영스팩11호,KOSDAQ,SPAC(소속부없음),2055,2,-5,-0.24,2035,2055,2030,1348,2738395,12469740000,6068000,KSQ
0088D0,KR70088D0004,메리츠제1호스팩,KOSDAQ,SPAC(소속부없음),2145,2,-15,-0.69,2160,2170,2135,7096,15292890,12430275000,5795000,KSQ
482520,KR7482520004,교보16호스팩,KOSDAQ,SPAC(소속부없음),2035,2,-5,-0.25,2040,2040,2035,43797,89127295,12413500000,6100000,KSQ
065570,KR7065570004,삼영이엔씨,KOSDAQ,관리종목(소속부없음),764,0,0,0.0,0,0,0,0,0,12295692232,16093838,KSQ
368970,KR7368970000,오에스피,KOSDAQ,벤처기업부,2665,2,-305,-10.27,2970,3000,2550,22469,63226784,12173274945,4567833,KSQ
050090,KR7050090000,비케이홀딩스,KOSDAQ,투자주의환기종목(소속부없음),612,2,-50,-7.55,662,666,611,50102,31160892,12108257820,19784735,KSQ
0041L0,KR70041L0000,하나35호스팩,KOSDAQ,SPAC(소속부없음),1998,2,-7,-0.35,2005,2005,1997,2194,4382119,12047940000,6030000,KSQ
012340,KR7012340006,뉴인텍,KOSDAQ,투자주의환기종목(소속부없음),1060,2,-136,-11.37,1195,1195,1000,113351,124040083,11978330720,11300312,KSQ
482690,KR7482690005,대신밸런스제19호스팩,KOSDAQ,SPAC(소속부없음),2130,2,-40,-1.84,2155,2170,2125,42130,89822415,11959950000,5615000,KSQ
477760,KR7477760003,DB금융스팩12호,KOSDAQ,SPAC(소속부없음),2045,2,-5,-0.24,2050,2050,2040,15737,32177395,11942800000,5840000,KSQ
069920,KR7069920007,엑시온그룹,KOSDAQ,투자주의환기종목(소속부없음),1281,2,-29,-2.21,1310,1329,1241,30427,38978551,11908843401,9296521,KSQ
0132G0,KR70132G0007,교보20호스팩,KOSDAQ,SPAC(소속부없음),1993,2,-5,-0.25,1998,1998,1990,3486,6950948,11898210000,5970000,KSQ
469900,KR7469900005,하나31호스팩,KOSDAQ,SPAC(소속부없음),2065,3,0,0.0,2065,2070,2060,31571,65202440,11574325000,5605000,KSQ
0071M0,KR70071M0002,삼성스팩11호,KOSDAQ,SPAC(소속부없음),2000,2,-15,-0.74,2015,2015,2000,3854,7716105,11520000000,5760000,KSQ
060240,KR7060240009,스타코링크,KOSDAQ,관리종목(소속부없음),1976,0,0,0.0,0,0,0,0,0,11502414560,5821060,KSQ
035290,KR7035290006,골드앤에스,KOSDAQ,중견기업부,2400,2,-605,-20.13,2965,2965,2350,80244,202207217,11442355200,4767648,KSQ
487360,KR7487360000,신한제14호스팩,KOSDAQ,SPAC(소속부없음),2022,2,-8,-0.39,2025,2025,2005,6044,12230187,11404080000,5640000,KSQ
474660,KR7474660008,신한제12호스팩,KOSDAQ,SPAC(소속부없음),2055,3,0,0.0,2045,2055,2045,1420,2906380,11343600000,5520000,KSQ
474490,KR7474490000,유안타제16호스팩,KOSDAQ,SPAC(소속부없음),2050,3,0,0.0,2050,2055,2045,5553,11382205,11295500000,5510000,KSQ
0105P0,KR70105P0009,유진스팩12호,KOSDAQ,SPAC(소속부없음),1995,2,-3,-0.15,1993,1995,1973,5621,11135565,11291700000,5660000,KSQ
496070,KR7496070004,신한제16호스팩,KOSDAQ,SPAC(소속부없음),2005,1,5,0.25,2005,2005,2005,2004,4018020,11268100000,5620000,KSQ
477470,KR7477470009,미래에셋비전스팩5호,KOSDAQ,SPAC(소속부없음),2055,2,-10,-0.48,2070,2070,2050,872,1793655,11261400000,5480000,KSQ
0129K0,KR70129K0006,신한제18호스팩,KOSDAQ,SPAC(소속부없음),1989,2,-3,-0.15,1992,1992,1986,18571,36933530,11178180000,5620000,KSQ
225430,KR7225430008,케이엠제약,KOSDAQ,벤처기업부,1984,2,-121,-5.75,2105,2230,1900,120680,243368449,11065581440,5577410,KSQ
0096D0,KR70096D0004,미래에셋비전스팩9호,KOSDAQ,SPAC(소속부없음),1993,2,-5,-0.25,1998,1998,1993,5443,10849845,10961500000,5500000,KSQ
0098T0,KR70098T0004,교보19호스팩,KOSDAQ,SPAC(소속부없음),2020,2,-20,-0.98,2040,2040,2020,289,585060,10908000000,5400000,KSQ
079950,KR7079950002,인베니아,KOSDAQ,관리종목(소속부없음),790,2,-107,-11.93,897,898,762,205406,165386776,10901289000,13799100,KSQ
121850,KR7121850002,코이즈,KOSDAQ,투자주의환기종목(소속부없음),2155,2,-145,-6.3,2300,2325,1998,78013,166569396,10897832845,5056999,KSQ
489210,KR7489210005,교보17호스팩,KOSDAQ,SPAC(소속부없음),2090,2,-25,-1.18,2050,2110,2050,852,1784390,10826200000,5180000,KSQ
486630,KR7486630007,KB제30호스팩,KOSDAQ,SPAC(소속부없음),2030,2,-25,-1.22,2055,2055,2025,33689,68297242,10779300000,5310000,KSQ
493790,KR7493790000,유안타제17호스팩,KOSDAQ,SPAC(소속부없음),2020,2,-5,-0.25,2005,2020,2005,454,911785,10726200000,5310000,KSQ
0004Y0,KR70004Y0000,디비금융제14호스팩,KOSDAQ,SPAC(소속부없음),2000,2,-5,-0.25,2000,2005,2000,2777,5555410,10630000000,5315000,KSQ
0130D0,KR70130D0002,신한제17호스팩,KOSDAQ,SPAC(소속부없음),1990,3,0,0.0,1990,1990,1985,11213,22291119,10626600000,5340000,KSQ
008290,KR7008290009,원풍물산,KOSDAQ,투자주의환기종목(소속부없음),522,2,-68,-11.53,586,586,495,196687,102442205,10621049958,20346839,KSQ
043100,KR7043100007,알파AI,KOSDAQ,관리종목(소속부없음),520,0,0,0.0,0,0,0,0,0,10457241600,20110080,KSQ
073190,KR7073190001,듀오백,KOSDAQ,투자주의환기종목(소속부없음),873,2,-126,-12.61,953,954,852,74303,66469061,10448098920,11968040,KSQ
469480,KR7469480008,IBKS제24호스팩,KOSDAQ,SPAC(소속부없음),2455,2,-10,-0.41,2465,2480,2405,20627,50358975,10384650000,4230000,KSQ
478110,KR7478110000,이베스트스팩6호,KOSDAQ,SPAC(소속부없음),2040,2,-10,-0.49,2035,2045,2035,3306,6737720,10240800000,5020000,KSQ
472220,KR7472220003,신영스팩10호,KOSDAQ,SPAC(소속부없음),2175,2,-20,-0.91,2190,2190,2145,4573,9922305,10200750000,4690000,KSQ
0041B0,KR70041B0002,교보18호스팩,KOSDAQ,SPAC(소속부없음),2020,2,-5,-0.25,2020,2025,2015,3168,6390070,10180800000,5040000,KSQ
466690,KR7466690005,키움히어로제1호스팩,KOSDAQ,SPAC(소속부없음),1997,2,-3,-0.15,2000,2000,1997,697,1392524,10174715000,5095000,KSQ
498390,KR7498390004,한화플러스제5호스팩,KOSDAQ,SPAC(소속부없음),2045,2,-5,-0.24,2060,2060,2045,8027,16478885,10143200000,4960000,KSQ
011080,KR7011080009,형지I&C,KOSDAQ,중견기업부,2300,2,-240,-9.45,2540,2540,2270,97665,230032017,9881402600,4296262,KSQ
488060,KR7488060005,유진스팩11호,KOSDAQ,SPAC(소속부없음),2040,2,-15,-0.73,2055,2055,2030,2030,4149190,9628800000,4720000,KSQ
106080,KR7106080005,케이이엠텍,KOSDAQ,관리종목(소속부없음),1650,0,0,0.0,0,0,0,0,0,9506998050,5761817,KSQ
009620,KR7009620006,삼보산업,KOSDAQ,투자주의환기종목(소속부없음),542,2,-76,-12.3,625,650,488,490490,278664956,9470392016,17473048,KSQ
309930,KR7309930006,조이웍스앤코,KOSDAQ,중견기업부,1866,2,-689,-26.97,2240,2365,1845,412548,832846624,9138565194,4897409,KSQ
464440,KR7464440007,한국제13호스팩,KOSDAQ,관리종목(소속부없음),2110,3,0,0.0,2110,2115,2110,53282,112427540,9115200000,4320000,KSQ
484130,KR7484130000,하나34호스팩,KOSDAQ,SPAC(소속부없음),2015,2,-10,-0.49,2025,2025,2015,2293,4629075,9107800000,4520000,KSQ
473950,KR7473950004,에스케이증권제13호스팩,KOSDAQ,SPAC(소속부없음),2035,2,-10,-0.49,2045,2045,2030,2597,5287040,8994700000,4420000,KSQ
465320,KR7465320000,교보15호스팩,KOSDAQ,SPAC(소속부없음),2335,0,0,0.0,0,0,0,0,0,8896350000,3810000,KSQ
467930,KR7467930004,IBKS제23호스팩,KOSDAQ,SPAC(소속부없음),2100,2,-5,-0.24,2105,2105,2100,25195,52914060,8883000000,4230000,KSQ
468760,KR7468760004,유진스팩10호,KOSDAQ,SPAC(소속부없음),2075,2,-5,-0.24,2070,2085,2070,2636,5470840,8798000000,4240000,KSQ
487830,KR7487830002,신한제15호스팩,KOSDAQ,SPAC(소속부없음),2015,2,-10,-0.49,2025,2025,2015,4689,9473880,8765250000,4350000,KSQ
0068Y0,KR70068Y0003,비엔케이제3호스팩,KOSDAQ,SPAC(소속부없음),2000,2,-5,-0.25,2000,2000,1996,4890,9764435,8620000000,4310000,KSQ
472230,KR7472230002,에스케이증권제11호스팩,KOSDAQ,SPAC(소속부없음),2070,3,0,0.0,2075,2100,2070,5984,12391755,8600850000,4155000,KSQ
487720,KR7487720005,키움제10호스팩,KOSDAQ,SPAC(소속부없음),2015,2,-10,-0.49,2020,2020,2015,1052,2120040,8523450000,4230000,KSQ
03481K,KR703481K019,해성산업1우,KOSDAQ,중견기업부,6030,2,-140,-2.27,6170,6170,5950,2086,12601640,8306041590,1377453,KSQ
0041J0,KR70041J0004,엘에스스팩1호,KOSDAQ,SPAC(소속부없음),2000,2,-20,-0.99,2010,2010,1997,2297,4588188,8220000000,4110000,KSQ
475250,KR7475250007,하나33호스팩,KOSDAQ,SPAC(소속부없음),2070,2,-10,-0.48,2075,2075,2070,2327,4818400,7659000000,3700000,KSQ
079970,KR7079970000,투비소프트,KOSDAQ,관리종목(소속부없음),596,0,0,0.0,0,0,0,0,0,7646223464,12829234,KSQ
474930,KR7474930005,신한제13호스팩,KOSDAQ,SPAC(소속부없음),2095,3,0,0.0,2100,2100,2095,1004,2103395,7583900000,3620000,KSQ
276040,KR7276040003,스코넥,KOSDAQ,관리종목(소속부없음),327,0,0,0.0,0,0,0,0,0,7073119545,21630335,KSQ
473000,KR7473000008,에스케이증권제12호스팩,KOSDAQ,SPAC(소속부없음),2055,3,0,0.0,2050,2055,2045,585,1197910,6802050000,3310000,KSQ
101390,KR7101390003,아이엠,KOSDAQ,관리종목(소속부없음),396,0,0,0.0,0,0,0,0,0,6698084184,16914354,KSQ
475240,KR7475240008,하나32호스팩,KOSDAQ,SPAC(소속부없음),2075,2,-5,-0.24,2065,2105,2055,7146,14829930,6640000000,3200000,KSQ
044180,KR7044180008,KD,KOSDAQ,관리종목(소속부없음),205,0,0,0.0,0,0,0,0,0,5477148795,26717799,KSQ
313760,KR7313760001,캐리,KOSDAQ,관리종목(소속부없음),468,0,0,0.0,0,0,0,0,0,5244963048,11207186,KSQ
043090,KR7043090000,더테크놀로지,KOSDAQ,투자주의환기종목(소속부없음),1140,0,0,0.0,0,0,0,0,0,4718944500,4139425,KSQ
052770,KR7052770005,아이톡시,KOSDAQ,관리종목(소속부없음),312,0,0,0.0,0,0,0,0,0,4545457488,14568774,KSQ
021045,KR7021041009,대호특수강우,KOSDAQ,중견기업부,2560,2,-75,-2.85,2590,2590,2540,874,2260570,2172139520,848492,KSQ
032685,KR7032681009,소프트센우,KOSDAQ,중견기업부,29550,0,0,0.0,0,0,0,0,0,2108747100,71362,KSQ
230980,KR7230980005,비유테크놀러지,KOSDAQ,관리종목(소속부없음),5,2,-2,-28.57,6,6,5,18069468,93720246,466602785,93320557,KSQ
