Code,ISU_CD,Name,Market,Dept,Close,ChangeCode,Changes,ChagesRatio,Open,High,Low,Volume,Amount,Marcap,Stocks,MarketId
005930,KR7005930003,삼성전자,KOSPI,,348500,1,31500,9.94,319500,349000,319500,27315379,9168699022000,2037428094888000,5846278608,STK
000660,KR7000660001,SK하이닉스,KOSPI,,2370000,1,37000,1.59,2299000,2398000,2296000,3302094,7745906816500,1689104605050000,712702365,STK
005935,KR7005931001,삼성전자우,KOSPI,,227500,1,25000,12.35,203500,235000,203000,9313091,2061177313152,182539448682500,802371203,STK
402340,KR7402340004,SK스퀘어,KOSPI,,1258000,1,25000,2.03,1249000,1289000,1210000,694688,865911576500,166003649588000,131958386,STK
005380,KR7005380001,현대차,KOSPI,,767000,1,44000,6.09,736000,778000,727000,1699820,1275589424000,157049206522000,204757766,STK
009150,KR7009150004,삼성전기,KOSPI,,2045000,2,-82000,-3.86,2021000,2086000,1989000,1175967,2392346803500,152748608320000,74693696,STK
373220,KR7373220003,LG에너지솔루션,KOSPI,,459000,1,1000,0.22,469500,476000,446000,488484,223724928000,107406000000000,234000000,STK
032830,KR7032830002,삼성생명,KOSPI,,416000,1,27500,7.08,387000,419500,383000,341400,136977893500,83200000000000,200000000,STK
028260,KR7028260008,삼성물산,KOSPI,,478000,1,45500,10.52,444000,493500,440000,673719,313079990250,77516103718000,162167581,STK
329180,KR7329180004,HD현대중공업,KOSPI,,701000,1,5000,0.72,700000,719000,685000,273966,193044316500,73577818725000,104961225,STK
012330,KR7012330007,현대모비스,KOSPI,,792000,1,24000,3.13,770000,822000,742000,1180911,911361809000,71860205736000,90732583,STK
034020,KR7034020008,두산에너빌리티,KOSPI,,110000,1,4400,4.17,109300,114200,107700,3421275,379130018500,70461726060000,640561146,STK
000270,KR7000270009,기아,KOSPI,,174100,1,4900,2.9,170500,174600,167600,1118072,191709977300,67970902951800,390412998,STK
207940,KR7207940008,삼성바이오로직스,KOSPI,,1384000,1,21000,1.54,1356000,1390000,1344000,31958,43677231500,64066676184000,46290951,STK
066570,KR7066570003,LG전자,KOSPI,,380500,4,87500,29.86,375000,380500,358500,4696575,1756257051500,61977604759000,162884638,STK
012450,KR7012450003,한화에어로스페이스,KOSPI,,1135000,2,-38000,-3.24,1173000,1243000,1116000,203469,240084840500,58524460135000,51563401,STK
105560,KR7105560007,KB금융,KOSPI,,153500,1,2900,1.93,149100,155500,149100,550060,84070757500,57232544842500,372850455,STK
006400,KR7006400006,삼성SDI,KOSPI,,657000,2,-31000,-4.51,679000,679000,650000,592252,390479326000,52944693210000,80585530,STK
034730,KR7034730002,SK,KOSPI,,677000,1,1000,0.15,661000,690000,655000,105897,71346498000,49084329931000,72502703,STK
055550,KR7055550008,신한지주,KOSPI,,94600,1,1000,1.07,93200,96200,92600,442888,41847660600,44902302550600,474654361,STK
068270,KR7068270008,셀트리온,KOSPI,,191300,2,-1600,-0.83,191400,194300,189100,434990,83417512400,42492003833300,222122341,STK
035420,KR7035420009,NAVER,KOSPI,,270250,1,36250,15.49,251000,272500,244500,5863448,1517657691250,42395137964000,156873776,STK
010120,KR7010120004,LS ELECTRIC,KOSPI,,274500,1,33000,13.66,240000,281500,238500,1796120,481014725750,41175000000000,150000000,STK
011070,KR7011070000,LG이노텍,KOSPI,,1719000,1,261000,17.9,1601000,1788000,1490000,1036432,1690198332000,40683756933000,23667107,STK
000150,KR7000150003,두산,KOSPI,,2431000,1,459000,23.28,2145000,2489000,2123000,153551,351133709000,39367212885000,16193835,STK
267260,KR7267260008,HD현대일렉트릭,KOSPI,,1088000,1,35000,3.32,1054000,1112000,1037000,111408,121190917500,39219282880000,36047135,STK
042660,KR7042660001,한화오션,KOSPI,,124700,1,1400,1.14,126300,130800,122600,1348700,171700258100,38209750231800,306413394,STK
298040,KR7298040007,효성중공업,KOSPI,,3863000,1,178000,4.83,3665000,3970000,3640000,46928,182576863500,36020728924000,9324548,STK
006800,KR7006800007,미래에셋증권,KOSPI,,61300,2,-100,-0.16,60200,64300,59400,2442899,152193923100,34301449744000,559566880,STK
005490,KR7005490008,POSCO홀딩스,KOSPI,,413500,2,-10000,-2.36,418000,426000,412000,349709,145871763250,32766371414500,79241527,STK
086790,KR7086790003,하나금융지주,KOSPI,,115800,1,700,0.61,114400,118100,113600,418580,48475414900,31771785218400,274367748,STK
018260,KR7018260000,삼성에스디에스,KOSPI,,382000,1,83000,27.76,323000,388500,314000,2080213,755201246750,29558319600000,77377800,STK
009540,KR7009540006,HD한국조선해양,KOSPI,,411000,2,-12000,-2.84,419000,427500,407000,120456,50134468500,29087750676000,70773116,STK
010130,KR7010130003,고려아연,KOSPI,,1392000,1,19000,1.38,1355000,1409000,1331000,14679,20269097000,29055172848000,20872969,STK
003550,KR7003550001,LG,KOSPI,,183300,1,36700,25.03,158900,185000,157700,3614331,633389003500,28268816530500,154221585,STK
042700,KR7042700005,한미반도체,KOSPI,,295000,1,13000,4.61,289500,299000,285500,783958,228239366750,28117099000000,95312200,STK
307950,KR7307950006,현대오토에버,KOSPI,,1025000,1,94000,10.1,931000,1066000,905000,536115,524881410500,28109581550000,27423982,STK
000810,KR7000810002,삼성화재,KOSPI,,622000,1,53000,9.31,579000,632000,570000,110861,67524385000,27770728206000,44647473,STK
051910,KR7051910008,LG화학,KOSPI,,377500,1,10500,2.86,364500,379500,358500,266009,98879152500,26648609482500,70592343,STK
015760,KR7015760002,한국전력,KOSPI,,38775,2,-125,-0.32,38700,39000,38200,1212934,46870885325,24892157085675,641964077,STK
010140,KR7010140002,삼성중공업,KOSPI,,27775,2,-175,-0.63,27900,28700,27400,3048513,85678953550,24442000000000,880000000,STK
064350,KR7064350002,현대로템,KOSPI,,215500,1,15000,7.48,200000,224500,196200,617939,133916229850,23520164141500,109142293,STK
017670,KR7017670001,SK텔레콤,KOSPI,,105800,1,5200,5.17,103000,107900,100100,955781,99689393300,22724787607400,214790053,STK
267250,KR7267250009,HD현대,KOSPI,,286500,1,9000,3.24,272000,292000,267000,121943,34670777500,22631518852500,78993085,STK
316140,KR7316140003,우리금융지주,KOSPI,,29550,2,-150,-0.51,29700,30550,29400,1197874,35747255050,21691955256000,734076320,STK
003670,KR7003670007,포스코퓨처엠,KOSPI,,235000,2,-10500,-4.28,241000,242000,232000,209112,49518513250,20902361700000,88946220,STK
096770,KR7096770003,SK이노베이션,KOSPI,,117600,2,-1600,-1.34,118200,121000,115200,333394,39416101050,19880607868800,169052788,STK
272210,KR7272210006,한화시스템,KOSPI,,103100,2,-1900,-1.81,103100,106850,99700,590326,61342310300,19477589005900,188919389,STK
033780,KR7033780008,KT&G,KOSPI,,185500,1,800,0.43,183300,186800,183300,130840,24306252250,19256839588000,103810456,STK
035720,KR7035720002,카카오,KOSPI,,43000,1,1050,2.5,43000,43300,41300,2278403,96839920450,18992696402000,441690614,STK
011200,KR7011200003,HMM,KOSPI,,19840,1,280,1.43,19560,20150,19490,1260151,25023159200,18713841324800,943237970,STK
138040,KR7138040001,메리츠금융지주,KOSPI,,107300,1,4400,4.28,102500,107600,102300,208279,22112531100,17956362392900,167347273,STK
086280,KR7086280005,현대글로비스,KOSPI,,238000,2,-4500,-1.86,245000,247000,233000,328660,78136837250,17850000000000,75000000,STK
079550,KR7079550000,LIG디펜스앤에어로스페이스,KOSPI,,780000,2,-21000,-2.62,780000,818000,762000,178849,141600930500,17160000000000,22000000,STK
047810,KR7047810007,한국항공우주,KOSPI,,169400,1,1100,0.65,165400,173500,162000,476046,81024791500,16512283125800,97475107,STK
024110,KR7024110009,기업은행,KOSPI,,20150,2,-50,-0.25,20100,20450,20000,1047845,21121514950,16068131260350,797425869,STK
278470,KR7278470000,에이피알,KOSPI,,425000,1,29500,7.46,396000,425000,394500,458262,188703879500,15911215875000,37438155,STK
000720,KR7000720003,현대건설,KOSPI,,140000,2,-7000,-4.76,142500,144100,139000,774477,109326879400,15589807100000,111355765,STK
006260,KR7006260004,LS,KOSPI,,467000,1,21000,4.71,453000,487500,442000,240334,113237422250,14570400000000,31200000,STK
064400,KR7064400005,LG씨엔에스,KOSPI,,147800,1,34000,29.88,143100,147900,135300,6858535,980396811350,14319743114400,96885948,STK
071050,KR7071050009,한국금융지주,KOSPI,,249500,1,12000,5.05,237000,251500,234000,171866,42278492000,13903635004000,55725992,STK
030200,KR7030200000,KT,KOSPI,,53700,1,900,1.7,53600,54500,53000,234246,12589955600,13533564484500,252021685,STK
0126Z0,KR70126Z0002,삼성에피스홀딩스,KOSPI,,477500,2,-6500,-1.34,474500,478000,463000,35717,16777579500,11881655897500,24883049,STK
010950,KR7010950004,S-Oil,KOSPI,,104200,2,-3200,-2.98,105600,107200,103600,380790,40001955150,11731126926400,112582792,STK
259960,KR7259960003,크래프톤,KOSPI,,252500,2,-5000,-1.94,257500,262500,248500,86894,22135917250,11649590732500,46136993,STK
016360,KR7016360000,삼성증권,KOSPI,,125700,1,5900,4.92,118100,129700,118100,499029,63013970650,11225010000000,89300000,STK
005940,KR7005940002,NH투자증권,KOSPI,,31150,1,950,3.15,30200,31400,29850,620708,19216040925,11100127094350,356344369,STK
047050,KR7047050000,포스코인터내셔널,KOSPI,,61700,2,-2100,-3.29,62600,65000,61200,524585,32703774200,10854436019600,175922788,STK
323410,KR7323410001,카카오뱅크,KOSPI,,22250,2,-150,-0.67,22300,22650,21550,512286,11406436000,10615929723250,477120437,STK
443060,KR7443060009,HD현대마린솔루션,KOSPI,,236500,1,12500,5.58,224000,239000,216500,129251,29978807750,10603113290000,44833460,STK
005387,KR7005382007,현대차2우B,KOSPI,,297000,1,25000,9.19,275000,297000,269000,392449,112380430750,10384287210000,34963930,STK
007660,KR7007660004,이수페타시스,KOSPI,,138600,1,9400,7.28,130100,141800,128300,1352261,185484970000,10174517753400,73409219,STK
039490,KR7039490008,키움증권,KOSPI,,387500,1,17000,4.59,370500,397500,368000,100717,39133052500,10163472450000,26228316,STK
047040,KR7047040001,대우건설,KOSPI,,24450,2,-1750,-6.68,25050,25200,24150,7422334,182320929725,10046691749100,410907638,STK
028050,KR7028050003,삼성E&A,KOSPI,,50200,2,-2700,-5.1,50700,51600,49950,1187260,59835074450,9839200000000,196000000,STK
003490,KR7003490000,대한항공,KOSPI,,26000,2,-800,-2.99,26000,26200,25650,1160064,30030066800,9573737186000,368220661,STK
001440,KR7001440007,대한전선,KOSPI,,47750,1,2300,5.06,45450,49450,44350,5769631,275595434950,9358646459000,195992596,STK
005830,KR7005830005,DB손해보험,KOSPI,,142400,2,-700,-0.49,140200,144500,140200,67911,9681595750,9327249697600,65500349,STK
352820,KR7352820005,하이브,KOSPI,,216000,2,-4000,-1.82,220500,224500,214500,238561,51966529500,9310085784000,43102249,STK
000880,KR7000880005,한화,KOSPI,,131400,2,-2300,-1.72,132000,139700,129400,142313,19199588550,9264740556600,70507919,STK
454910,KR7454910001,두산로보틱스,KOSPI,,138400,4,31900,29.95,123900,138400,123200,3447060,460013295800,8971085232000,64819980,STK
003230,KR7003230000,삼양식품,KOSPI,,1181000,2,-24000,-1.99,1205000,1257000,1170000,43231,51865736000,8896490715000,7533015,STK
353200,KR7353200009,대덕전자,KOSPI,,177300,2,-13600,-7.12,193000,198000,176000,1276849,232305701050,8761620802500,49416925,STK
161390,KR7161390000,한국타이어앤테크놀로지,KOSPI,,69600,1,2800,4.19,66800,69900,65100,397670,26920307700,8621704802400,123875069,STK
034220,KR7034220004,LG디스플레이,KOSPI,,16370,1,280,1.74,17260,17950,15830,41249662,692991368950,8185000000000,500000000,STK
000990,KR7000990002,DB하이텍,KOSPI,,183900,2,-1600,-0.86,182400,192700,181000,479214,89043673250,8000493733200,43504588,STK
180640,KR7180640005,한진칼,KOSPI,,116600,1,6500,5.9,110000,119900,106800,117844,13652847000,7784481731400,66762279,STK
062040,KR7062040001,산일전기,KOSPI,,253000,1,6000,2.43,246000,266500,241500,362750,92740830000,7745810050000,30615850,STK
032640,KR7032640005,LG유플러스,KOSPI,,17130,1,1000,6.2,17670,18800,16500,4832761,84144781935,7270447049160,424427732,STK
009830,KR7009830001,한화솔루션,KOSPI,,41500,2,-350,-0.84,41050,42550,39300,1155954,47678461700,7133540244000,171892536,STK
005385,KR7005381009,현대차우,KOSPI,,301500,1,27500,10.04,275000,302000,271000,344484,99932300750,7037299440000,23340960,STK
267270,KR7267270007,HD건설기계,KOSPI,,146700,2,-4800,-3.17,147200,151100,144100,185253,27314198900,7030142289900,47921897,STK
326030,KR7326030004,SK바이오팜,KOSPI,,89600,2,-100,-0.11,90700,92200,89000,178349,16093009750,7016867200000,78313250,STK
078930,KR7078930005,GS,KOSPI,,73100,1,600,0.83,72400,73900,70000,150902,10990046000,6790660684500,92895495,STK
128940,KR7128940004,한미약품,KOSPI,,521000,1,30000,6.11,570000,570000,514000,437215,234879931500,6674526311000,12810991,STK
000100,KR7000100008,유한양행,KOSPI,,82900,2,-2100,-2.47,84200,84800,82600,174441,14556175250,6602786122900,79647601,STK
010060,KR7010060002,OCI홀딩스,KOSPI,,349500,3,0,0.0,360000,368500,335500,199393,70665109000,6525246084000,18670232,STK
090430,KR7090430000,아모레퍼시픽,KOSPI,,111200,2,-3900,-3.39,114100,115000,110900,216557,24280098550,6504394800800,58492759,STK
036570,KR7036570000,NC,KOSPI,,299000,1,9500,3.28,302000,302500,288000,125965,37282272750,6441662578000,21544022,STK
021240,KR7021240007,코웨이,KOSPI,,90600,1,600,0.67,90000,91200,88100,88856,8008295050,6411528795600,70767426,STK
241560,KR7241560002,두산밥캣,KOSPI,,66700,1,2000,3.09,65800,71000,65800,305121,20660870700,6393599535500,95856065,STK
377300,KR7377300009,카카오페이,KOSPI,,47150,1,600,1.29,47300,48500,46150,243888,11564930675,6377333366250,135256275,STK
066970,KR7066970005,엘앤에프,KOSPI,,154900,2,-13400,-7.96,163900,164100,152400,574546,89633707650,6266554936300,40455487,STK
011790,KR7011790003,SKC,KOSPI,,164300,1,25000,17.95,151200,181000,150200,2938788,500098620450,6221761361400,37868298,STK
000500,KR7000500009,가온전선,KOSPI,,366500,1,44500,13.82,343000,380000,325500,109748,39067787250,6063051647500,16543115,STK
336260,KR7336260005,두산퓨얼셀,KOSPI,,92300,1,900,0.98,89000,94300,86500,502513,45151944800,6045070909800,65493726,STK
022100,KR7022100002,포스코DX,KOSPI,,37650,1,5200,16.02,33850,38600,33500,4067040,149537349775,5724107546850,152034729,STK
018880,KR7018880005,한온시스템,KOSPI,,5380,2,-250,-4.44,5630,5790,5160,20445359,109511763430,5521292529760,1026262552,STK
004020,KR7004020004,현대제철,KOSPI,,40150,3,0,0.0,39250,40150,38000,626445,24686922950,5357848267750,133445785,STK
138930,KR7138930003,BNK금융지주,KOSPI,,17140,1,320,1.9,16740,17380,16640,530499,9072682510,5319005345620,310327033,STK
029780,KR7029780004,삼성카드,KOSPI,,45600,2,-550,-1.19,46150,46500,45500,78954,3615657950,5283165429600,115858891,STK
088980,KR7088980008,맥쿼리인프라,KOSPI,,10830,2,-130,-1.19,10960,10960,10810,2110196,22899144480,5186725184190,478921993,STK
052690,KR7052690005,한전기술,KOSPI,,135700,1,1400,1.04,131800,140300,129800,122821,16691433050,5186454000000,38220000,STK
082740,KR7082740002,한화엔진,KOSPI,,61700,2,-2500,-3.89,62500,63700,60800,527686,32891572200,5148688661400,83447142,STK
001040,KR7001040005,CJ,KOSPI,,175600,1,13900,8.6,169700,176000,164500,205062,35195194500,5123480848800,29176998,STK
271560,KR7271560005,오리온,KOSPI,,127300,2,-2300,-1.77,128800,130100,126600,50063,6397175800,5032949603600,39536132,STK
002380,KR7002380004,KCC,KOSPI,,572000,1,22000,4.0,558000,582000,550000,29845,16863184500,4915136512000,8592896,STK
004170,KR7004170007,신세계,KOSPI,,516000,1,1000,0.19,510000,532000,503000,36004,18584087000,4873713396000,9445181,STK
175330,KR7175330000,JB금융지주,KOSPI,,24300,1,400,1.67,23550,24400,23550,270853,6539163800,4574562091200,188253584,STK
103590,KR7103590006,일진전기,KOSPI,,94200,1,1300,1.4,90200,97800,89000,419272,39924840450,4491963738000,47685390,STK
450080,KR7450080007,에코프로머티,KOSPI,,60300,2,-1900,-3.05,61300,63300,59800,416304,25398478550,4263548102100,70705607,STK
023530,KR7023530009,롯데쇼핑,KOSPI,,148900,1,1200,0.81,142600,151800,140400,90196,13283000400,4212195619500,28288755,STK
088350,KR7088350004,한화생명,KOSPI,,4830,2,-50,-1.02,4885,4975,4690,2766849,13406242197,4194999900000,868530000,STK
051900,KR7051900009,LG생활건강,KOSPI,,252000,1,4500,1.82,249500,259000,246500,60425,15187028500,3853398024000,15291262,STK
489790,KR7489790006,한화비전,KOSPI,,71200,1,4100,6.11,70900,75400,67300,777386,55856787200,3594773368000,50488390,STK
251270,KR7251270005,넷마블,KOSPI,,43100,1,600,1.41,42300,43500,41900,128342,5501240375,3531380010100,81934571,STK
005850,KR7005850003,에스엘,KOSPI,,75800,1,700,0.93,73600,76100,70300,154365,11472355550,3520797816000,46448520,STK
012510,KR7012510004,더존비즈온,KOSPI,,120200,1,200,0.17,156000,156000,120100,29616,3724135050,3500690736600,29123883,STK
020150,KR7020150009,롯데에너지머티리얼즈,KOSPI,,66600,1,10500,18.72,56900,69600,55200,646604,41149848750,3487539835800,52365463,STK
111770,KR7111770004,영원무역,KOSPI,,77500,2,-2000,-2.52,79500,80200,77000,35673,2796421550,3434138770000,44311468,STK
011170,KR7011170008,롯데케미칼,KOSPI,,78600,2,-2100,-2.6,78500,79600,76500,106671,8362979400,3362147933400,42775419,STK
004800,KR7004800009,효성,KOSPI,,198900,1,600,0.3,190500,205000,190400,29640,5891118750,3329666952300,16740407,STK
011780,KR7011780004,금호석유화학,KOSPI,,130200,2,-2100,-1.59,132400,134000,128000,47348,6172717200,3275483715000,25157325,STK
035250,KR7035250000,강원랜드,KOSPI,,14950,2,-80,-0.53,15030,15070,14820,396216,5916360235,3198410475000,213940500,STK
036460,KR7036460004,한국가스공사,KOSPI,,34550,2,-950,-2.68,35000,35250,34450,187900,6510676700,3189414150000,92313000,STK
302440,KR7302440003,SK바이오사이언스,KOSPI,,40200,2,-700,-1.71,40700,41200,39750,106993,4320659175,3153953430600,78456553,STK
017800,KR7017800004,현대엘리베이터,KOSPI,,79400,1,600,0.76,80200,81300,78600,139510,11143778500,3103935369000,39092385,STK
009420,KR7009420001,한올바이오파마,KOSPI,,58200,2,-4300,-6.88,59800,61100,57300,387824,22732186600,3040405131600,52240638,STK
014680,KR7014680003,한솔케미칼,KOSPI,,265000,2,-5000,-1.85,265000,270000,262000,38838,10328713250,3013101675000,11370195,STK
097950,KR7097950000,CJ제일제당,KOSPI,,200000,2,-2000,-0.99,201500,204000,200000,46456,9331858000,3010837200000,15054186,STK
000155,KR7000151001,두산우,KOSPI,,751000,1,92000,13.96,840000,840000,701000,56257,42885910500,3001342962000,3996462,STK
031210,KR7031210008,서울보증보험,KOSPI,,42800,2,-850,-1.95,44100,44100,42150,84788,3618208400,2988364394400,69821598,STK
001450,KR7001450006,현대해상,KOSPI,,35000,1,450,1.3,33800,35250,33800,262914,9112687175,2983688750000,85248250,STK
204320,KR7204320006,HL만도,KOSPI,,63200,1,1100,1.77,63000,65000,61500,696980,44187103200,2967689984000,46957120,STK
007810,KR7007810005,코리아써키트,KOSPI,,120700,1,1400,1.17,120000,123100,110500,182728,21676578100,2894702234000,23982620,STK
457190,KR7457190007,이수스페셜티케미컬,KOSPI,,93500,2,-2800,-2.91,93500,95500,91200,131925,12344657450,2825464532000,30218872,STK
139130,KR7139130009,iM금융지주,KOSPI,,17480,1,140,0.81,17300,17870,17270,384123,6748470245,2807717710840,160624583,STK
001720,KR7001720002,신영증권,KOSPI,,169900,2,-2100,-1.22,170600,174900,166500,7510,1282597600,2793156000000,16440000,STK
375500,KR7375500006,DL이앤씨,KOSPI,,71800,2,-4700,-6.14,72100,74000,71000,365091,26347447350,2778202131400,38693623,STK
028670,KR7028670008,팬오션,KOSPI,,5160,2,-330,-6.01,5490,5490,5110,2731984,14158695445,2758378681920,534569512,STK
383220,KR7383220001,F&F,KOSPI,,70700,2,-2200,-3.02,73000,73000,69700,57109,4029782350,2708310202500,38307075,STK
012750,KR7012750006,에스원,KOSPI,,69800,1,1400,2.05,68000,70900,68000,34826,2434860650,2652342624400,37999178,STK
001740,KR7001740000,SK네트웍스,KOSPI,,12720,1,1440,12.77,11500,12720,11500,2829737,34366140940,2551554268080,200593889,STK
483650,KR7483650008,달바글로벌,KOSPI,,203500,1,6500,3.3,197800,204500,194300,103091,20722147000,2537475077500,12469165,STK
009970,KR7009970005,영원무역홀딩스,KOSPI,,186800,2,-4700,-2.45,192100,193300,185000,7508,1409437400,2521657471600,13499237,STK
004990,KR7004990008,롯데지주,KOSPI,,25250,2,-200,-0.79,25450,25600,25050,145534,3686979675,2516510344000,99663776,STK
069960,KR7069960003,현대백화점,KOSPI,,116500,1,6700,6.1,109600,117400,107600,80343,8996667600,2512312248000,21564912,STK
011210,KR7011210002,현대위아,KOSPI,,92200,1,1200,1.32,92000,94200,89200,241348,22119142400,2507386652600,27195083,STK
007340,KR7007340003,DN오토모티브,KOSPI,,42800,2,-1850,-4.14,43200,43450,41500,148240,6262611725,2504265022000,58510865,STK
006360,KR7006360002,GS건설,KOSPI,,28600,2,-1900,-6.23,29050,29400,28250,692380,19892746125,2447630614000,85581490,STK
139480,KR7139480008,이마트,KOSPI,,88100,1,2000,2.32,85300,88500,82600,142001,12263311250,2431191653900,27595819,STK
439260,KR7439260001,대한조선,KOSPI,,63400,1,200,0.32,65800,65800,61600,77542,4942591000,2414825482000,38088730,STK
071970,KR7071970008,HD현대마린엔진,KOSPI,,70100,2,-1000,-1.41,70000,72400,69000,118865,8402757700,2377896799500,33921495,STK
026960,KR7026960005,동서,KOSPI,,23750,2,-800,-3.26,24550,24550,23750,68785,1648473525,2367875000000,99700000,STK
000240,KR7000240002,한국앤컴퍼니,KOSPI,,24600,1,300,1.23,24300,24700,23800,57104,1386446075,2335406904000,94935240,STK
004370,KR7004370003,농심,KOSPI,,382000,2,-3000,-0.78,379500,384000,375500,13470,5107999500,2323569244000,6082642,STK
051600,KR7051600005,한전KPS,KOSPI,,51200,1,200,0.39,50800,52100,49800,108186,5513181250,2304000000000,45000000,STK
008930,KR7008930000,한미사이언스,KOSPI,,33600,1,1850,5.83,35050,35050,32100,275620,9092970375,2297956080000,68391550,STK
003690,KR7003690005,코리안리,KOSPI,,12910,1,60,0.47,13190,13310,12740,374603,4831824925,2281468510210,176721031,STK
279570,KR7279570006,케이뱅크,KOSPI,,5600,2,-190,-3.28,5750,5830,5590,1253232,7101487315,2271892845600,405695151,STK
009155,KR7009151002,삼성전기우,KOSPI,,771000,1,6000,0.78,765000,800000,700000,119671,92147634500,2241284664000,2906984,STK
00680K,KR700680K019,미래에셋증권2우B,KOSPI,,16060,1,450,2.88,15550,16590,14980,514831,8260358480,2192190000000,136500000,STK
103140,KR7103140000,풍산,KOSPI,,77400,2,-2800,-3.49,78000,80800,75100,157931,12369915150,2169079117200,28024278,STK
120110,KR7120110002,코오롱인더,KOSPI,,72400,1,600,0.84,70300,75900,69000,198092,14296723250,2168092716800,29946032,STK
282330,KR7282330000,BGF리테일,KOSPI,,124900,1,700,0.56,125000,125200,120500,26007,3214773450,2158759859400,17283906,STK
229640,KR7229640008,LS에코에너지,KOSPI,,70400,1,1300,1.88,67100,74000,66600,170893,12157282300,2155991481600,30624879,STK
066575,KR7066571001,LG전자우,KOSPI,,124400,4,28700,29.99,104500,124400,103000,2263707,265606540450,2137353595600,17181299,STK
030000,KR7030000004,제일기획,KOSPI,,18520,1,60,0.33,18580,18600,18260,259055,4780158675,2130563487000,115041225,STK
008770,KR7008770000,호텔신라,KOSPI,,54200,2,-900,-1.63,54100,54900,53500,248741,13482224650,2127248158200,39248121,STK
018670,KR7018670000,SK가스,KOSPI,,229000,2,-8000,-3.38,235000,236500,228000,10749,2482127250,2119908876000,9257244,STK
007070,KR7007070006,GS리테일,KOSPI,,24950,2,-600,-2.35,25100,25300,24300,122514,3054894175,2086005004250,83607415,STK
005440,KR7005440003,현대지에프홀딩스,KOSPI,,13330,2,-400,-2.91,13500,13700,13110,106972,1423223460,2078204332330,155904301,STK
161890,KR7161890009,한국콜마,KOSPI,,86200,1,700,0.82,86100,87500,84600,93560,8032748450,2034757637400,23605077,STK
192820,KR7192820009,코스맥스,KOSPI,,174000,1,300,0.17,173800,178500,170500,50077,8700413800,1974814566000,11349509,STK
112610,KR7112610001,씨에스윈드,KOSPI,,46750,2,-750,-1.58,46700,48400,45550,181659,8551456750,1971513090250,42171403,STK
097230,KR7097230007,HJ중공업,KOSPI,,21800,1,1250,6.08,20550,22100,19900,772595,16471356065,1968438499200,90295344,STK
085620,KR7085620003,미래에셋생명,KOSPI,,14530,2,-170,-1.16,14280,15180,14220,80464,1189463175,1964165400000,135180000,STK
001430,KR7001430008,세아베스틸지주,KOSPI,,54500,1,1000,1.87,52000,55100,50300,200572,10733726450,1954485485500,35862119,STK
081660,KR7081660003,미스토홀딩스,KOSPI,,36750,2,-700,-1.87,37450,37450,36300,57948,2130127875,1951125120000,53091840,STK
322000,KR7322000001,HD현대에너지솔루션,KOSPI,,173200,2,-1600,-0.92,174100,184000,167500,232217,40644331650,1939840000000,11200000,STK
000120,KR7000120006,CJ대한통운,KOSPI,,84600,2,-900,-1.05,85300,85800,83500,40778,3450278950,1929924302400,22812344,STK
181710,KR7181710005,NHN,KOSPI,,56600,1,5700,11.2,57900,59000,53000,415687,23292197450,1853827667400,32753139,STK
462870,KR7462870007,시프트업,KOSPI,,29350,1,850,2.98,27950,29650,27950,64885,1879708550,1721504879000,58654340,STK
023590,KR7023590003,다우기술,KOSPI,,39400,2,-150,-0.38,39550,40200,38450,52454,2073471000,1705520092800,43287312,STK
002790,KR7002790004,아모레퍼시픽홀딩스,KOSPI,,22250,2,-650,-2.84,22900,22900,22100,106417,2382144700,1701194505000,76458180,STK
017960,KR7017960006,한국카본,KOSPI,,32550,1,300,0.93,31750,34150,31000,340514,11216386425,1682069619300,51676486,STK
005070,KR7005070008,코스모신소재,KOSPI,,50200,2,-2000,-3.83,51200,53000,50000,125197,6368318050,1667371464200,33214571,STK
006280,KR7006280002,녹십자,KOSPI,,137600,2,-3800,-2.69,140500,140900,136000,43636,6026470800,1608067628800,11686538,STK
298020,KR7298020009,효성티앤씨,KOSPI,,367000,1,3500,0.96,363500,391000,352500,22806,8515597500,1588259294000,4327682,STK
077970,KR7077970002,STX엔진,KOSPI,,38950,2,-1450,-3.59,39050,41300,38550,352846,13991625800,1563767053850,40148063,STK
001800,KR7001800002,오리온홀딩스,KOSPI,,24900,2,-150,-0.6,24700,25350,24550,71256,1776711650,1559871007800,62645422,STK
001120,KR7001120005,LX인터내셔널,KOSPI,,40100,2,-1850,-4.41,41300,41750,40000,91616,3707514150,1554276000000,38760000,STK
361610,KR7361610009,SK아이이테크놀로지,KOSPI,,18930,2,-380,-1.97,19010,19250,18550,124179,2346813360,1548229803000,81787100,STK
395400,KR7395400005,SK리츠,KOSPI,,5130,2,-330,-6.04,5360,5450,5110,308976,1609438405,1544220390600,301017620,STK
006040,KR7006040000,동원산업,KOSPI,,34450,2,-1050,-2.96,34850,35000,34450,26167,906019725,1520651214550,44140819,STK
003540,KR7003540002,대신증권,KOSPI,,30700,1,100,0.33,30100,31250,29800,90962,2791700375,1511046724100,49219763,STK
003570,KR7003570009,SNT다이내믹스,KOSPI,,44000,1,800,1.85,42100,46400,41400,44093,1949462575,1463118668000,33252697,STK
069620,KR7069620003,대웅제약,KOSPI,,126000,2,-4600,-3.52,129300,129300,125100,21126,2673186000,1459908450000,11586575,STK
192080,KR7192080000,더블유게임즈,KOSPI,,68600,1,200,0.29,69500,69500,66300,58987,4004409800,1452499904800,21173468,STK
020560,KR7020560009,아시아나항공,KOSPI,,7020,2,-310,-4.23,7190,7200,7010,127555,902738220,1446054791220,205990711,STK
032350,KR7032350001,롯데관광개발,KOSPI,,18140,2,-960,-5.03,18800,19140,18000,777680,14311177560,1443970738360,79601474,STK
195870,KR7195870001,해성디에스,KOSPI,,81300,2,-7800,-8.75,88500,88500,81200,233152,19424995600,1382100000000,17000000,STK
051915,KR7051911006,LG화학우,KOSPI,,176700,1,9200,5.49,167500,177800,165700,54157,9404384150,1358610960000,7688800,STK
475150,KR7475150009,SK이터닉스,KOSPI,,39600,2,-500,-1.25,38200,41150,38200,506797,20309372725,1349053358400,34067004,STK
073240,KR7073240004,금호타이어,KOSPI,,4695,2,-5,-0.11,4720,4740,4590,444970,2085837116,1348687047465,287260287,STK
007310,KR7007310006,오뚜기,KOSPI,,332000,2,-2000,-0.6,332500,336000,330500,3838,1274625000,1330599560000,4007830,STK
294870,KR7294870001,IPARK현대산업개발,KOSPI,,19760,2,-790,-3.84,20150,20250,19660,232581,4606405350,1302328840800,65907330,STK
003530,KR7003530003,한화투자증권,KOSPI,,6050,2,-70,-1.14,6120,6390,5900,2073379,12759122470,1298014038750,214547775,STK
030610,KR7030610000,교보증권,KOSPI,,11300,2,-100,-0.88,11240,11585,11090,65946,750143460,1287781459300,113962961,STK
004000,KR7004000006,롯데정밀화학,KOSPI,,49750,2,-2950,-5.6,52200,52200,49550,59320,2966349500,1283550000000,25800000,STK
001820,KR7001820000,삼화콘덴서,KOSPI,,122900,2,-26200,-17.57,145900,145900,120600,2100193,268011250600,1277545500000,10395000,STK
034230,KR7034230003,파라다이스,KOSPI,,13780,2,-320,-2.27,13960,14100,13610,637016,8812794310,1276432883960,92629382,STK
012630,KR7012630000,HDC,KOSPI,,20900,2,-1200,-5.43,22100,22100,20850,98065,2076324625,1248601968900,59741721,STK
281820,KR7281820001,케이씨텍,KOSPI,,61400,2,-1200,-1.92,61600,64000,60100,94925,5923287800,1215637785400,19798661,STK
415640,KR7415640002,KB발해인프라,KOSPI,,9780,2,-120,-1.21,9900,9900,9780,62984,617977705,1198495459440,122545548,STK
093370,KR7093370005,후성,KOSPI,,11120,2,-350,-3.05,11130,11550,11060,1201346,13514421640,1192679269600,107255330,STK
006110,KR7006110001,삼아알미늄,KOSPI,,76700,1,3900,5.36,70000,77000,67100,226370,16416639350,1159968998500,15123455,STK
000815,KR7000811000,삼성화재우,KOSPI,,384500,1,18500,5.05,366000,384500,361500,21234,7963839500,1156199190000,3007020,STK
089860,KR7089860001,롯데렌탈,KOSPI,,31650,1,400,1.28,31000,31850,30750,34898,1091059475,1149192130200,36309388,STK
082640,KR7082640004,동양생명,KOSPI,,7200,2,-200,-2.7,7400,7400,7130,156827,1128555780,1123650583200,156062581,STK
000080,KR7000080002,하이트진로,KOSPI,,15840,2,-180,-1.12,16020,16120,15770,142639,2267593045,1110916398240,70133611,STK
456040,KR7456040005,OCI,KOSPI,,121700,1,200,0.16,120200,125400,115400,49490,6000575350,1089518641500,8952495,STK
000210,KR7000210005,DL,KOSPI,,51800,2,-2500,-4.6,51500,52800,50800,55720,2878942850,1085514791200,20955884,STK
090460,KR7090460007,비에이치,KOSPI,,31950,1,1300,4.24,30900,33550,30225,499655,15966584150,1077083639100,33711538,STK
185750,KR7185750007,종근당,KOSPI,,77600,2,-1800,-2.27,78900,79400,77400,19615,1526534200,1071095728000,13802780,STK
003090,KR7003090008,대웅,KOSPI,,18300,2,-540,-2.87,18790,18800,18280,37105,684011730,1063998234000,58141980,STK
003240,KR7003240009,태광산업,KOSPI,,951000,2,-18000,-1.86,959000,966000,930000,1208,1149041500,1058843400000,1113400,STK
300720,KR7300720000,한일시멘트,KOSPI,,14160,2,-310,-2.14,14480,14490,13940,83463,1179670135,1041400159440,73545209,STK
100090,KR7100090000,SK오션플랜트,KOSPI,,16590,2,-420,-2.47,16900,17370,16280,261137,4375147495,1036512160110,62478129,STK
330590,KR7330590001,롯데리츠,KOSPI,,3585,2,-225,-5.91,3700,3755,3565,350342,1270590388,1035953449140,288968884,STK
280360,KR7280360009,롯데웰푸드,KOSPI,,111500,2,-1400,-1.24,113000,113100,111100,10795,1205755900,1026310001000,9204574,STK
003470,KR7003470002,유안타증권,KOSPI,,5090,2,-90,-1.74,5120,5340,4990,939497,4842019560,1015946571840,199596576,STK
009450,KR7009450008,경동나비엔,KOSPI,,69100,2,-1000,-1.43,70100,71400,68200,28902,1997218200,1006689707200,14568592,STK
005300,KR7005300009,롯데칠성,KOSPI,,107100,2,-1900,-1.74,110100,110500,106300,27775,2974260500,993768476400,9278884,STK
071055,KR7071051007,한국금융지주우,KOSPI,,168900,1,3500,2.12,165300,171100,162800,9162,1537374150,989458593900,5858251,STK
000670,KR7000670000,영풍,KOSPI,,52200,1,500,0.97,51800,52900,49900,14693,761528600,961037652600,18410683,STK
057050,KR7057050007,현대홈쇼핑,KOSPI,,79700,2,-1300,-1.6,78000,81100,77800,6648,529183650,956400000000,12000000,STK
365550,KR7365550003,ESR켄달스퀘어리츠,KOSPI,,3815,2,-130,-3.3,3855,3880,3800,208152,795288220,938829535000,246089000,STK
298050,KR7298050006,HS효성첨단소재,KOSPI,,205500,2,-5000,-2.38,210000,210000,201000,13976,2867260250,920629314000,4479948,STK
006340,KR7006340004,대원전선,KOSPI,,11670,2,-270,-2.26,11900,12350,11560,4725435,56406023705,915096234720,78414416,STK
248070,KR7248070005,솔루엠,KOSPI,,19130,2,-870,-4.35,19510,19590,18750,248386,4740337370,914724594680,47816236,STK
00088K,KR700088K015,한화3우B,KOSPI,,46650,2,-950,-2.0,46600,48450,45400,92715,4352330750,905217172650,19404441,STK
137310,KR7137310009,에스디바이오센서,KOSPI,,7490,2,-290,-3.73,7700,7780,7470,104644,789969100,904410773980,120749102,STK
108320,KR7108320003,LX세미콘,KOSPI,,55100,1,2500,4.75,51800,56000,50900,103229,5418064550,896162930000,16264300,STK
005690,KR7005690003,파미셀,KOSPI,,14870,2,-130,-0.87,15340,15530,14630,537524,8101231100,892259688180,60004014,STK
192400,KR7192400000,쿠쿠홀딩스,KOSPI,,24900,3,0,0.0,24900,25000,24400,22847,565088450,885498406500,35562185,STK
451800,KR7451800007,한화리츠,KOSPI,,4820,2,-230,-4.55,5050,5050,4755,79124,380397465,865672000000,179600000,STK
499790,KR7499790004,GS피앤엘,KOSPI,,43200,2,-300,-0.69,42700,43700,42250,41642,1787200650,856692331200,19830841,STK
336370,KR7336370002,솔루스첨단소재,KOSPI,,12130,1,440,3.76,11220,13370,11000,1713490,21287284615,851736382720,70217344,STK
033240,KR7033240003,자화전자,KOSPI,,39400,2,-250,-0.63,39550,40650,38100,156279,6167204400,851256778800,21605502,STK
006120,KR7006120000,SK디스커버리,KOSPI,,48150,2,-1150,-2.33,49050,49050,47700,9748,471964100,838472110650,17413751,STK
075580,KR7075580001,세진중공업,KOSPI,,14740,2,-190,-1.27,14770,15250,14090,219669,3230640025,837960981440,56849456,STK
010780,KR7010780005,아이에스동서,KOSPI,,27750,2,-1050,-3.65,28450,28800,27350,52304,1451943100,837688584000,30186976,STK
030190,KR7030190003,NICE평가정보,KOSPI,,14170,1,190,1.36,14200,14250,13850,204855,2891308845,834776337590,58911527,STK
079900,KR7079900007,전진건설로봇,KOSPI,,57200,2,-3000,-4.98,57300,57900,55800,50517,2881140400,834693574000,14592545,STK
071320,KR7071320006,지역난방공사,KOSPI,,71200,2,-300,-0.42,71200,71900,69200,11824,828075650,824406572800,11578744,STK
036530,KR7036530004,SNT홀딩스,KOSPI,,50500,2,-300,-0.59,51200,51400,49400,14095,708947550,823346243000,16303886,STK
025540,KR7025540006,한국단자,KOSPI,,81100,1,2300,2.92,80200,81200,77200,13469,1078827000,820326500000,10115000,STK
006650,KR7006650006,대한유화,KOSPI,,126000,2,-2300,-1.79,125500,129300,123600,32529,4106884700,819000000000,6500000,STK
064960,KR7064960008,SNT모티브,KOSPI,,29950,1,50,0.17,29700,30500,29650,39419,1179787650,794881146400,26540272,STK
214320,KR7214320004,이노션,KOSPI,,19830,2,-120,-0.6,19950,19950,19410,71623,1404518470,793200000000,40000000,STK
100840,KR7100840008,SNT에너지,KOSPI,,37400,2,-750,-1.97,37350,39550,36500,100491,3793463925,773461284200,20680783,STK
001510,KR7001510007,SK증권,KOSPI,,3340,1,90,2.77,3140,3600,3140,11662225,39744039401,772525583900,231295085,STK
004490,KR7004490009,세방전지,KOSPI,,55500,2,-500,-0.89,56100,56200,54600,38517,2129045050,769230000000,13860000,STK
003850,KR7003850005,보령,KOSPI,,8760,2,-260,-2.88,8920,9000,8730,131785,1157614210,751495933320,85787207,STK
178920,KR7178920005,PI첨단소재,KOSPI,,25550,1,550,2.2,24300,26550,23450,146283,3700137925,750309527100,29366322,STK
009240,KR7009240003,한샘,KOSPI,,31400,1,600,1.95,30850,31650,29750,44109,1365286200,738965339200,23533928,STK
079160,KR7079160008,CJ CGV,KOSPI,,4455,2,-105,-2.3,4560,4575,4450,326646,1463802232,737669525175,165582385,STK
003160,KR7003160009,디아이,KOSPI,,25950,2,-1900,-6.82,27200,27300,25700,221279,5856063900,734385000000,28300000,STK
285130,KR7285130001,SK케미칼,KOSPI,,41800,2,-1350,-3.13,42900,43100,41750,52384,2208459475,723088418800,17298766,STK
000370,KR7000370007,한화손해보험,KOSPI,,6090,2,-230,-3.64,6280,6300,6000,433397,2653301815,710939992350,116738915,STK
002020,KR7002020006,코오롱,KOSPI,,54800,2,-2800,-4.86,57200,57600,54300,41668,2306324500,707340864000,12907680,STK
005880,KR7005880000,대한해운,KOSPI,,2135,2,-115,-5.11,2230,2245,2100,4477030,9614119225,689065570900,322747340,STK
005090,KR7005090006,SGC에너지,KOSPI,,47750,2,-2200,-4.4,49900,49900,46300,60367,2887920850,688045650750,14409333,STK
069260,KR7069260008,TKG휴켐스,KOSPI,,16610,1,30,0.18,16600,16760,16450,72374,1200528235,678993346680,40878588,STK
484870,KR7484870001,엠앤씨솔루션,KOSPI,,73900,2,-900,-1.2,73400,78900,70200,21632,1616042950,676473210000,9153900,STK
003620,KR7003620002,KG모빌리티,KOSPI,,3325,2,-80,-2.35,3410,3410,3275,706026,2352925381,672896582400,202374912,STK
005180,KR7005180005,빙그레,KOSPI,,72200,2,-400,-0.55,73600,73800,72100,41619,3025282150,669224038200,9269031,STK
249420,KR7249420001,일동제약,KOSPI,,21050,2,-300,-1.41,22800,23000,20700,326752,7018066675,665985204600,31638252,STK
317450,KR7317450005,명인제약,KOSPI,,45550,2,-1500,-3.19,46650,46700,45500,16359,750153400,665030000000,14600000,STK
002350,KR7002350007,넥센타이어,KOSPI,,6800,1,230,3.5,6570,6820,6560,134229,902906430,664141563600,97667877,STK
114090,KR7114090004,GKL,KOSPI,,10710,1,100,0.94,10650,10750,10500,145870,1551810040,662474225700,61855670,STK
00104K,KR700104K010,CJ4우(전환),KOSPI,,156700,1,8500,5.74,150000,157600,148600,11489,1766633350,662294430400,4226512,STK
058650,KR7058650003,세아홀딩스,KOSPI,,156100,3,0,0.0,155500,156400,155000,5492,855038700,662213039600,4242236,STK
093050,KR7093050003,LF,KOSPI,,22550,1,50,0.22,22550,22650,21500,29005,646192050,659362000000,29240000,STK
007700,KR7007700008,F&F홀딩스,KOSPI,,16850,2,-820,-4.64,17480,17480,16680,16962,284685985,659077083950,39114367,STK
001680,KR7001680008,대상,KOSPI,,18980,2,-270,-1.4,19170,19370,18850,52888,1005502270,657619514500,34648025,STK
005389,KR7005383005,현대차3우B,KOSPI,,278000,1,19500,7.54,259500,279000,256000,47813,12902318000,647031656000,2327452,STK
008060,KR7008060006,대덕,KOSPI,,20500,2,-1050,-4.87,21550,21550,20150,64893,1346550325,641385509000,31287098,STK
383800,KR7383800000,LX홀딩스,KOSPI,,8370,2,-250,-2.9,8540,8570,8110,207159,1716572180,638469375300,76280690,STK
001570,KR7001570001,금양,KOSPI,,9900,0,0,0.0,0,0,0,0,0,633275240400,63967196,STK
002960,KR7002960003,한국쉘석유,KOSPI,,486500,2,-5500,-1.12,490500,495500,486000,1967,959679250,632450000000,1300000,STK
293940,KR7293940003,신한알파리츠,KOSPI,,5180,2,-140,-2.63,5250,5260,5140,203655,1058930665,626469837140,120940123,STK
001060,KR7001060003,JW중외제약,KOSPI,,26850,2,-950,-3.42,27200,27900,26650,61790,1671386300,625227220500,23285930,STK
006380,KR7006380000,카프로,KOSPI,,3660,0,0,0.0,0,0,0,0,0,618539985360,168999996,STK
000400,KR7000400002,롯데손해보험,KOSPI,,1987,2,-53,-2.6,2040,2050,1956,789647,1570131923,616638267840,310336320,STK
014820,KR7014820005,동원시스템즈,KOSPI,,21100,2,-850,-3.87,21950,21950,20800,52914,1127559450,611716050200,28991282,STK
003030,KR7003030004,세아제강지주,KOSPI,,147500,2,-5700,-3.72,150000,150000,143200,23047,3383419350,610894407500,4141657,STK
001270,KR7001270008,부국증권,KOSPI,,58400,2,-1700,-2.83,59700,60800,58100,9827,581860900,605601342400,10369886,STK
000640,KR7000640003,동아쏘시오홀딩스,KOSPI,,89300,2,-1000,-1.11,89300,89600,88300,9956,886867700,601214661100,6732527,STK
161000,KR7161000005,애경케미칼,KOSPI,,12190,2,-660,-5.14,12310,12700,11950,235966,2882910725,593027762710,48648709,STK
001500,KR7001500008,현대차증권,KOSPI,,9500,2,-20,-0.21,9400,9730,9310,212592,2026831650,587413918000,61833044,STK
017940,KR7017940008,E1,KOSPI,,84700,2,-1200,-1.4,85500,87200,83800,11138,944913600,581042000000,6860000,STK
039130,KR7039130000,하나투어,KOSPI,,37025,2,-875,-2.31,37450,37450,36850,32882,1216046300,573514732300,15489932,STK
005250,KR7005250006,녹십자홀딩스,KOSPI,,12150,2,-770,-5.96,12610,12920,11950,264508,3253992665,571392751500,47028210,STK
016380,KR7016380008,KG스틸,KOSPI,,5700,2,-230,-3.88,5930,5930,5640,350676,2012362880,570050712900,100008897,STK
452260,KR7452260003,한화갤러리아,KOSPI,,2920,2,-90,-2.99,3020,3120,2870,2964058,8763017401,566070061200,193859610,STK
017900,KR7017900002,광전자,KOSPI,,9700,2,-880,-8.32,10580,10580,9200,1492224,14395664720,562054501100,57943763,STK
005810,KR7005810007,풍산홀딩스,KOSPI,,38500,2,-500,-1.28,38650,39400,37600,33278,1281556500,555065742000,14417292,STK
002840,KR7002840007,미원상사,KOSPI,,116200,2,-4300,-3.57,118600,120400,115300,2686,313007800,551950000000,4750000,STK
000157,KR7000152009,두산2우B,KOSPI,,608000,1,73000,13.64,578000,622000,560000,5010,2988709500,542967104000,893038,STK
460860,KR7460860000,동국제강,KOSPI,,10740,2,-210,-1.92,10600,10990,10390,317274,3413160280,532790102580,49608017,STK
002240,KR7002240000,고려제강,KOSPI,,19600,2,-750,-3.69,20150,20150,19330,19125,374495970,529200000000,27000000,STK
453340,KR7453340002,현대그린푸드,KOSPI,,16180,2,-540,-3.23,16500,16790,16160,40662,666958915,525390277660,32471587,STK
005420,KR7005420005,코스모화학,KOSPI,,13570,2,-620,-4.37,13920,13970,13550,141938,1943826960,521199653960,38408228,STK
003300,KR7003300001,한일홀딩스,KOSPI,,16750,1,430,2.63,16340,16860,16340,17758,294386655,516450807000,30832884,STK
003545,KR7003541000,대신증권우,KOSPI,,20500,2,-200,-0.97,20800,20800,20350,75466,1549464800,516429173500,25191667,STK
001530,KR7001530005,DI동일,KOSPI,,24850,1,150,0.61,24700,25200,23000,48361,1168938475,514783181850,20715621,STK
217590,KR7217590009,티엠씨,KOSPI,,21250,2,-1550,-6.8,21850,22200,20700,174761,3737632200,512002281250,24094225,STK
019170,KR7019170000,신풍제약,KOSPI,,9670,2,-390,-3.88,9990,9990,9660,112744,1098432120,506887107740,52418522,STK
284740,KR7284740008,쿠쿠홈시스,KOSPI,,22400,2,-300,-1.32,23000,23000,22100,11569,257661750,502596192000,22437330,STK
003280,KR7003280005,흥아해운,KOSPI,,2085,2,-15,-0.71,2120,2140,2015,4684538,9804567016,501285914415,240424899,STK
271940,KR7271940009,일진하이솔루스,KOSPI,,13640,2,-490,-3.47,14030,14320,13560,45906,631660800,495311911600,36313190,STK
268280,KR7268280005,미원에스씨,KOSPI,,98900,2,-1500,-1.49,99500,101800,98400,470,46547200,494500000000,5000000,STK
094800,KR7094800000,맵스리얼티,KOSPI,,5280,2,-220,-4.0,5600,5600,4900,39744,206539070,490165267680,92834331,STK
009410,KR7009410002,태영건설,KOSPI,,1641,2,-64,-3.75,1700,1704,1620,447267,737034410,488345317998,297590078,STK
377740,KR7377740006,바이오노트,KOSPI,,4765,2,-125,-2.56,4960,4960,4745,80895,385514033,485487018720,101886048,STK
031430,KR7031430002,신세계인터내셔날,KOSPI,,13820,2,-180,-1.29,14020,14030,13500,71145,971950145,483506520000,34986000,STK
009900,KR7009900002,명신산업,KOSPI,,9190,2,-450,-4.67,9380,9600,9110,210490,1945926970,482200522270,52470133,STK
011930,KR7011930005,신성이엔지,KOSPI,,23250,2,-750,-3.13,24000,24400,22350,517931,12085161450,478596948750,20584815,STK
020000,KR7020000006,한섬,KOSPI,,22050,2,-650,-2.86,22550,22600,21900,83620,1857053150,473567717700,21476994,STK
006405,KR7006401004,삼성SDI우,KOSPI,,292500,2,-3500,-1.18,295500,295500,279000,13342,3828994750,473234580000,1617896,STK
008730,KR7008730004,율촌화학,KOSPI,,18900,2,-740,-3.77,19310,19550,18770,73585,1403951560,468720000000,24800000,STK
014830,KR7014830004,유니드,KOSPI,,69200,2,-2100,-2.95,70000,71500,65500,24152,1677926500,468317920000,6767600,STK
448730,KR7448730002,삼성FN리츠,KOSPI,,5130,2,-210,-3.93,5210,5310,5070,65260,334996265,467086500000,91050000,STK
005945,KR7005941000,NH투자증권우,KOSPI,,24750,1,150,0.61,24600,25200,24000,66879,1653484425,467056458000,18870968,STK
016610,KR7016610008,DB증권,KOSPI,,10950,2,-50,-0.45,10840,11200,10550,80682,884125390,464787959550,42446389,STK
145990,KR7145990008,삼양사,KOSPI,,45050,1,2000,4.65,43500,45700,43150,12991,581468075,464620877450,10313449,STK
003000,KR7003000007,부광약품,KOSPI,,4630,2,-225,-4.63,4820,4845,4600,660684,3089475752,456817426730,98664671,STK
001200,KR7001200005,유진투자증권,KOSPI,,4700,2,-55,-1.16,4620,4895,4605,622523,2958537993,455272164600,96866418,STK
130660,KR7130660004,한전산업,KOSPI,,13960,3,0,0.0,13750,14400,13500,176035,2449420400,455096000000,32600000,STK
004690,KR7004690004,삼천리,KOSPI,,121300,2,-3300,-2.65,123500,123600,121000,9179,1116955200,439928050100,3626777,STK
000070,KR7000070003,삼양홀딩스,KOSPI,,56200,2,-700,-1.23,56400,56900,55700,9151,513503850,436291334200,7763191,STK
381970,KR7381970003,케이카,KOSPI,,8920,2,-160,-1.76,9100,9100,8900,96958,867999850,435481964160,48820848,STK
010820,KR7010820009,퍼스텍,KOSPI,,8890,2,-440,-4.72,9300,9490,8810,1135325,10389621460,433582528820,48771938,STK
034310,KR7034310003,NICE,KOSPI,,11730,2,-350,-2.9,12130,12150,11720,34517,411039720,431161451610,36757157,STK
012030,KR7012030003,DB,KOSPI,,2100,1,15,0.72,2085,2170,1980,924678,1889926610,422465259300,201173933,STK
072710,KR7072710007,농심홀딩스,KOSPI,,90700,2,-700,-0.77,90500,91800,89500,5974,540743150,420647553000,4637790,STK
015860,KR7015860000,일진홀딩스,KOSPI,,8480,2,-360,-4.07,8820,8960,8440,220856,1916259920,418466655840,49347483,STK
403550,KR7403550007,쏘카,KOSPI,,12710,2,-520,-3.93,12860,13040,12570,61381,783333520,417420574420,32841902,STK
027410,KR7027410000,BGF,KOSPI,,4340,2,-110,-2.47,4450,4450,4300,168591,734160605,415410872940,95716791,STK
004700,KR7004700001,조광피혁,KOSPI,,61800,2,-1600,-2.52,63400,63600,61400,627,39014800,410916728400,6649138,STK
015360,KR7015360001,INVENI,KOSPI,,15040,2,-80,-0.53,15120,15330,14810,36154,541808805,409840000000,27250000,STK
060980,KR7060980000,HL홀딩스,KOSPI,,44800,2,-150,-0.33,45300,45950,43500,18055,805145650,406732345600,9078847,STK
105840,KR7105840003,우진,KOSPI,,19980,2,-120,-0.6,20100,20700,19450,282139,5633689320,403549446600,20197670,STK
0120G0,KR70120G0001,삼양바이오팜,KOSPI,,53900,2,-3400,-5.93,56000,56600,53000,23113,1254916350,400793393000,7435870,STK
029530,KR7029530003,신도리코,KOSPI,,41200,2,-700,-1.67,41350,41850,40600,9892,406541350,400288034800,9715729,STK
357120,KR7357120005,코람코라이프인프라리츠,KOSPI,,4065,2,-250,-5.79,4180,4305,4050,222155,914721058,395668214010,97335354,STK
344820,KR7344820006,KCC글라스,KOSPI,,24600,2,-600,-2.38,25200,25200,24500,25903,638668050,392874595200,15970512,STK
090435,KR7090431008,아모레퍼시픽우,KOSPI,,37100,2,-300,-0.8,37400,37500,36500,11455,424081025,391695493000,10557830,STK
306200,KR7306200007,세아제강,KOSPI,,138100,2,-4100,-2.88,139600,143600,133600,11740,1623865200,391693030000,2836300,STK
002030,KR7002030005,아세아,KOSPI,,189800,2,-12200,-6.04,201500,201500,189800,2687,522316250,390770109600,2058852,STK
145720,KR7145720009,덴티움,KOSPI,,45250,2,-1450,-3.1,46700,46750,44800,30439,1378405025,390231067750,8623891,STK
417310,KR7417310000,코람코더원리츠,KOSPI,,9580,2,-210,-2.15,9790,9830,9560,135927,1307765060,387032000000,40400000,STK
950210,KR8702070002,프레스티지바이오파마,KOSPI,,6420,2,-510,-7.36,7150,7150,6410,135491,890104670,385817315100,60096155,STK
016590,KR7016590002,신대양제지,KOSPI,,9520,2,-230,-2.36,9590,9750,9350,24718,235303730,383635246400,40297820,STK
017810,KR7017810003,풀무원,KOSPI,,10020,2,-120,-1.18,10130,10170,9940,68313,683740305,381967830840,38120542,STK
002710,KR7002710002,TCC스틸,KOSPI,,14500,2,-740,-4.86,14930,15220,14300,156465,2288270165,380098606500,26213697,STK
089590,KR7089590004,제주항공,KOSPI,,4710,2,-150,-3.09,4860,4860,4700,251946,1191104512,379819039350,80640985,STK
092790,KR7092790005,넥스틸,KOSPI,,14480,2,-230,-1.56,14100,14700,13920,206066,2953884350,376508960000,26002000,STK
170900,KR7170900005,동아에스티,KOSPI,,38700,2,-1300,-3.25,39550,39900,38650,20522,802942375,376466595300,9727819,STK
02826K,KR702826K016,삼성물산우B,KOSPI,,255000,1,26000,11.35,232000,267500,230000,23600,5839679750,374235450000,1467590,STK
002810,KR7002810000,삼영무역,KOSPI,,20200,2,-650,-3.12,20800,20800,20100,11538,234059850,373032349600,18466948,STK
010690,KR7010690006,화신,KOSPI,,10660,2,-670,-5.91,11230,11320,10550,402611,4361009030,372251570600,34920410,STK
006220,KR7006220008,제주은행,KOSPI,,9760,2,-190,-1.91,9910,10190,9630,137322,1348434960,368913916320,37798557,STK
097520,KR7097520001,엠씨넥스,KOSPI,,21100,2,-800,-3.65,21900,22300,20900,55450,1180848725,367171650000,17401500,STK
126720,KR7126720002,수산인더스트리,KOSPI,,25700,2,-750,-2.84,26050,26500,24950,41821,1071052900,367150200000,14286000,STK
004710,KR7004710000,한솔테크닉스,KOSPI,,11590,2,-890,-7.13,12400,12450,11310,1516406,17688094545,364129022030,31417517,STK
005610,KR7005610001,삼립,KOSPI,,41600,2,-650,-1.54,42900,43000,39400,4779,198170750,358966774400,8629009,STK
183190,KR7183190008,아세아시멘트,KOSPI,,9810,2,-150,-1.51,9960,10040,9790,30699,303141795,358128058680,36506428,STK
200880,KR7200880003,서연이화,KOSPI,,13250,2,-300,-2.21,13310,13550,13010,62670,830294975,358126790250,27028437,STK
092200,KR7092200005,디아이씨,KOSPI,,9160,1,680,8.02,8880,9630,8600,2709463,24927767865,356219292040,38888569,STK
092230,KR7092230002,KPX홀딩스,KOSPI,,82800,2,-1500,-1.78,84400,84700,82500,1729,144642400,349800688800,4224646,STK
105630,KR7105630008,한세실업,KOSPI,,8680,2,-180,-2.03,8730,8820,8620,62019,539097635,347200000000,40000000,STK
029460,KR7029460003,케이씨,KOSPI,,31450,2,-450,-1.41,31700,32150,31000,24276,767544625,346595825750,11020535,STK
005950,KR7005950001,이수화학,KOSPI,,13170,2,-660,-4.77,13800,14120,12950,813840,10870817645,346294205730,26294169,STK
091810,KR7091810002,트리니티항공,KOSPI,,832,2,-43,-4.91,875,876,831,1309116,1103509803,343590611520,412969485,STK
018250,KR7018250001,애경산업,KOSPI,,12930,2,-1230,-8.69,13300,13340,12750,117532,1521455860,341480459550,26409935,STK
058430,KR7058430000,포스코스틸리온,KOSPI,,5690,2,-250,-4.21,5870,6010,5660,483615,2788004215,341400000000,60000000,STK
192650,KR7192650000,드림텍,KOSPI,,4935,2,-10,-0.2,4880,4965,4765,226543,1098562266,340387672065,68974199,STK
025860,KR7025860008,남해화학,KOSPI,,6830,2,-170,-2.43,7000,7100,6640,478588,3291502915,339306497690,49678843,STK
084690,KR7084690007,대상홀딩스,KOSPI,,9300,1,10,0.11,9230,9450,9180,53544,497454595,336776603400,36212538,STK
011760,KR7011760006,현대코퍼레이션,KOSPI,,25450,2,-2200,-7.96,26500,27600,25400,73133,1897441100,336677184700,13228966,STK
286940,KR7286940002,롯데이노베이트,KOSPI,,22200,2,-250,-1.11,22700,22950,21150,112328,2455775075,335871947400,15129367,STK
005720,KR7005720008,넥센,KOSPI,,6350,2,-310,-4.65,6660,6660,6320,29318,187517395,333654253950,52543977,STK
009290,KR7009290008,광동제약,KOSPI,,6590,2,-260,-3.8,6860,6950,6490,256077,1702067855,328180734720,49799808,STK
003720,KR7003720000,삼영,KOSPI,,9550,1,140,1.49,9300,9790,9010,885958,8360416660,324700000000,34000000,STK
016800,KR7016800005,퍼시스,KOSPI,,28150,2,-950,-3.26,29100,29500,28150,703,19900675,323725000000,11500000,STK
126560,KR7126560002,현대퓨처넷,KOSPI,,2940,2,-35,-1.18,2960,3030,2935,44028,131049625,321051057600,109201040,STK
194370,KR7194370003,제이에스코퍼레이션,KOSPI,,11010,2,-110,-0.99,11150,11580,10830,110183,1228462745,319474505580,29016758,STK
078520,KR7078520004,에이블씨엔씨,KOSPI,,12140,2,-180,-1.46,12250,12500,12030,60585,739812780,315811914540,26014161,STK
001390,KR7001390004,KG케미칼,KOSPI,,4650,2,-120,-2.52,4760,4760,4505,204585,949086233,312633589500,67233030,STK
104700,KR7104700000,한국철강,KOSPI,,8470,2,-220,-2.53,8710,8810,8360,19516,165438585,308731500000,36450000,STK
272450,KR7272450008,진에어,KOSPI,,5910,2,-220,-3.59,6060,6100,5840,165769,977745090,308502000000,52200000,STK
024720,KR7024720005,콜마홀딩스,KOSPI,,8960,2,-250,-2.71,9100,9200,8880,65897,592470940,307294480640,34296259,STK
009160,KR7009160003,SIMPAC,KOSPI,,4690,2,-250,-5.06,4940,4940,4680,126347,603618852,306589839920,65370968,STK
017860,KR7017860008,DS단석,KOSPI,,17190,2,-790,-4.39,17860,17860,17185,54797,952624360,305279599410,17759139,STK
000650,KR7000650002,천일고속,KOSPI,,212000,1,17800,9.17,194200,235000,184100,29117,6129924650,302994640000,1429220,STK
084010,KR7084010008,대한제강,KOSPI,,8810,2,-360,-3.93,9160,9160,8780,64627,572448215,302813760760,34371596,STK
034830,KR7034830000,한국토지신탁,KOSPI,,1192,2,-39,-3.17,1230,1231,1192,654052,786967772,300967162160,252489230,STK
002310,KR7002310001,아세아제지,KOSPI,,7620,2,-180,-2.31,7710,7800,7490,86316,655017025,300605266200,39449510,STK
007690,KR7007690001,국도화학,KOSPI,,32350,2,-850,-2.56,32950,32950,32150,7639,247628425,299587915200,9260832,STK
003555,KR7003551009,LG우,KOSPI,,98900,1,16800,20.46,87700,100600,87700,231090,22182940900,297807581100,3011199,STK
001940,KR7001940006,KISCO홀딩스,KOSPI,,21000,2,-900,-4.11,22350,22350,20850,4412,93376650,297703980000,14176380,STK
001340,KR7001340009,PKC,KOSPI,,6510,2,-470,-6.73,6870,6900,6470,1069470,7169527920,292775844480,44973248,STK
033270,KR7033270000,유나이티드제약,KOSPI,,18170,2,-380,-2.05,18700,18700,17770,30025,547067910,289098781750,15910775,STK
000430,KR7000430009,대원강업,KOSPI,,4645,2,-65,-1.38,4730,4855,4520,353374,1639684365,287990000000,62000000,STK
108670,KR7108670001,LX하우시스,KOSPI,,32100,2,-1300,-3.89,32650,33000,31900,40136,1295650450,287862207000,8967670,STK
026890,KR7026890004,스틱인베스트먼트,KOSPI,,7360,2,-530,-6.72,7890,7990,7340,211310,1631687990,285353360320,38770837,STK
001750,KR7001750009,한양증권,KOSPI,,22150,2,-1050,-4.53,22650,23200,22000,56258,1264359600,281937028100,12728534,STK
002900,KR7002900009,TYM,KOSPI,,6760,2,-280,-3.98,7040,7040,6680,219889,1501283395,279864000000,41400000,STK
017390,KR7017390006,서울가스,KOSPI,,56500,1,500,0.89,56500,56700,55200,3077,172254700,279675000000,4950000,STK
011500,KR7011500006,한농화성,KOSPI,,17710,2,-910,-4.89,18170,18620,17620,133678,2404124470,276932013820,15637042,STK
123890,KR7123890006,한국자산신탁,KOSPI,,2260,2,-40,-1.74,2270,2300,2240,195095,441858004,276565072760,122373926,STK
003920,KR7003920006,남양유업,KOSPI,,45600,2,-850,-1.83,46200,46550,45300,6871,314401850,273600000000,6000000,STK
096760,KR7096760004,JW홀딩스,KOSPI,,3700,2,-80,-2.12,3740,3815,3640,78635,290058863,273522285400,73924942,STK
005010,KR7005010004,휴스틸,KOSPI,,4835,2,-150,-3.01,4880,4995,4710,580482,2797491784,271669342625,56188075,STK
001230,KR7001230002,동국홀딩스,KOSPI,,1723,2,-327,-15.95,2040,2040,1711,3407890,5991887622,267939792945,155507715,STK
900140,KYG5307W1015,엘브이엠씨홀딩스,KOSPI,,1383,2,-76,-5.21,1459,1459,1380,824518,1149747687,267251517456,193240432,STK
005680,KR7005680004,삼영전자,KOSPI,,13300,2,-1060,-7.38,14260,14260,13150,90772,1223706555,266000000000,20000000,STK
004360,KR7004360004,세방,KOSPI,,13630,2,-90,-0.66,13710,13780,13410,41833,570503810,260545668890,19115603,STK
037710,KR7037710001,광주신세계,KOSPI,,34100,1,400,1.19,33750,34150,33400,10318,349216200,260086565200,7627172,STK
005500,KR7005500004,삼진제약,KOSPI,,19510,2,-840,-4.13,19990,20200,19410,186398,3665342970,259873200000,13320000,STK
002320,KR7002320000,한진,KOSPI,,16730,2,-380,-2.22,17110,17130,16660,18836,316906410,259626445680,15518616,STK
003120,KR7003120003,일성아이에스,KOSPI,,19500,2,-140,-0.71,19640,19940,19150,4582,89412880,259350000000,13300000,STK
001250,KR7001250000,GS글로벌,KOSPI,,3125,2,-120,-3.7,3240,3240,3075,711798,2241256354,257918012500,82533764,STK
128820,KR7128820008,대성산업,KOSPI,,5700,2,-100,-1.72,5800,5850,5570,271654,1549133240,257842224600,45235478,STK
000680,KR7000680009,LS네트웍스,KOSPI,,3225,2,-110,-3.3,3305,3370,3200,300062,979740097,254139726600,78803016,STK
005430,KR7005430004,한국공항,KOSPI,,80200,2,-2300,-2.79,82300,82300,76300,8465,667795400,253941671000,3166355,STK
034120,KR7034120006,SBS,KOSPI,,13600,1,290,2.18,13900,13960,13560,29520,403806300,252296836800,18551238,STK
03473K,KR703473K016,SK우,KOSPI,,445500,1,15500,3.6,430000,457500,430000,5437,2418140500,252213142500,566135,STK
122900,KR7122900004,아이마켓코리아,KOSPI,,7500,1,150,2.04,7390,7650,7340,202952,1518483500,250716300000,33428840,STK
334890,KR7334890001,이지스밸류플러스리츠,KOSPI,,3610,2,-145,-3.86,3755,3755,3545,201130,722551716,250709745630,69448683,STK
003960,KR7003960002,사조대림,KOSPI,,27200,2,-750,-2.68,27500,27600,26800,10501,284537925,249273502400,9164467,STK
475560,KR7475560009,더본코리아,KOSPI,,16740,2,-600,-3.46,17290,17430,16740,21286,359312060,248220217800,14827970,STK
088260,KR7088260005,이리츠코크렙,KOSPI,,3895,2,-205,-5.0,4100,4100,3790,144522,566236538,246715493050,63341590,STK
0030R0,KR70030R0007,대신밸류리츠,KOSPI,,4125,2,-55,-1.32,4180,4190,4080,44619,184261355,246592500000,59780000,STK
004430,KR7004430005,송원산업,KOSPI,,10250,2,-250,-2.38,10500,10590,10050,138113,1417368680,246000000000,24000000,STK
035510,KR7035510007,신세계 I&C,KOSPI,,17590,1,680,4.02,17370,18200,16360,485267,8390315600,245924031000,13980900,STK
006805,KR7006801005,미래에셋증권우,KOSPI,,17340,1,430,2.54,16520,17730,16390,98733,1686305155,244073505000,14075750,STK
009470,KR7009470006,삼화전기,KOSPI,,36750,2,-1400,-3.67,38000,38500,35050,98325,3641464750,243057885000,6613820,STK
037270,KR7037270006,YG PLUS,KOSPI,,3810,2,-60,-1.55,3845,3910,3700,311124,1185755282,242556449100,63663110,STK
001460,KR7001460005,BYC,KOSPI,,38700,2,-2000,-4.91,41850,41850,37850,4672,181971100,241726005000,6246150,STK
000490,KR7000490003,대동,KOSPI,,8360,2,-160,-1.88,8520,8590,8250,172495,1445897295,240992591400,28826865,STK
000320,KR7000320002,노루홀딩스,KOSPI,,17820,2,-630,-3.41,18450,18880,17800,8448,152013970,236848310820,13291151,STK
003200,KR7003200003,일신방직,KOSPI,,10220,2,-280,-2.67,10350,10680,10180,21968,225719980,234651200000,22960000,STK
348950,KR7348950007,제이알글로벌리츠,KOSPI,,1182,0,0,0.0,0,0,0,0,0,233298432000,197376000,STK
136490,KR7136490000,선진,KOSPI,,9770,2,-150,-1.51,9920,9920,9550,71802,700217190,232326731080,23779604,STK
010580,KR7010580009,에스엠벡셀,KOSPI,,2080,2,-230,-9.96,2350,2350,2070,759479,1645699189,231403660800,111251760,STK
003070,KR7003070000,코오롱글로벌,KOSPI,,9020,2,-280,-3.01,9300,9360,8990,18585,168670960,229324110180,25423959,STK
044450,KR7044450005,KSS해운,KOSPI,,9770,2,-140,-1.41,9900,9970,9600,82680,805245050,225549047600,23085880,STK
000050,KR7000050005,경방,KOSPI,,8210,2,-290,-3.41,8490,8600,8190,61950,513322180,225079366700,27415270,STK
003520,KR7003520004,영진약품,KOSPI,,1223,2,-76,-5.85,1299,1300,1203,666710,825842947,223677810013,182892731,STK
030210,KR7030210009,다올투자증권,KOSPI,,3660,2,-60,-1.61,3715,3790,3635,71536,264729840,222934647960,60911106,STK
000480,KR7000480004,CR홀딩스,KOSPI,,4745,2,-45,-0.94,4810,4810,4740,8740,41640065,222495375050,46890490,STK
244920,KR7244920005,에이플러스에셋,KOSPI,,9840,2,-260,-2.57,10230,10230,9410,40643,402346655,222459699120,22607693,STK
008490,KR7008490005,서흥,KOSPI,,19170,2,-790,-3.96,19610,20100,19150,46732,904249880,221779896210,11569113,STK
134380,KR7134380005,미원화학,KOSPI,,10080,2,-30,-0.3,10100,10100,10080,1902,19209140,221686214400,21992680,STK
037560,KR7037560000,LG헬로비전,KOSPI,,2860,4,660,30.0,2300,2860,2260,13487737,36466810698,221498033900,77446865,STK
004980,KR7004980009,성신양회,KOSPI,,9020,2,-80,-0.88,8900,9060,8850,92498,827966155,221134978460,24516073,STK
004380,KR7004380002,삼익THK,KOSPI,,10680,2,-430,-3.87,11210,11720,10550,217049,2373621670,221076000000,20700000,STK
000540,KR7000540005,흥국화재,KOSPI,,3440,2,-130,-3.64,3545,3620,3400,83978,290895310,220994698800,64242645,STK
226320,KR7226320000,잇츠한불,KOSPI,,10070,2,-510,-4.82,10320,10460,10000,36128,367069640,220828202050,21929315,STK
007160,KR7007160005,사조산업,KOSPI,,43750,2,-400,-0.91,44500,44750,43250,6403,279236350,218750000000,5000000,STK
001630,KR7001630003,종근당홀딩스,KOSPI,,43550,2,-1350,-3.01,44150,44750,43500,7340,321141975,218179446550,5009861,STK
210980,KR7210980009,SK디앤디,KOSPI,,11660,2,-430,-3.56,12170,12170,11620,21457,254512230,217078674120,18617382,STK
004560,KR7004560009,현대비앤지스틸,KOSPI,,14350,2,-350,-2.38,14980,14980,14080,79428,1139949275,216380937850,15078811,STK
009680,KR7009680000,모토닉,KOSPI,,9940,2,-110,-1.09,10070,10260,9900,39612,396124580,216026954360,21733094,STK
025000,KR7025000001,KPX케미칼,KOSPI,,49050,2,-850,-1.7,49950,49950,48850,5243,257897275,214775676450,4378709,STK
053690,KR7053690004,한미글로벌,KOSPI,,19600,2,-1150,-5.54,20150,20400,19470,175160,3459457965,214767980000,10957550,STK
241590,KR7241590009,화승엔터프라이즈,KOSPI,,3530,3,0,0.0,3520,3530,3360,97947,338919337,213880144280,60589276,STK
051905,KR7051901007,LG생활건강우,KOSPI,,101700,1,700,0.69,102400,102700,100400,7725,781943050,213189540300,2096259,STK
035150,KR7035150002,백산,KOSPI,,10520,2,-80,-0.75,10790,10790,10490,31534,332616330,210703407320,20028841,STK
003650,KR7003650009,미창석유,KOSPI,,120900,2,-2400,-1.95,123400,123400,119100,1613,195291050,210326344800,1739672,STK
010955,KR7010951002,S-Oil우,KOSPI,,52000,1,100,0.19,51900,52400,50200,15584,802789250,209140204000,4021927,STK
001790,KR7001790005,대한제당,KOSPI,,2420,2,-85,-3.39,2505,2510,2415,268456,656565858,208705434300,86241915,STK
001780,KR7001780006,알루코,KOSPI,,2155,2,-80,-3.58,2235,2235,2125,747989,1620119316,208668934460,96830132,STK
404990,KR7404990004,신한서부티엔디리츠,KOSPI,,3390,2,-180,-5.04,3470,3600,3385,81919,282459821,207578459760,61232584,STK
432320,KR7432320000,KB스타리츠,KOSPI,,1375,2,-72,-4.98,1447,1484,1375,778445,1087836262,207300891875,150764285,STK
033920,KR7033920000,무학,KOSPI,,7255,2,-205,-2.75,7410,7430,7200,93085,678073900,206767500000,28500000,STK
004310,KR7004310009,현대약품,KOSPI,,6460,2,-280,-4.15,6740,6740,6270,309913,2002875800,206720000000,32000000,STK
339770,KR7339770000,교촌에프앤비,KOSPI,,4125,1,95,2.36,4035,4185,4035,93352,383745989,206105955000,49965080,STK
007860,KR7007860000,서연,KOSPI,,8760,2,-80,-0.9,8840,8860,8520,63712,555535090,205683433440,23479844,STK
053210,KR7053210001,스카이라이프,KOSPI,,4310,2,-120,-2.71,4400,4495,4305,60796,264448980,204823936050,47522955,STK
033530,KR7033530007,SJG세종,KOSPI,,7340,2,-110,-1.48,7450,7650,7240,157585,1160179525,204205853740,27820961,STK
377190,KR7377190004,디앤디플랫폼리츠,KOSPI,,2305,2,-145,-5.92,2450,2450,2295,281250,657255669,203762000000,88400000,STK
117580,KR7117580001,대성에너지,KOSPI,,7390,2,-170,-2.25,7480,7560,7270,123787,915809070,203225000000,27500000,STK
487570,KR7487570004,HS효성,KOSPI,,54200,2,-1600,-2.87,55800,56800,54000,11743,643141900,201945243400,3725927,STK
298690,KR7298690009,에어부산,KOSPI,,1718,2,-84,-4.66,1802,1802,1650,211690,366912976,200387520000,116640000,STK
013890,KR7013890009,지누스,KOSPI,,9120,1,80,0.88,9360,9360,8820,43830,390809120,199963414560,21925813,STK
001080,KR7001080001,만호제강,KOSPI,,4810,2,-260,-5.13,5180,5180,4775,34731,169014150,199615000000,41500000,STK
039570,KR7039570007,HDC랩스,KOSPI,,7680,2,-50,-0.65,7730,7920,7510,11009,84763200,199354375680,25957601,STK
095570,KR7095570008,AJ네트웍스,KOSPI,,4340,2,-110,-2.47,4450,4455,4310,172106,751571463,196396974060,45252759,STK
012200,KR7012200002,계양전기,KOSPI,,7210,2,-340,-4.5,7550,7730,7010,951880,6947757725,196276597090,27222829,STK
012610,KR7012610002,경인양행,KOSPI,,4675,2,-290,-5.84,4980,4980,4555,659161,3114798643,194556506375,41616365,STK
003547,KR7003542008,대신증권2우B,KOSPI,,19790,2,-190,-0.95,19890,20100,19660,25883,513658735,194007960070,9803333,STK
102260,KR7102260007,동성케미컬,KOSPI,,3780,2,-105,-2.7,3885,3945,3755,115278,437694767,191531053980,50669591,STK
028100,KR7028100006,동아지질,KOSPI,,14120,2,-490,-3.35,14610,14620,14120,30838,439667140,189059768240,13389502,STK
003350,KR7003350006,한국화장품제조,KOSPI,,8340,2,-400,-4.58,8600,8860,8240,135016,1138505875,188984400000,22660000,STK
016580,KR7016580003,환인제약,KOSPI,,10140,2,-270,-2.59,10410,10410,10110,30837,313828700,188604709800,18600070,STK
001045,KR7001041003,CJ우,KOSPI,,83000,1,4000,5.06,80700,83800,80300,5825,478581500,187598509000,2260223,STK
003220,KR7003220001,대원제약,KOSPI,,8360,2,-370,-4.24,8730,8730,8250,64604,541062380,187494593880,22427583,STK
001130,KR7001130004,대한제분,KOSPI,,11090,2,-550,-4.73,11840,11840,11050,43382,485632075,187421000000,16900000,STK
000140,KR7000140004,하이트진로홀딩스,KOSPI,,8070,2,-250,-3.0,8320,8330,8060,21060,172028635,187278593550,23206765,STK
102460,KR7102460003,이연제약,KOSPI,,10040,2,-210,-2.05,10150,10320,9920,60839,613863335,186611582440,18586811,STK
000390,KR7000390005,SP삼화,KOSPI,,6810,2,-260,-3.68,7000,7060,6700,193478,1324996455,185255623890,27203469,STK
008350,KR7008350001,남선알미늄,KOSPI,,1435,2,-49,-3.3,1484,1484,1389,2018587,2894350608,185228494150,129079090,STK
100250,KR7100250000,진양홀딩스,KOSPI,,2895,2,-35,-1.19,2910,2945,2890,55989,162382198,184990500000,63900000,STK
002150,KR7002150001,도화엔지니어링,KOSPI,,5480,2,-180,-3.18,5650,5660,5460,93116,513958790,184785600000,33720000,STK
013580,KR7013580006,계룡건설,KOSPI,,20600,2,-500,-2.37,21150,21350,20200,59637,1228359500,183976684200,8930907,STK
084680,KR7084680008,이월드,KOSPI,,1292,2,-43,-3.22,1303,1359,1287,375013,488817251,183213601356,141806193,STK
092220,KR7092220003,KEC,KOSPI,,4560,2,-405,-8.16,4920,4965,4555,909753,4254814221,183095983680,40152628,STK
011690,KR7011690005,와이투솔루션,KOSPI,,4945,2,-135,-2.66,5090,5140,4700,365416,1820053801,181503228330,36704394,STK
003610,KR7003610003,방림,KOSPI,,4900,2,-250,-4.85,5150,5170,4895,118781,590555770,177390574200,36202158,STK
234080,KR7234080000,JW생명과학,KOSPI,,11090,2,-270,-2.38,11360,11360,11010,57477,639319470,175605203860,15834554,STK
002100,KR7002100006,경농,KOSPI,,8980,2,-30,-0.33,9010,9100,8870,17257,154849795,175312723500,19522575,STK
101530,KR7101530004,해태제과식품,KOSPI,,6000,2,-200,-3.23,6200,6200,5900,66099,397758060,174700932000,29116822,STK
000300,KR7000300004,DH오토넥스,KOSPI,,4200,0,0,0.0,0,0,0,0,0,174035631000,41437055,STK
025820,KR7025820002,이구산업,KOSPI,,5180,2,-70,-1.33,5120,5340,5000,283359,1463013370,173229560000,33442000,STK
003460,KR7003460003,유화증권,KOSPI,,3050,2,-40,-1.29,3095,3120,2970,94997,290659285,172942365750,56702415,STK
044820,KR7044820009,코스맥스비티아이,KOSPI,,18000,2,-120,-0.66,18120,18230,17700,27100,486282530,172870578000,9603921,STK
031440,KR7031440001,신세계푸드,KOSPI,,43750,1,950,2.22,42500,43750,40650,6575,279610900,169421000000,3872480,STK
462520,KR7462520008,조선내화,KOSPI,,14280,2,-210,-1.45,15000,15000,13600,19668,281119200,169291799040,11855168,STK
004150,KR7004150009,한솔홀딩스,KOSPI,,4120,2,-20,-0.48,4170,4185,3860,516950,2063063052,169029674400,41026620,STK
016880,KR7016880007,웅진,KOSPI,,2110,2,-10,-0.47,2160,2180,2000,331123,687600614,168646138800,79927080,STK
016450,KR7016450009,한세예스24홀딩스,KOSPI,,4210,2,-130,-3.0,4290,4335,4200,26435,111627710,168400000000,40000000,STK
460850,KR7460850001,동국씨엠,KOSPI,,5630,2,-20,-0.35,5600,5720,5550,78649,442359180,168329433280,29898656,STK
293480,KR7293480000,하나제약,KOSPI,,9370,2,-150,-1.58,9610,9700,9340,13305,124882790,166532504020,17772946,STK
011785,KR7011781002,금호석유화학우,KOSPI,,54900,2,-2100,-3.68,57000,57000,54600,7028,389899000,165989381400,3023486,STK
025560,KR7025560004,미래산업,KOSPI,,32500,2,-4500,-12.16,36950,37000,29600,287368,9058573850,165451910000,5090828,STK
097955,KR7097951008,CJ제일제당 우,KOSPI,,124500,2,-1500,-1.19,126000,126500,124100,7630,952270150,165265408500,1327433,STK
271980,KR7271980005,제일약품,KOSPI,,11110,2,-720,-6.09,11370,11710,11080,30973,345967825,163371127920,14704872,STK
000860,KR7000860007,강남제비스코,KOSPI,,12560,2,-760,-5.71,13570,13570,12550,21506,275675540,163280000000,13000000,STK
007570,KR7007570005,일양약품,KOSPI,,8490,2,-420,-4.71,8910,8910,8410,111351,951133895,162037287360,19085664,STK
017550,KR7017550005,수산세보틱스,KOSPI,,2590,2,-240,-8.48,2660,2670,2530,900885,2335599685,161613746700,62399130,STK
015230,KR7015230006,대창단조,KOSPI,,5950,2,-180,-2.94,6200,6210,5910,55213,332266330,161504539000,27143620,STK
018470,KR7018470005,조일알미늄,KOSPI,,1272,2,-10,-0.78,1285,1290,1225,909499,1147342394,161075549112,126631721,STK
400760,KR7400760005,NH올원리츠,KOSPI,,2930,2,-70,-2.33,3000,3000,2890,281677,827438363,160942775750,54929275,STK
004090,KR7004090007,한국석유,KOSPI,,12630,2,-20,-0.16,12550,12800,12250,163196,2051230870,160326735600,12694120,STK
071840,KR7071840003,롯데하이마트,KOSPI,,6690,2,-100,-1.47,6790,6900,6680,31235,209695850,157935593280,23607712,STK
077500,KR7077500007,유니퀘스트,KOSPI,,7300,3,0,0.0,7480,7640,7200,245308,1821001135,157680744600,21600102,STK
002170,KR7002170009,SYTS,KOSPI,,52000,2,-1600,-2.99,54400,54400,51700,3008,157066900,156000000000,3000000,STK
000020,KR7000020008,동화약품,KOSPI,,5560,2,-70,-1.24,5560,5660,5520,111237,618199515,155298973200,27931470,STK
000520,KR7000520007,삼일제약,KOSPI,,7120,2,-300,-4.04,7600,7600,7030,129280,923295420,154445694320,21691811,STK
213500,KR7213500002,한솔제지,KOSPI,,6460,2,-200,-3.0,6610,6650,6440,103547,673475925,153751720960,23800576,STK
081000,KR7081000002,일진다이아,KOSPI,,10760,2,-460,-4.1,11220,11220,10650,47779,520904770,152824011000,14202975,STK
090350,KR7090350000,노루페인트,KOSPI,,7600,2,-180,-2.31,7780,7880,7550,71240,543764035,152000000000,20000000,STK
005960,KR7005960000,동부건설,KOSPI,,6590,2,-350,-5.04,6970,6980,6540,88732,591898610,151218509170,22946663,STK
000970,KR7000970004,한국주철관,KOSPI,,6600,2,-100,-1.49,6680,6690,6580,63151,418277355,150483300000,22800500,STK
006060,KR7006060008,화승인더,KOSPI,,2715,2,-70,-2.51,2760,2765,2665,189547,512554455,150193800000,55320000,STK
003830,KR7003830007,대한화섬,KOSPI,,112000,2,-1000,-0.88,112500,113100,112000,179,20109600,148736000000,1328000,STK
298000,KR7298000001,효성화학,KOSPI,,38900,0,0,0.0,0,0,0,0,0,147501447900,3791811,STK
008970,KR7008970006,KBI동양철관,KOSPI,,1407,2,-34,-2.36,1439,1450,1360,769721,1081663938,146000038149,103766907,STK
003480,KR7003480001,한진중공업홀딩스,KOSPI,,4930,2,-210,-4.09,5090,5140,4885,68585,339004182,145581973160,29529812,STK
004970,KR7004970000,신라교역,KOSPI,,8980,2,-120,-1.32,9010,9060,8970,6568,59070180,143680000000,16000000,STK
019180,KR7019180009,티에이치엔,KOSPI,,7970,2,-260,-3.16,8230,8260,7810,377614,3002315490,143460000000,18000000,STK
002990,KR7002990000,금호건설,KOSPI,,3850,2,-220,-5.41,4065,4070,3830,154140,598874990,143450899900,37259974,STK
009070,KR7009070004,KCTC,KOSPI,,4765,2,-195,-3.93,4950,4950,4675,183416,874772885,142950000000,30000000,STK
094280,KR7094280005,효성ITX,KOSPI,,12360,1,80,0.65,12410,12410,12230,20945,258128190,142859352000,11558200,STK
006660,KR7006660005,삼성공조,KOSPI,,17560,1,1240,7.6,16330,19790,15350,6500472,118660285580,142698073840,8126314,STK
002220,KR7002220002,한일철강,KOSPI,,5310,1,335,6.73,4980,5350,4810,266982,1373224710,141763512600,26697460,STK
272550,KR7272550005,삼양패키징,KOSPI,,9340,2,-260,-2.71,9600,9670,9210,39696,371032935,140738912040,15068406,STK
317400,KR7317400000,자이에스앤디,KOSPI,,3620,2,-110,-2.95,3730,3825,3615,119070,438691673,140392722400,38782520,STK
015890,KR7015890007,태경산업,KOSPI,,4800,2,-40,-0.83,4810,4880,4785,39985,192014840,140298000000,29228750,STK
00279K,KR700279K010,아모레퍼시픽홀딩스3우C,KOSPI,,19650,2,-650,-3.2,20300,20300,19620,9793,192943815,139361730000,7092200,STK
210540,KR7210540001,디와이파워,KOSPI,,12570,2,-390,-3.01,12960,12960,12480,65435,826331330,138794269560,11041708,STK
001520,KR7001520006,동양,KOSPI,,579,2,-19,-3.18,598,602,570,603728,351212488,138198072477,238684063,STK
001360,KR7001360007,삼성제약,KOSPI,,1467,2,-48,-3.17,1510,1524,1455,710388,1050457590,138135769893,94162079,STK
214420,KR7214420002,토니모리,KOSPI,,5670,2,-100,-1.73,5770,5820,5500,117358,662066520,136390710330,24054799,STK
000700,KR7000700005,유수홀딩스,KOSPI,,5220,2,-130,-2.43,5300,5300,5000,69661,362798040,135938258640,26041812,STK
33626K,KR733626K013,두산퓨얼셀1우,KOSPI,,10080,2,-160,-1.56,10190,10350,9860,65004,649847000,134711136000,13364200,STK
214390,KR7214390007,경보제약,KOSPI,,5600,2,-130,-2.27,5730,5900,5500,50819,288317660,133878416000,23906860,STK
016740,KR7016740003,두올,KOSPI,,4665,1,85,1.86,4525,4695,4450,98917,450492355,133764321960,28674024,STK
007610,KR7007610009,선도전기,KOSPI,,7430,2,-240,-3.13,7670,8530,7060,1339338,10407182960,133740000000,18000000,STK
002780,KR7002780005,진흥기업,KOSPI,,913,2,-60,-6.17,973,975,905,1798436,1666822135,132815703185,145471745,STK
107590,KR7107590002,미원홀딩스,KOSPI,,57000,3,0,0.0,57000,57300,57000,531,30317800,132240000000,2320000,STK
014280,KR7014280002,금강공업,KOSPI,,4445,2,-210,-4.51,4550,4580,4405,105792,472991840,130368991865,29329357,STK
079430,KR7079430005,현대리바트,KOSPI,,6470,2,-320,-4.71,6800,6800,6410,59265,385875640,130138886940,20114202,STK
089470,KR7089470009,HDC현대EP,KOSPI,,4075,2,-145,-3.44,4190,4205,4005,75232,306156240,129992500000,31900000,STK
004960,KR7004960001,한신공영,KOSPI,,11120,2,-530,-4.55,11480,11550,11020,54050,602121700,128666206240,11570702,STK
020120,KR7020120002,키다리스튜디오,KOSPI,,3470,2,-250,-6.72,3670,4030,3305,375886,1347023980,128611268020,37063766,STK
078000,KR7078000007,텔코웨어,KOSPI,,13900,2,-290,-2.04,14390,14390,13520,11873,164992585,128437070300,9240077,STK
008040,KR7008040008,사조동아원,KOSPI,,905,2,-11,-1.2,916,922,896,211069,192351456,127735863000,141144600,STK
007540,KR7007540008,샘표,KOSPI,,43900,2,-350,-0.79,44250,44650,43600,6753,296355750,126247620000,2875800,STK
004080,KR7004080008,신흥,KOSPI,,13430,2,-170,-1.25,13530,13600,13410,6940,93451740,126242000000,9400000,STK
012800,KR7012800009,대창,KOSPI,,1383,2,-64,-4.42,1405,1447,1355,1043645,1454147763,126047310117,91140499,STK
009270,KR7009270000,신원,KOSPI,,1096,2,-37,-3.27,1159,1161,1080,339904,373231382,125788350728,114770393,STK
013520,KR7013520002,화승코퍼레이션,KOSPI,,2505,2,-110,-4.21,2635,2665,2485,108596,274785542,125378386260,50051252,STK
027970,KR7027970003,한국제지,KOSPI,,657,2,-33,-4.78,690,691,657,114243,76283134,124929023040,190150720,STK
010100,KR7010100006,한국무브넥스,KOSPI,,4090,2,-170,-3.99,4275,4280,3860,306884,1258069305,124542217800,30450420,STK
267290,KR7267290005,경동도시가스,KOSPI,,21100,2,-550,-2.54,21600,21600,21050,7505,158791300,124393066600,5895406,STK
011280,KR7011280005,태림포장,KOSPI,,1756,2,-62,-3.41,1817,1817,1715,87763,153084038,124335230640,70805940,STK
024090,KR7024090003,디씨엠,KOSPI,,10850,2,-360,-3.21,11130,11140,10770,12085,132076930,123690000000,11400000,STK
005800,KR7005800008,신영와코루,KOSPI,,13640,2,-480,-3.4,14180,14180,13610,3060,41902300,122760000000,9000000,STK
015590,KR7015590003,DKME,KOSPI,,2290,2,-135,-5.57,2405,2440,2265,404500,939573125,122277545320,53396308,STK
070960,KR7070960000,모나용평,KOSPI,,2515,2,-90,-3.45,2610,2645,2490,85710,216210047,121055332495,48133333,STK
009580,KR7009580002,무림P&P,KOSPI,,1939,2,-111,-5.41,2050,2050,1883,329679,642224186,120932180236,62368324,STK
350520,KR7350520003,이지스레지던스리츠,KOSPI,,3280,2,-85,-2.53,3345,3365,3260,137746,454161410,120921142560,36866202,STK
012320,KR7012320008,경동인베스트,KOSPI,,50600,2,-1600,-3.07,51800,51800,49700,19919,1003174000,119670163800,2365023,STK
002620,KR7002620003,제일파마홀딩스,KOSPI,,7430,2,-470,-5.95,8130,8130,7410,12481,94059945,118682027650,15973355,STK
035000,KR7035000009,HS애드,KOSPI,,7230,1,80,1.12,7150,7310,7060,24064,172360135,117181266120,16207644,STK
014580,KR7014580005,태경비케이,KOSPI,,4245,2,-20,-0.47,4250,4320,4155,93877,396578275,117090259500,27583100,STK
025620,KR7025620006,차AI헬스케어,KOSPI,,6400,2,-350,-5.19,6750,6900,6180,15645,99071385,116505427200,18203973,STK
014530,KR7014530000,극동유화,KOSPI,,3340,2,-25,-0.74,3365,3365,3255,163276,541506454,116463862800,34869420,STK
014710,KR7014710008,사조씨푸드,KOSPI,,6690,2,-310,-4.43,6810,7210,6480,39076,264010370,115192052670,17218543,STK
016710,KR7016710006,대성홀딩스,KOSPI,,7140,2,-100,-1.38,7240,7240,7100,23627,168847210,114878737260,16089459,STK
002450,KR7002450005,삼익악기,KOSPI,,1265,1,68,5.68,1197,1270,1163,387478,476437330,114521607475,90530915,STK
021820,KR7021820006,세원정공,KOSPI,,11360,2,-530,-4.46,11740,11770,11360,13837,159330315,113600000000,10000000,STK
083420,KR7083420000,그린케미칼,KOSPI,,4725,2,-170,-3.47,4895,5040,4700,41083,195748612,113400000000,24000000,STK
034590,KR7034590000,인천도시가스,KOSPI,,25800,2,-200,-0.77,25950,25950,25700,1901,49003475,112868653200,4374754,STK
227840,KR7227840006,현대코퍼레이션홀딩스,KOSPI,,12350,1,20,0.16,12100,12400,12010,18041,220658120,112395324600,9100836,STK
120030,KR7120030002,조선선재,KOSPI,,89000,2,-1400,-1.55,90400,90900,89000,2200,197507200,111930939000,1257651,STK
123690,KR7123690000,한국화장품,KOSPI,,6950,2,-190,-2.66,7000,7130,6740,87794,606807340,111672600000,16068000,STK
002390,KR7002390003,한독,KOSPI,,8070,2,-340,-4.04,8440,8500,8000,20772,168555560,111071711310,13763533,STK
004250,KR7004250007,NPC,KOSPI,,3020,2,-125,-3.97,3145,3150,3010,53304,162062810,110894400000,36720000,STK
011810,KR7011810009,STX,KOSPI,,3530,0,0,0.0,0,0,0,0,0,109493282310,31017927,STK
267850,KR7267850006,아시아나IDT,KOSPI,,9820,2,-140,-1.41,9950,10050,9680,15341,151072740,109002000000,11100000,STK
001290,KR7001290006,상상인증권,KOSPI,,1005,2,-7,-0.69,1005,1071,982,485950,500083749,108878805600,108337120,STK
084670,KR7084670009,동양고속,KOSPI,,37400,1,1100,3.03,36000,41750,34150,306012,11678432600,108294280600,2895569,STK
248170,KR7248170003,샘표식품,KOSPI,,23550,2,-250,-1.05,23800,24100,23050,12129,286403050,107583135300,4568286,STK
002460,KR7002460004,HS화성,KOSPI,,10430,2,-320,-2.98,10670,10750,10300,13735,143409250,105864500000,10150000,STK
007210,KR7007210008,벽산,KOSPI,,1613,2,-67,-3.99,1660,1678,1611,352653,575344521,105425680000,65360000,STK
014790,KR7014790000,HL D&I,KOSPI,,2760,2,-140,-4.83,2875,2910,2750,69549,193501865,104489738760,37858601,STK
011700,KR7011700002,한신기계,KOSPI,,3160,2,-60,-1.86,3220,3350,3090,238890,761645328,102529837160,32446151,STK
058850,KR7058850009,KTcs,KOSPI,,2475,2,-40,-1.59,2515,2515,2470,144112,358942886,102476013750,41404450,STK
067830,KR7067830000,세이브존I&C,KOSPI,,2495,2,-105,-4.04,2600,2600,2470,89886,224524575,102397033025,41040895,STK
013570,KR7013570007,디와이,KOSPI,,3885,2,-85,-2.14,3975,4035,3870,118016,460676927,102251774205,26319633,STK
139990,KR7139990006,아주스틸,KOSPI,,2630,2,-180,-6.41,2810,2820,2630,92850,250148063,101926738820,38755414,STK
119650,KR7119650000,KC코트렐,KOSPI,,918,0,0,0.0,0,0,0,0,0,100782913662,109785309,STK
264900,KR7264900002,크라운제과,KOSPI,,8030,2,-100,-1.23,8100,8180,8010,22793,183761400,100566515500,12523850,STK
023450,KR7023450000,동남합성,KOSPI,,28300,2,-600,-2.08,28800,29100,28100,1610,46057300,99050000000,3500000,STK
004100,KR7004100004,태양금속,KOSPI,,2685,2,-15,-0.56,2710,2735,2530,437383,1159162043,98539500000,36700000,STK
023800,KR7023800006,인지컨트롤스,KOSPI,,6220,2,-170,-2.66,6390,6400,6150,98248,610285480,98333205340,15809197,STK
014160,KR7014160006,대영포장,KOSPI,,892,2,-28,-3.04,920,921,881,731960,654326894,96687937708,108394549,STK
004140,KR7004140000,동방,KOSPI,,2015,2,-65,-3.13,2070,2080,1991,452059,913337948,96663108490,47971766,STK
078935,KR7078931003,GS우,KOSPI,,54300,2,-400,-0.73,54700,55400,54000,6836,373404200,96636406800,1779676,STK
036420,KR7036420008,콘텐트리중앙,KOSPI,,4980,2,-180,-3.49,5220,5220,4970,65529,327440697,95926293840,19262308,STK
055490,KR7055490007,테이팩스,KOSPI,,20100,1,1090,5.73,20000,22500,19250,163753,3483819005,95869965000,4769650,STK
036580,KR7036580009,팜스코,KOSPI,,2595,1,55,2.17,2540,2665,2465,296104,751811240,95309012085,36727943,STK
032560,KR7032560005,황금에스티,KOSPI,,5600,2,-190,-3.28,5800,5800,5570,48259,272113930,95200000000,17000000,STK
011000,KR7011000007,진원생명과학,KOSPI,,1040,2,-82,-7.31,1130,1130,914,2504842,2575081114,94518223280,90882907,STK
363280,KR7363280009,티와이홀딩스,KOSPI,,2070,2,-115,-5.26,2180,2180,2035,72106,150990805,94179479310,45497333,STK
019680,KR7019680008,대교,KOSPI,,1110,2,-42,-3.65,1142,1143,1100,75679,84023243,94020163500,84702850,STK
002210,KR7002210003,동성제약,KOSPI,,973,0,0,0.0,0,0,0,0,0,94010780311,96619507,STK
008700,KR7008700007,아남전자,KOSPI,,1210,2,-72,-5.62,1286,1378,1168,1257137,1568301053,93321032200,77124820,STK
001275,KR7001271006,부국증권우,KOSPI,,31000,2,-150,-0.48,31150,31200,31000,5286,164441150,93000000000,3000000,STK
009190,KR7009190000,대양금속,KOSPI,,2085,2,-230,-9.94,2405,2545,2005,2840776,6444895941,91711383375,43986275,STK
058860,KR7058860008,KTis,KOSPI,,2625,2,-45,-1.69,2665,2670,2615,99443,262504490,91355250000,34802000,STK
37550L,KR737550K029,DL이앤씨2우(전환),KOSPI,,43250,2,-2950,-6.39,46150,46150,42200,3910,169753450,91341880750,2111951,STK
006840,KR7006840003,AK홀딩스,KOSPI,,6810,2,-430,-5.94,7450,7450,6800,25192,173749905,90215890410,13247561,STK
163560,KR7163560006,동일고무벨트,KOSPI,,6430,2,-190,-2.87,6630,6630,6370,35734,230613960,89377000000,13900000,STK
004890,KR7004890000,동일산업,KOSPI,,36800,2,-850,-2.26,37500,37550,36750,1077,40000950,89247912000,2425215,STK
063160,KR7063160006,종근당바이오,KOSPI,,16230,2,-720,-4.25,16950,17000,16200,21017,345801140,89037163260,5485962,STK
008260,KR7008260002,NI스틸,KOSPI,,3090,2,-35,-1.12,3100,3190,3050,121998,378171790,88374361530,28600117,STK
023000,KR7023000003,삼원강재,KOSPI,,2220,2,-20,-0.89,2280,2285,2190,89380,198305100,88222702320,39739956,STK
014440,KR7014440002,영보화학,KOSPI,,4410,2,-55,-1.23,4460,4500,4370,9377,41501165,88200000000,20000000,STK
002700,KR7002700003,신일전자,KOSPI,,1253,1,27,2.2,1224,1285,1224,756167,950299567,87769543813,70047521,STK
005740,KR7005740006,크라운해태홀딩스,KOSPI,,5900,2,-390,-6.2,6380,6380,5880,106797,644407850,87599347300,14847347,STK
000230,KR7000230003,일동홀딩스,KOSPI,,7570,2,-40,-0.53,8200,8200,7400,24058,184332850,87360828000,11540400,STK
010660,KR7010660009,화천기계,KOSPI,,3965,2,-150,-3.65,4035,4260,3905,309665,1256002980,87230000000,22000000,STK
007110,KR7007110000,일신석재,KOSPI,,1111,2,-56,-4.8,1167,1177,1099,366146,409093752,86054293710,77456610,STK
001020,KR7001020007,페이퍼코리아,KOSPI,,2405,2,-170,-6.6,2575,2575,2395,28451,69777520,85609972110,35596662,STK
004840,KR7004840005,DRB동일,KOSPI,,4410,2,-120,-2.65,4530,4530,4335,19162,84395040,84991125240,19272364,STK
005870,KR7005870001,휴니드,KOSPI,,6010,2,-260,-4.15,6260,6260,6000,104018,633277890,84837250150,14116015,STK
000590,KR7000590000,CS홀딩스,KOSPI,,73400,2,-1300,-1.74,74200,74200,72700,526,38662400,84738978800,1154482,STK
109070,KR7109070003,주성코퍼레이션,KOSPI,,1592,1,223,16.29,1371,1668,1348,971715,1470601044,84073886160,52810230,STK
002600,KR7002600005,조흥,KOSPI,,139700,2,-100,-0.07,140500,140500,138500,95,13256000,83820000000,600000,STK
007980,KR7007980006,TP,KOSPI,,1787,2,-5,-0.28,1781,1803,1742,175042,310060168,83805564450,46897350,STK
002200,KR7002200004,한국수출포장,KOSPI,,2490,2,-115,-4.41,2605,2615,2485,48164,121406340,83414853090,33499941,STK
017370,KR7017370008,우신시스템,KOSPI,,4520,2,-210,-4.44,4700,4725,4500,78345,357043925,82779524080,18314054,STK
096775,KR7096771001,SK이노베이션우,KOSPI,,65800,2,-1800,-2.66,66200,67300,65300,7896,522613050,82146430800,1248426,STK
006890,KR7006890008,태경케미컬,KOSPI,,7080,2,-170,-2.34,7250,7280,7020,42495,301757285,82128000000,11600000,STK
000105,KR7000101006,유한양행우,KOSPI,,69500,2,-2100,-2.93,69200,71600,69000,2939,205344800,82075330000,1180940,STK
007460,KR7007460009,에이프로젠,KOSPI,,3660,2,-230,-5.91,3885,3885,3655,222468,826624326,82066723320,22422602,STK
35320K,KR735320K011,대덕전자1우,KOSPI,,39150,2,-50,-0.13,40350,40350,37300,41135,1595679000,82039568850,2095519,STK
003580,KR7003580008,HLB글로벌,KOSPI,,1605,2,-70,-4.18,1675,1679,1585,188372,303915476,81314925525,50663505,STK
007590,KR7007590003,동방아그로,KOSPI,,5950,2,-30,-0.5,5930,5970,5930,4510,26797930,81024583150,13617577,STK
095720,KR7095720009,웅진씽크빅,KOSPI,,1416,2,-127,-8.23,1530,1540,1406,130433,188235575,80467152360,56827085,STK
031820,KR7031820004,아이티센씨티에스,KOSPI,,6640,2,-110,-1.63,6790,6820,6460,55131,366761420,80378169440,12105146,STK
001470,KR7001470004,삼부토건,KOSPI,,347,0,0,0.0,0,0,0,0,0,79699592928,229681824,STK
085310,KR7085310001,엔케이,KOSPI,,10740,2,-950,-8.13,11580,12000,10740,130625,1485310825,79670114760,7418074,STK
111380,KR7111380002,동인기연,KOSPI,,12970,2,-420,-3.14,13390,13390,12900,16415,213847830,79480160000,6128000,STK
001260,KR7001260009,남광토건,KOSPI,,8020,2,-190,-2.31,8210,8210,7880,31074,248021410,78857227440,9832572,STK
009180,KR7009180001,한솔로지스틱스,KOSPI,,2765,2,-80,-2.81,2840,2845,2745,131738,365530237,77850856125,28155825,STK
000180,KR7000180000,성창기업지주,KOSPI,,5570,2,-230,-3.97,5940,5940,5530,16576,93363575,77703282400,13950320,STK
011150,KR7011150000,CJ씨푸드,KOSPI,,2105,2,-65,-3.0,2170,2170,2070,127564,267349218,75634277165,35930773,STK
010960,KR7010960003,삼호개발,KOSPI,,3125,2,-135,-4.14,3260,3400,3120,41292,131586725,75375000000,24120000,STK
002720,KR7002720001,국제약품,KOSPI,,3545,2,-145,-3.93,3680,3685,3530,92027,330247852,75011604440,21159832,STK
013870,KR7013870001,지엠비코리아,KOSPI,,3915,2,-15,-0.38,3900,4025,3850,59436,232474710,74667976200,19072280,STK
006090,KR7006090005,사조오양,KOSPI,,7920,2,-160,-1.98,8080,8130,7920,7103,57003630,74628092880,9422739,STK
005750,KR7005750005,대림바스,KOSPI,,4450,2,-135,-2.94,4550,4965,4400,27709,124326112,73835468000,16592240,STK
079980,KR7079980009,휴비스,KOSPI,,2125,2,-55,-2.52,2185,2190,2085,137921,293078920,73312500000,34500000,STK
000850,KR7000850008,화천기공,KOSPI,,33050,2,-1150,-3.36,34300,34300,32950,12885,429252550,72710000000,2200000,STK
069730,KR7069730000,DSR제강,KOSPI,,5000,2,-130,-2.53,5100,5130,4925,53578,268905565,72000000000,14400000,STK
001560,KR7001560002,제일연마,KOSPI,,9430,2,-320,-3.28,9810,9810,9350,4341,41159800,71668000000,7600000,STK
004720,KR7004720009,팜젠사이언스,KOSPI,,3145,2,-145,-4.41,3290,3305,3130,72246,231040791,71247977925,22654365,STK
120115,KR7120111000,코오롱인더우,KOSPI,,25700,2,-350,-1.34,26050,26350,24950,22709,580956825,71134002000,2767860,STK
007815,KR7007811003,코리아써우,KOSPI,,23950,1,1700,7.64,22300,23950,22300,4525,104936600,71004325500,2964690,STK
013700,KR7013700000,까뮤이앤씨,KOSPI,,1181,2,-66,-5.29,1211,1243,1168,175060,208703623,70565730230,59750830,STK
016090,KR7016090003,대현,KOSPI,,1585,2,-27,-1.67,1597,1640,1585,181518,291298338,70187461350,44282310,STK
100220,KR7100220003,비상교육,KOSPI,,5380,1,60,1.13,5320,5580,5300,48352,260137610,69922466580,12996741,STK
101140,KR7101140002,인바이오젠,KOSPI,,6950,2,-90,-1.28,7390,7630,6690,13241,92663270,69807301200,10044216,STK
014910,KR7014910004,성문전자,KOSPI,,3180,1,40,1.27,2980,3880,2932,7832847,27400770804,69506077260,21857257,STK
013360,KR7013360003,일성건설,KOSPI,,1286,2,-78,-5.72,1364,1371,1258,182089,236092560,69475995680,54024880,STK
010770,KR7010770006,평화홀딩스,KOSPI,,4730,1,55,1.18,4710,4865,4400,136280,636867836,69178454180,14625466,STK
071090,KR7071090005,하이스틸,KOSPI,,3390,2,-120,-3.42,3445,3490,3280,329071,1114560177,68449086690,20191471,STK
338100,KR7338100001,NH프라임리츠,KOSPI,,3655,2,-160,-4.19,3815,3815,3645,134492,499928218,68202300000,18660000,STK
003925,KR7003921004,남양유업우,KOSPI,,34100,2,-700,-2.01,34800,34800,32000,6954,234951450,68200000000,2000000,STK
018500,KR7018500009,동원금속,KOSPI,,1455,2,-75,-4.9,1528,1529,1445,205349,301600896,68028427515,46754933,STK
007280,KR7007280001,한국특강,KOSPI,,2210,2,-165,-6.95,2380,2460,2200,47509,107634766,67198707550,30406655,STK
009770,KR7009770009,삼정펄프,KOSPI,,26850,2,-500,-1.83,27650,27650,26400,1357,36217750,67124221350,2499971,STK
003010,KR7003010006,혜인,KOSPI,,5230,2,-340,-6.1,5410,5440,5180,151369,798858800,66487666810,12712747,STK
000220,KR7000220004,유유제약,KOSPI,,3860,2,-135,-3.38,4000,4045,3845,347289,1349457451,65744874860,17032351,STK
155660,KR7155660004,DSR,KOSPI,,4090,2,-55,-1.33,4105,4135,3960,79630,321196539,65440000000,16000000,STK
006880,KR7006880009,신송홀딩스,KOSPI,,5520,2,-220,-3.83,5740,5750,5520,45156,252649020,65295296160,11828858,STK
092780,KR7092780006,DYP,KOSPI,,4895,2,-155,-3.07,5000,5050,4865,58170,287819945,64459611700,13168460,STK
002795,KR7002791002,아모레퍼시픽홀딩스우,KOSPI,,9990,2,-280,-2.73,10270,10300,9930,15008,150603470,63747908280,6381172,STK
009200,KR7009200007,무림페이퍼,KOSPI,,1530,2,-61,-3.83,1592,1593,1511,127055,195690708,63662244300,41609310,STK
004440,KR7004440004,삼일씨엔에스,KOSPI,,4950,2,-240,-4.62,5130,5160,4800,59985,300384490,63023137650,12731947,STK
004540,KR7004540001,깨끗한나라,KOSPI,,1670,2,-86,-4.9,1756,1766,1664,103203,176401687,62191957310,37240693,STK
012690,KR7012690004,모나리자,KOSPI,,1695,2,-71,-4.02,1767,1767,1663,222553,376940783,61988277225,36571255,STK
378850,KR7378850002,화승알앤에이,KOSPI,,3255,2,-120,-3.56,3390,3390,3205,121055,395937565,61824242865,18993623,STK
010040,KR7010040004,한국내화,KOSPI,,1503,2,-115,-7.11,1618,1618,1467,233123,352574662,61723794186,41067062,STK
003780,KR7003780004,진양산업,KOSPI,,4705,2,-150,-3.09,4850,4930,4660,115235,548919995,61165000000,13000000,STK
068290,KR7068290006,삼성출판사,KOSPI,,6100,2,-430,-6.58,6450,6520,6100,40605,253371785,61000000000,10000000,STK
111110,KR7111110003,호전실업,KOSPI,,6690,2,-220,-3.18,6800,7050,6690,23391,158815440,60651540000,9066000,STK
000725,KR7000721001,현대건설우,KOSPI,,57000,2,-2400,-4.04,59300,59300,56100,8923,513157000,60117501000,1054693,STK
072130,KR7072130008,유엔젤,KOSPI,,4725,2,-65,-1.36,4790,4830,4640,36815,174249520,59986020150,12695454,STK
004060,KR7004060000,SG세계물산,KOSPI,,2960,2,-10,-0.34,2955,2965,2785,271128,780059273,59917788160,20242496,STK
021050,KR7021050000,서원,KOSPI,,1236,2,-51,-3.96,1258,1283,1200,511445,628752583,58678593240,47474590,STK
004830,KR7004830006,덕성,KOSPI,,3740,2,-190,-4.83,3915,3915,3725,149088,561391810,58643200000,15680000,STK
009835,KR7009831009,한화솔루션우,KOSPI,,22700,2,-500,-2.16,23200,23350,22000,11342,257019950,58460422300,2575349,STK
024900,KR7024900003,디와이덕양,KOSPI,,1781,2,-28,-1.55,1809,1820,1761,106493,191095091,57998229380,32564980,STK
001465,KR7001461003,BYC우,KOSPI,,26800,2,-900,-3.25,27750,27750,25000,2783,73095650,57723180000,2153850,STK
129260,KR7129260006,인터지스,KOSPI,,1938,2,-112,-5.46,2090,2090,1937,127495,252235239,57651379812,29747874,STK
001550,KR7001550003,조비,KOSPI,,11060,2,-270,-2.38,11330,11370,10600,38106,421168140,57426163340,5192239,STK
002630,KR7002630002,오리엔트바이오,KOSPI,,483,0,0,0.0,0,0,0,0,0,57275591415,118583005,STK
092440,KR7092440007,기신정기,KOSPI,,1954,2,-76,-3.74,2000,2005,1938,83212,163014366,57056800000,29200000,STK
480370,KR7480370006,씨케이솔루션,KOSPI,,1740,2,-124,-6.65,1849,1858,1715,153184,268393743,56517649920,32481408,STK
002760,KR7002760007,보락,KOSPI,,941,2,-32,-3.29,992,992,935,230875,218610338,56365900000,59900000,STK
372910,KR7372910000,한컴라이프케어,KOSPI,,2030,2,-30,-1.46,2040,2075,2000,143601,290355890,56179044180,27674406,STK
004770,KR7004770004,써니전자,KOSPI,,1564,2,-2,-0.13,1567,1604,1546,207735,324527276,55533633032,35507438,STK
005305,KR7005301007,롯데칠성우,KOSPI,,71600,2,-2200,-2.98,72700,74800,71200,2733,196134000,55512196000,775310,STK
023810,KR7023810005,인팩,KOSPI,,5540,2,-390,-6.58,5930,5930,5530,56210,315691050,55400000000,10000000,STK
214330,KR7214330003,금호에이치티,KOSPI,,2645,2,-235,-8.16,2880,2885,2595,141750,379759144,55317157055,20913859,STK
006980,KR7006980007,우성,KOSPI,,17900,2,-910,-4.84,18760,18770,17350,4455,80703080,55311000000,3090000,STK
004450,KR7004450003,삼화왕관,KOSPI,,25600,2,-250,-0.97,25900,25900,25350,528,13506450,55152102400,2154379,STK
011230,KR7011230000,삼화전자,KOSPI,,2870,2,-495,-14.71,3235,3235,2870,606197,1833005115,55005802950,19165785,STK
003465,KR7003461001,유화증권우,KOSPI,,3110,2,-20,-0.64,3240,3240,3110,168,529535,54351681750,17476425,STK
003475,KR7003471000,유안타증권우,KOSPI,,4170,2,-45,-1.07,4210,4270,4110,57692,242663305,53843924040,12912212,STK
075180,KR7075180000,새론오토모티브,KOSPI,,2795,2,-45,-1.58,2840,2840,2765,16609,46493605,53664000000,19200000,STK
002410,KR7002410009,범양건영,KOSPI,,1935,0,0,0.0,0,0,0,0,0,53173451700,27479820,STK
123700,KR7123700007,SJM,KOSPI,,3405,2,-100,-2.85,3510,3550,3310,31751,108623778,53134677690,15604898,STK
001620,KR7001620004,케이비아이동국실업,KOSPI,,2365,2,-100,-4.06,2465,2475,2310,172362,404487989,52641603190,22258606,STK
396690,KR7396690000,미래에셋글로벌리츠,KOSPI,,1327,2,-3,-0.23,1330,1365,1291,165584,220274192,52557082380,39605940,STK
000910,KR7000910000,유니온,KOSPI,,3360,2,-140,-4.0,3450,3490,3360,78255,265446047,52455039840,15611619,STK
006370,KR7006370001,대구백화점,KOSPI,,4815,2,-335,-6.5,5170,5210,4700,37385,182864225,52106056965,10821611,STK
011390,KR7011390002,부산산업,KOSPI,,49200,2,-2200,-4.28,50100,50600,48050,7826,383358925,51955200000,1056000,STK
047400,KR7047400007,유니온머티리얼,KOSPI,,1230,2,-76,-5.82,1306,1307,1177,393167,490421510,51660000000,42000000,STK
002140,KR7002140002,고려산업,KOSPI,,2070,2,-100,-4.61,2150,2170,2055,113846,238792765,51624609750,24939425,STK
004920,KR7004920005,씨아이테크,KOSPI,,988,1,18,1.86,970,1014,936,402097,387929014,51553713536,52179872,STK
025530,KR7025530007,SJM홀딩스,KOSPI,,3420,2,-140,-3.93,3620,3620,3375,34165,117611662,51074307360,14934008,STK
020760,KR7020760005,일진디스플,KOSPI,,902,0,0,0.0,0,0,0,0,0,50984432422,56523761,STK
37550K,KR737550K011,DL이앤씨우,KOSPI,,23850,2,-1200,-4.79,24900,24900,23650,10887,261500200,50416157250,2113885,STK
041650,KR7041650003,상신브레이크,KOSPI,,2345,2,-95,-3.89,2480,2480,2315,34791,82178300,50350550250,21471450,STK
058730,KR7058730003,다스코,KOSPI,,2505,2,-75,-2.91,2580,2720,2450,87425,221602154,49970293605,19948221,STK
023350,KR7023350002,한국종합기술,KOSPI,,4520,2,-90,-1.95,4565,4600,4440,33496,150553667,49494000000,10950000,STK
090080,KR7090080003,평화산업,KOSPI,,875,2,-34,-3.74,900,905,866,303880,267878634,48039476625,54902259,STK
006490,KR7006490007,인스코비,KOSPI,,319,2,-25,-7.27,344,345,307,717208,225715747,47175671004,147886116,STK
006125,KR7006121008,SK디스커버리우,KOSPI,,38300,2,-750,-1.92,38500,38950,38250,2035,78540200,47174301500,1231705,STK
28513K,KR728513K010,SK케미칼우,KOSPI,,22150,2,-650,-2.85,22800,23700,22150,5354,120184850,46856752350,2115429,STK
003080,KR7003080009,SB성보,KOSPI,,2335,2,-20,-0.85,2355,2395,2320,26481,61934807,46746700000,20020000,STK
017180,KR7017180001,명문제약,KOSPI,,1375,2,-55,-3.85,1429,1429,1359,124039,171572330,46685999250,33953454,STK
357250,KR7357250000,미래에셋맵스리츠,KOSPI,,1856,2,-113,-5.74,1980,1980,1837,80736,152755990,46390914880,24995105,STK
069460,KR7069460004,대호에이엘,KOSPI,,2660,0,0,0.0,0,0,0,0,0,46322277400,17414390,STK
002920,KR7002920007,유성기업,KOSPI,,1744,2,-32,-1.8,1738,1770,1738,21720,38004148,45252440000,25947500,STK
005030,KR7005030002,부산주공,KOSPI,,486,0,0,0.0,0,0,0,0,0,45092532168,92782988,STK
074610,KR7074610007,이엔플러스,KOSPI,,5110,0,0,0.0,0,0,0,0,0,44815400070,8770137,STK
004910,KR7004910006,조광페인트,KOSPI,,3450,2,-210,-5.74,3660,3675,3400,51243,179518770,44160000000,12800000,STK
004410,KR7004410007,서울식품,KOSPI,,1116,2,-84,-7.0,1201,1213,1102,1436488,1639319605,44031794508,39455013,STK
009320,KR7009320003,아진전자부품,KOSPI,,893,2,-36,-3.88,930,930,889,224976,202363865,44024694610,49299770,STK
000950,KR7000950006,전방,KOSPI,,26200,1,50,0.19,26050,26500,25450,991,25625250,44016000000,1680000,STK
011300,KR7011300001,우성머티리얼스,KOSPI,,2770,2,-80,-2.81,2960,3000,2715,53278,147940380,43922175370,15856381,STK
008870,KR7008870008,금비,KOSPI,,43800,2,-150,-0.34,43950,43950,43750,326,14294850,43800000000,1000000,STK
012280,KR7012280004,영화금속,KOSPI,,874,2,-37,-4.06,910,910,869,254751,224387236,43284417370,49524505,STK
011330,KR7011330008,유니켐,KOSPI,,477,2,-41,-7.92,518,533,474,495340,245767464,43019598249,90187837,STK
003060,KR7003060001,에이프로젠바이오로직스,KOSPI,,2965,2,-200,-6.32,3220,3290,2940,92249,276428492,42732688910,14412374,STK
133820,KR7133820001,화인베스틸,KOSPI,,1141,2,-85,-6.93,1249,1249,1133,148746,172664901,42347646782,37114502,STK
008420,KR7008420002,문배철강,KOSPI,,2050,2,-35,-1.68,2080,2090,2015,130268,267013165,42032185250,20503505,STK
019490,KR7019490002,엑시큐어하이트론,KOSPI,,541,0,0,0.0,0,0,0,0,0,41349858070,76432270,STK
093240,KR7093240000,형지엘리트,KOSPI,,673,2,-46,-6.4,719,719,670,675364,461429756,41315644307,61390259,STK
026940,KR7026940007,부국철강,KOSPI,,2065,2,-90,-4.18,2135,2155,2030,145507,301565456,41300000000,20000000,STK
011420,KR7011420007,갤럭시아에스엠,KOSPI,,1495,2,-50,-3.24,1525,1580,1485,143664,218401316,41186717780,27549644,STK
481850,KR7481850006,신한글로벌액티브리츠,KOSPI,,940,2,-10,-1.05,958,958,936,69349,65570435,40869004160,43477664,STK
009140,KR7009140005,경인전자,KOSPI,,26000,2,-450,-1.7,26600,26950,25550,3836,100276125,40840722000,1570797,STK
017040,KR7017040007,광명전기,KOSPI,,932,0,0,0.0,0,0,0,0,0,40390657180,43337615,STK
049800,KR7049800006,우진플라임,KOSPI,,1942,2,-88,-4.33,2030,2030,1900,95235,188139745,38840000000,20000000,STK
084870,KR7084870005,TBH글로벌,KOSPI,,1894,2,-70,-3.56,1964,1964,1868,73592,139253084,38747936864,20458256,STK
000215,KR7000211003,DL우,KOSPI,,22950,2,-900,-3.77,23100,23300,22850,4320,99251500,38696339250,1686115,STK
013000,KR7013000005,세우글로벌,KOSPI,,1348,1,4,0.3,1333,1381,1220,144370,187851028,38694381788,28705031,STK
007120,KR7007120009,미래아이앤지,KOSPI,,1332,2,-4,-0.3,1469,1469,1198,147548,192365770,38466305856,28878608,STK
134790,KR7134790005,시디즈,KOSPI,,19130,1,350,1.86,18780,19350,18780,1693,32223975,38260000000,2000000,STK
023960,KR7023960008,에쓰씨엔지니어링,KOSPI,,1002,2,-38,-3.65,1040,1074,982,315442,319783637,38112046950,38035975,STK
000890,KR7000890004,보해양조,KOSPI,,1360,2,-68,-4.76,1428,1428,1350,169403,230941537,37568674000,27624025,STK
000760,KR7000760009,이화산업,KOSPI,,13380,2,-540,-3.88,13910,13910,13220,1707,22738570,37464000000,2800000,STK
005320,KR7005320007,온타이드,KOSPI,,1095,3,0,0.0,1095,1125,1067,144315,159622543,37435690275,34187845,STK
145270,KR7145270005,케이탑리츠,KOSPI,,761,2,-9,-1.17,769,769,747,188747,142737595,36574249014,48060774,STK
027740,KR7027740000,마니커,KOSPI,,1141,2,-89,-7.24,1230,1239,1141,143538,168135820,36233155574,31755614,STK
014990,KR7014990006,인디에프,KOSPI,,475,2,-36,-7.05,506,509,467,230409,111163568,35678672625,75112995,STK
002870,KR7002870004,신풍,KOSPI,,1013,2,-17,-1.65,1030,1034,992,143878,145682621,35413163100,34958700,STK
002880,KR7002880003,디와이에이,KOSPI,,757,2,-38,-4.78,790,791,755,109657,83424104,35407914215,46773995,STK
003535,KR7003531001,한화투자증권우,KOSPI,,7330,2,-80,-1.08,7420,7580,7130,26041,191860360,35184000000,4800000,STK
001210,KR7001210004,금호전기,KOSPI,,565,2,-39,-6.46,604,613,562,687817,396201861,34962246895,61880083,STK
001380,KR7001380005,SG글로벌,KOSPI,,1530,2,-90,-5.56,1620,1620,1500,162971,249500178,34397568630,22482071,STK
006345,KR7006341002,대원전선우,KOSPI,,12970,2,-930,-6.69,13800,14310,12890,311200,4206717675,33996964000,2621200,STK
051630,KR7051630002,진양화학,KOSPI,,1600,2,-22,-1.36,1610,1677,1498,130652,207445680,33920000000,21200000,STK
002420,KR7002420008,세기상사,KOSPI,,5550,2,-330,-5.61,5710,5770,5310,38358,212792950,33133211400,5969948,STK
004365,KR7004361002,세방우,KOSPI,,8940,2,-250,-2.72,9180,9180,8860,1247,11161370,32981895000,3689250,STK
308170,KR7308170000,씨티알모빌리티,KOSPI,,3780,2,-295,-7.24,4050,4050,3705,48144,184209700,32545800000,8610000,STK
088790,KR7088790001,진도,KOSPI,,2610,2,-95,-3.51,2705,2735,2530,71812,188704496,32488611840,12447744,STK
025750,KR7025750001,한솔홈데코,KOSPI,,1992,2,-68,-3.3,2055,2055,1969,71899,143379337,32097153768,16113029,STK
005820,KR7005820006,원림,KOSPI,,13900,2,-630,-4.34,14530,14570,13800,2891,40986670,31941783000,2297970,STK
008250,KR7008250003,이건산업,KOSPI,,2890,2,-135,-4.46,3025,3050,2825,74679,218377014,31653115150,10952635,STK
001070,KR7001070002,대한방직,KOSPI,,5920,2,-330,-5.28,6220,6220,5870,31203,185996650,31376000000,5300000,STK
33626L,KR733626K021,두산퓨얼셀2우B,KOSPI,,10500,2,-190,-1.78,10650,10840,10370,12584,132933120,31356150000,2986300,STK
019175,KR7019171008,신풍제약우,KOSPI,,15710,2,-290,-1.81,16100,16100,15700,3954,62121140,31282223300,1991230,STK
002025,KR7002021004,코오롱우,KOSPI,,26950,2,-1400,-4.94,27600,28000,26800,2193,59306175,31273777150,1160437,STK
33637K,KR733637K010,솔루스첨단소재1우,KOSPI,,1838,2,-42,-2.23,1839,2000,1761,140793,264211126,31078311908,16908766,STK
090370,KR7090370008,메타랩스,KOSPI,,1229,2,-77,-5.9,1326,1329,1225,29986,37289019,30607862781,24904689,STK
012160,KR7012160008,영흥,KOSPI,,391,2,-25,-6.01,420,422,390,65324,26214782,30538475147,78103517,STK
010640,KR7010640001,진양폴리,KOSPI,,1781,2,-114,-6.02,1895,1895,1772,93516,168209334,29742700000,16700000,STK
004870,KR7004870002,티웨이홀딩스,KOSPI,,261,2,-11,-4.04,276,277,255,936856,246662653,29535671934,113163494,STK
003680,KR7003680006,한성기업,KOSPI,,4730,1,45,0.96,4650,4780,4525,22596,103823115,29371005950,6209515,STK
002690,KR7002690006,동일제강,KOSPI,,1415,2,-53,-3.61,1460,1485,1350,34060,49063899,28725009400,20300360,STK
000040,KR7000040006,KR모터스,KOSPI,,332,2,-2,-0.6,334,368,330,483244,165986221,28676561088,86375184,STK
009810,KR7009810003,플레이그램,KOSPI,,1874,2,-95,-4.82,1969,1969,1824,44901,83635746,28463717500,15188750,STK
006740,KR7006740005,블루산업개발,KOSPI,,5930,2,-570,-8.77,6440,6500,5840,31770,194895425,28155432450,4747965,STK
010400,KR7010400000,우진아이엔에스,KOSPI,,3575,2,-140,-3.77,3685,3725,3555,9847,35748630,27248650000,7622000,STK
012170,KR7012170007,아센디오,KOSPI,,1400,2,-172,-10.94,1572,1573,1338,506617,711238909,27150614400,19393296,STK
030720,KR7030720007,동원수산,KOSPI,,5830,2,-170,-2.83,5970,6080,5760,54435,318507730,27131683150,4653805,STK
014130,KR7014130009,한익스프레스,KOSPI,,2260,2,-135,-5.64,2415,2415,2255,20064,46190085,27120000000,12000000,STK
024070,KR7024070005,WISCOM,KOSPI,,1761,2,-56,-3.08,1802,1833,1653,125692,221052273,26989857318,15326438,STK
006570,KR7006570006,대림통상,KOSPI,,1771,2,-43,-2.37,1771,1812,1760,4788,8515400,26963475000,15225000,STK
002820,KR7002820009,SUN&L,KOSPI,,2135,2,-10,-0.47,2130,2140,2060,41082,86797925,26918056515,12607989,STK
005110,KR7005110002,한창,KOSPI,,1254,0,0,0.0,0,0,0,0,0,26467434378,21106407,STK
023150,KR7023150006,MH에탄올,KOSPI,,3565,2,-145,-3.91,3550,3705,3530,41834,151583293,26304445190,7378526,STK
143210,KR7143210003,핸즈코퍼레이션,KOSPI,,1199,0,0,0.0,0,0,0,0,0,26229020653,21875747,STK
002355,KR7002351005,넥센타이어1우B,KOSPI,,3980,2,-35,-0.87,4090,4090,3900,15593,62551611,25870000000,6500000,STK
069640,KR7069640001,한세엠케이,KOSPI,,1145,2,-85,-6.91,1151,1219,1132,39591,45807328,25651722395,22403251,STK
005360,KR7005360003,모나미,KOSPI,,1352,2,-42,-3.01,1357,1448,1347,74604,102174616,25549159064,18897307,STK
033250,KR7033250002,체시스,KOSPI,,3980,2,-110,-2.69,4090,4090,3865,15097,59531623,25472000000,6400000,STK
003495,KR7003491008,대한항공우,KOSPI,,22800,2,-50,-0.22,22850,23000,22550,3422,77562400,25326103200,1110794,STK
071950,KR7071950000,코아스,KOSPI,,2020,2,-210,-9.42,2230,2230,2010,74239,156833164,25167573900,12459195,STK
015260,KR7015260003,에이엔피,KOSPI,,534,1,17,3.29,480,575,470,1226704,642022523,25160421396,47116894,STK
446070,KR7446070005,유니드비티플러스,KOSPI,,2365,2,-75,-3.07,2500,2500,2270,22240,52491780,25095523475,10611215,STK
008775,KR7008771008,호텔신라우,KOSPI,,33350,2,-650,-1.91,34950,34950,32950,2551,85056500,25075164650,751879,STK
006200,KR7006200000,한국전자홀딩스,KOSPI,,2665,2,-235,-8.1,2900,2905,2660,83897,230512265,24946070955,9360627,STK
004270,KR7004270005,남성,KOSPI,,6830,2,-170,-2.43,7000,7000,6770,12299,84153950,24732905280,3621216,STK
024890,KR7024890006,대원화성,KOSPI,,2975,2,-220,-6.89,3560,3560,2975,44654,139086141,24543244250,8249830,STK
002360,KR7002360006,SH에너지화학,KOSPI,,2115,2,-105,-4.73,2225,2265,2065,103700,219847730,23504783895,11113373,STK
009310,KR7009310004,참엔지니어링,KOSPI,,5330,0,0,0.0,0,0,0,0,0,23329484620,4377014,STK
357430,KR7357430008,마스턴프리미어리츠,KOSPI,,761,2,-52,-6.4,811,811,750,102340,78774541,23214538627,30505307,STK
118000,KR7118000009,메타케어,KOSPI,,1340,2,-98,-6.82,1380,1429,1311,90835,122924068,23018166240,17177736,STK
009460,KR7009460007,한창제지,KOSPI,,1894,2,-64,-3.27,1958,1958,1864,35914,67952279,22602043318,11933497,STK
044380,KR7044380004,주연테크,KOSPI,,1680,2,-97,-5.46,1829,1829,1652,138329,235934894,21665810880,12896316,STK
025890,KR7025890005,한국주강,KOSPI,,1921,2,-41,-2.09,1946,1946,1883,63601,121794927,21408807336,11144616,STK
001685,KR7001681006,대상우,KOSPI,,15330,2,-100,-0.65,15220,15450,15180,7188,109897030,21005518590,1370223,STK
00499K,KR700499K014,롯데지주우,KOSPI,,25950,1,200,0.78,25500,25950,25000,1030,26267625,20905397850,805603,STK
001420,KR7001420009,태원물산,KOSPI,,2690,2,-145,-5.11,2835,2835,2670,14317,39009855,20444000000,7600000,STK
465770,KR7465770006,STX그린로지스,KOSPI,,2835,2,-245,-7.95,3080,3285,2800,58549,169759223,20329875720,7171032,STK
015020,KR7015020001,이스타코,KOSPI,,928,0,0,0.0,0,0,0,0,0,19883142400,21425800,STK
005257,KR7005252002,녹십자홀딩스2우,KOSPI,,22550,2,-250,-1.1,22450,22800,22300,850,19121950,19077074500,845990,STK
002070,KR7002070001,비비안,KOSPI,,7870,2,-60,-0.76,7930,8320,7690,24247,188248720,18922187280,2404344,STK
008600,KR7008600009,윌비스,KOSPI,,2620,0,0,0.0,0,0,0,0,0,17615839860,6723603,STK
009440,KR7009440009,KC그린홀딩스,KOSPI,,756,0,0,0.0,0,0,0,0,0,17568790596,23239141,STK
45226K,KR745226K018,한화갤러리아우,KOSPI,,5990,2,-210,-3.39,6300,6300,5990,16402,99256390,17397775300,2904470,STK
108675,KR7108671009,LX하우시스우,KOSPI,,16320,2,-450,-2.68,16770,16770,16230,3570,58281320,16847625600,1032330,STK
001770,KR7001770007,SHD,KOSPI,,13580,2,-890,-6.15,14220,14220,12910,3351,46065150,16498043240,1214878,STK
019685,KR7019681006,대교우B,KOSPI,,845,2,-6,-0.71,869,870,815,47333,39397085,16415806550,19426990,STK
011090,KR7011090008,에넥스,KOSPI,,1363,2,-51,-3.61,1399,1482,1362,81248,112573874,16353721064,11998328,STK
18064K,KR718064K016,한진칼우,KOSPI,,29700,1,300,1.02,29400,30400,28400,3363,99090350,15941950200,536766,STK
204210,KR7204210009,JK리버스톤리츠,KOSPI,,2035,0,0,0.0,0,0,0,0,0,15927568525,7826815,STK
00806K,KR700806K010,대덕1우,KOSPI,,12880,2,-520,-3.88,13530,13670,12880,10000,130769215,15615158160,1212357,STK
005725,KR7005721006,넥센우,KOSPI,,4325,1,20,0.46,4730,4730,4300,2122,9161655,15572595000,3600600,STK
00781K,KR700781K015,코리아써키트2우B,KOSPI,,19800,1,510,2.64,19200,19800,19200,2106,40775550,15517240200,783699,STK
000087,KR7000082008,하이트진로2우B,KOSPI,,13030,2,-220,-1.66,13060,13270,13010,4038,52822890,14725698140,1130138,STK
012205,KR7012201000,계양전기우,KOSPI,,12180,2,-1530,-11.16,14240,14900,11570,418389,5267590540,14239382220,1169079,STK
001795,KR7001791003,대한제당우,KOSPI,,2135,2,-65,-2.95,2200,2200,2090,46695,99868565,13840692600,6482760,STK
084695,KR7084691005,대상홀딩스우,KOSPI,,13750,1,140,1.03,13610,13820,13130,20037,270004960,12560377500,913482,STK
001755,KR7001751007,한양증권우,KOSPI,,22400,2,-1250,-5.29,23600,23600,22150,955,21591900,11760000000,525000,STK
38380K,KR738380K012,LX홀딩스1우,KOSPI,,8010,3,0,0.0,8010,8010,7880,2442,19311220,11736932850,1465285,STK
001515,KR7001511005,SK증권우,KOSPI,,5940,2,-10,-0.17,5950,6060,5940,28411,170826820,11620166580,1956257,STK
004105,KR7004101002,태양금속우,KOSPI,,3480,2,-40,-1.14,3580,3580,3360,50786,174585675,11484000000,3300000,STK
145995,KR7145991006,삼양사우,KOSPI,,30650,1,250,0.82,30400,31050,30400,320,9912400,11342645500,370070,STK
004255,KR7004251005,NPC우,KOSPI,,2110,2,-40,-1.86,2150,2150,2100,13256,27987598,11140800000,5280000,STK
33637L,KR733637K028,솔루스첨단소재2우B,KOSPI,,2755,2,-5,-0.18,2715,2930,2590,37303,103672905,10409205480,3778296,STK
001067,KR7001062009,JW중외제약2우B,KOSPI,,49250,2,-850,-1.7,50800,50800,49100,30,1503850,10341170250,209973,STK
008500,KR7008500001,일정실업,KOSPI,,1583,2,-255,-13.87,1899,1899,1583,47073,81465672,9498000000,6000000,STK
145210,KR7145210001,다이나믹디자인,KOSPI,,224,0,0,0.0,0,0,0,0,0,9461013632,42236668,STK
003075,KR7003071008,코오롱글로벌우,KOSPI,,12760,2,-620,-4.63,13200,13280,12700,1415,18216485,9451804120,740737,STK
000225,KR7000221002,유유제약1우,KOSPI,,3830,2,-155,-3.89,4045,4050,3800,22005,84424890,8682341900,2266930,STK
001065,KR7001061001,JW중외제약우,KOSPI,,24300,2,-50,-0.21,24350,24350,24300,45,1093600,8309409300,341951,STK
004835,KR7004831004,덕성우,KOSPI,,5860,2,-260,-4.25,5920,5920,5860,8492,49977100,8157120000,1392000,STK
004985,KR7004981007,성신양회우,KOSPI,,10250,2,-40,-0.39,10290,10290,10020,2635,26862270,7540361250,735645,STK
000325,KR7000321000,노루홀딩스우,KOSPI,,27300,2,-700,-2.5,27050,27300,27050,191,5188300,6649160700,243559,STK
26490K,KR726490K013,크라운제과우,KOSPI,,8330,2,-200,-2.34,8530,8530,8250,1006,8345820,6443754800,773560,STK
009415,KR7009411000,태영건설우,KOSPI,,8490,2,-1010,-10.63,8800,8800,8420,14151,121593820,5518279260,649974,STK
090355,KR7090351008,노루페인트우,KOSPI,,11650,2,-340,-2.84,11660,11660,11650,369,4299850,5395417900,463126,STK
000545,KR7000541003,흥국화재우,KOSPI,,6350,2,-180,-2.76,6360,6390,6350,5587,35576510,4876800000,768000,STK
000145,KR7000141002,하이트진로홀딩스우,KOSPI,,9700,2,-180,-1.82,9740,9740,9700,607,5897820,4566857000,470810,STK
014825,KR7014821003,동원시스템즈우,KOSPI,,15300,1,40,0.26,15860,15860,15200,235,3575140,4040898300,264111,STK
014285,KR7014281000,금강공업우,KOSPI,,6650,2,-100,-1.48,6750,6750,6650,271,1809650,3922668750,589875,STK
002995,KR7002991008,금호건설우,KOSPI,,13320,2,-670,-4.79,13630,13630,13310,3069,41261960,3892983120,292266,STK
36328K,KR736328K013,티와이홀딩스우,KOSPI,,3310,2,-205,-5.83,3455,3455,3275,4430,14564835,3889081190,1174949,STK
005745,KR7005741004,크라운해태홀딩스우,KOSPI,,6360,2,-340,-5.07,6740,6740,6360,496,3169460,3820617360,600726,STK
005965,KR7005961008,동부건설우,KOSPI,,16600,2,-320,-1.89,16920,16920,16600,353,5928170,3747151200,225732,STK
008355,KR7008351009,남선알미우,KOSPI,,11800,2,-250,-2.07,12050,12050,11800,1044,12393130,3633102000,307890,STK
140910,KR7140910001,에이리츠,KOSPI,,805,2,-293,-26.68,1015,1015,805,520145,470043651,3592740760,4463032,STK
007575,KR7007571003,일양약품우,KOSPI,,8000,2,-190,-2.32,8070,8070,8000,846,6803070,3560640000,445080,STK
004545,KR7004541009,깨끗한나라우,KOSPI,,9590,2,-110,-1.13,9890,9890,9490,434,4135370,3511474400,366160,STK
000227,KR7000222000,유유제약2우B,KOSPI,,10740,1,70,0.66,10670,10790,10670,154,1658460,3496514400,325560,STK
014915,KR7014911002,성문전자우,KOSPI,,4865,1,5,0.1,4840,5270,4840,24048,120992125,2919000000,600000,STK
001525,KR7001521004,동양우,KOSPI,,4680,2,-140,-2.9,4820,4820,4680,1557,7307030,2890981080,617731,STK
002785,KR7002781003,진흥기업우B,KOSPI,,3200,1,40,1.27,3200,3200,3200,6035,19312000,2743097600,857218,STK
011155,KR7011151008,CJ씨푸드1우,KOSPI,,11930,2,-160,-1.32,12000,12000,11890,36,428760,2386000000,200000,STK
002787,KR7002782001,진흥기업2우B,KOSPI,,7830,2,-10,-0.13,7620,7830,7620,15,116160,2308346640,294808,STK
001527,KR7001522002,동양2우B,KOSPI,,7390,2,-10,-0.14,7500,7500,7180,379,2739790,2280324910,308569,STK
004415,KR7004411005,서울식품우,KOSPI,,8720,2,-1350,-13.41,10070,10070,8720,12091,114601440,1939764000,222450,STK
